Time [s],Channel 0,Channel 1
0.000000000,0,0
0.701404600,0,1
0.701404800,0,0
1.261601400,0,1
1.784901600,1,1
2.253890600,0,1
2.253923000,1,1
2.303712200,0,1
2.303729600,1,1
2.303798800,0,1
2.303807400,1,1
2.303885400,0,1
2.303911400,1,1
2.303920000,0,1
2.303963200,1,1
2.303972000,0,1
2.304049800,1,1
2.304058400,0,1
2.304075800,1,1
2.304084400,0,1
2.304136400,1,1
2.304145000,0,1
2.304179600,1,1
2.304188200,0,1
2.304222800,1,1
2.304231600,0,1
2.304309400,1,1
2.304318000,0,1
2.304344000,1,1
2.304352600,0,1
2.304361400,1,1
2.304370000,0,1
2.304387200,1,1
2.304404600,0,1
2.304422000,1,1
2.304439200,0,1
2.304456600,1,1
2.304465200,0,1
2.304473800,1,1
2.322002200,1,0
2.322019400,1,1
2.322088800,1,0
2.322097400,1,1
2.322175400,1,0
2.322184000,1,1
2.322210000,1,0
2.322253200,1,1
2.322262000,1,0
2.322339800,1,1
2.322348600,1,0
2.322357200,1,1
2.322400600,1,0
2.322426400,1,1
2.322435200,1,0
2.322513000,1,1
2.322521800,1,0
2.322556400,1,1
2.322565200,1,0
2.322599600,1,1
2.322608400,1,0
2.322617000,1,1
2.322625800,1,0
2.322686200,1,1
2.322695000,1,0
2.322712200,1,1
2.322721000,1,0
2.322772800,1,1
2.322781600,1,0
2.322859400,1,1
2.322868200,1,0
2.322946000,1,1
2.322954800,1,0
2.322972000,1,1
2.322980800,1,0
2.323032600,1,1
2.323041400,1,0
2.323050000,1,1
2.323058800,1,0
2.323119200,1,1
2.323128000,1,0
2.323205800,1,1
2.323214600,1,0
2.323223200,1,1
2.323240600,1,0
2.323292400,1,1
2.323301200,1,0
2.323309800,1,1
2.323327200,1,0
2.323344400,1,1
2.323370400,1,0
2.323379000,1,1
2.323387800,1,0
2.323405000,1,1
2.323422400,1,0
2.323465600,1,1
2.323474400,1,0
2.323517600,1,1
2.323535000,1,0
2.323552200,1,1
2.323561000,1,0
2.323578200,1,1
2.323604200,1,0
2.323612800,1,1
2.323621600,1,0
2.323638800,1,1
2.323647600,1,0
2.323656200,1,1
2.323673600,1,0
2.323690800,1,1
2.323708200,1,0
2.323725400,1,1
2.323734200,1,0
2.323751400,1,1
2.323777400,1,0
2.323786000,1,1
2.323794800,1,0
2.323812000,1,1
2.323820800,1,0
2.323829400,1,1
2.323846800,1,0
2.323864000,1,1
2.323881400,1,0
2.323898600,1,1
2.323907400,1,0
2.323985200,1,1
2.323994000,1,0
2.324019800,1,1
2.324028600,1,0
2.324071800,1,1
2.324080600,1,0
2.324097800,1,1
2.324106400,1,0
2.324158400,1,1
2.324167000,1,0
2.324245000,1,1
2.324253600,1,0
2.324331600,1,1
2.324340200,1,0
2.324348800,1,1
2.324357600,1,0
2.324366200,1,1
2.324375000,1,0
2.324418200,1,1
2.324426800,1,0
2.324444000,1,1
2.324452800,1,0
2.324504800,1,1
2.324513400,1,0
2.324591400,1,1
2.324600000,1,0
2.324677800,1,1
2.324686600,1,0
2.324695200,1,1
2.324721200,1,0
2.324764400,1,1
2.324773200,1,0
2.324790400,1,1
2.324799200,1,0
2.324851000,1,1
2.324859800,1,0
2.324937600,1,1
2.324946400,1,0
2.325024200,1,1
2.325033000,1,0
2.325110800,1,1
2.325119600,1,0
2.325128200,1,1
2.325137000,1,0
2.325171400,1,1
2.325206200,1,0
2.325223400,1,1
2.325232200,1,0
2.325240800,1,1
2.325258200,1,0
2.325284000,1,1
2.326264000,0,1
2.326281400,1,1
2.326350600,0,1
2.326359200,1,1
2.326437200,0,1
2.326445800,1,1
2.326463200,0,1
2.326515000,1,1
2.326523800,0,1
2.326601600,1,1
2.326610200,0,1
2.326618800,1,1
2.326627600,0,1
2.326636200,1,1
2.326644800,0,1
2.326688200,1,1
2.326696800,0,1
2.326731400,1,1
2.326740000,0,1
2.326774600,1,1
2.326783400,0,1
2.326800600,1,1
2.326809200,0,1
2.326861200,1,1
2.326869800,0,1
2.326878600,1,1
2.326887200,0,1
2.326947800,1,1
2.326956400,0,1
2.327034200,1,1
2.327043000,0,1
2.327120800,1,1
2.327129400,0,1
2.327138200,1,1
2.327146800,0,1
2.327164000,1,1
2.327172800,0,1
2.327190000,1,1
2.327216000,0,1
2.327224600,1,1
2.327233400,0,1
2.327250600,1,1
2.327285200,0,1
2.327293800,1,1
2.341989000,1,0
2.342006400,1,1
2.342075600,1,0
2.342084200,1,1
2.342162200,1,0
2.342170800,1,1
2.342196800,1,0
2.342240000,1,1
2.342248800,1,0
2.342326600,1,1
2.342335400,1,0
2.342344000,1,1
2.342387400,1,0
2.342413200,1,1
2.342422000,1,0
2.342499800,1,1
2.342508600,1,0
2.342543200,1,1
2.342551800,1,0
2.342586400,1,1
2.342595200,1,0
2.342603800,1,1
2.342612400,1,0
2.342673000,1,1
2.342681800,1,0
2.342699000,1,1
2.342707600,1,0
2.342759600,1,1
2.342768200,1,0
2.342846200,1,1
2.342854800,1,0
2.342932800,1,1
2.342941400,1,0
2.342958600,1,1
2.342967400,1,0
2.343019200,1,1
2.343028000,1,0
2.343036600,1,1
2.343045400,1,0
2.343105800,1,1
2.343114600,1,0
2.343192400,1,1
2.343201200,1,0
2.343209800,1,1
2.343227200,1,0
2.343279000,1,1
2.343287800,1,0
2.343296400,1,1
2.343313800,1,0
2.343331000,1,1
2.343357000,1,0
2.343365600,1,1
2.343374400,1,0
2.343391600,1,1
2.343409000,1,0
2.343452200,1,1
2.343461000,1,0
2.343504200,1,1
2.343521600,1,0
2.343538800,1,1
2.343556200,1,0
2.343573400,1,1
2.343599600,1,0
2.343608000,1,1
2.343616800,1,0
2.343634000,1,1
2.343642800,1,0
2.343651400,1,1
2.343668800,1,0
2.343686000,1,1
2.343703400,1,0
2.343720600,1,1
2.343738000,1,0
2.343755200,1,1
2.343781400,1,0
2.343790000,1,1
2.343798600,1,0
2.343815800,1,1
2.343824600,1,0
2.343833200,1,1
2.343850600,1,0
2.343867800,1,1
2.343885200,1,0
2.343902400,1,1
2.343919800,1,0
2.343997800,1,1
2.344006400,1,0
2.344032400,1,1
2.344041200,1,0
2.344084400,1,1
2.344093000,1,0
2.344110200,1,1
2.344119000,1,0
2.344170800,1,1
2.344179600,1,0
2.344257400,1,1
2.344266200,1,0
2.344344000,1,1
2.344352800,1,0
2.344361400,1,1
2.344370200,1,0
2.344378600,1,1
2.344387400,1,0
2.344430600,1,1
2.344439400,1,0
2.344456600,1,1
2.344465400,1,0
2.344517200,1,1
2.344526000,1,0
2.344603800,1,1
2.344612600,1,0
2.344690400,1,1
2.344699200,1,0
2.344707600,1,1
2.344733800,1,0
2.344777000,1,1
2.344785800,1,0
2.344803000,1,1
2.344811600,1,0
2.344863600,1,1
2.344872400,1,0
2.344950200,1,1
2.344958800,1,0
2.345036800,1,1
2.345045400,1,0
2.345123200,1,1
2.345132000,1,0
2.345140600,1,1
2.345149400,1,0
2.345184000,1,1
2.345218600,1,0
2.345235800,1,1
2.345244600,1,0
2.345253200,1,1
2.345270600,1,0
2.345296400,1,1
3.345672800,0,1
3.345690000,1,1
3.345759200,0,1
3.345768000,1,1
3.345845800,0,1
3.345854400,1,1
3.345863200,0,1
3.345923800,1,1
3.345932400,0,1
3.346010200,1,1
3.346018800,0,1
3.346036200,1,1
3.346044800,0,1
3.346096800,1,1
3.346105400,0,1
3.346114000,1,1
3.346131400,0,1
3.346183400,1,1
3.346192000,0,1
3.346269800,1,1
3.346278600,0,1
3.346313200,1,1
3.346321800,0,1
3.346339000,1,1
3.346347800,0,1
3.346356400,1,1
3.346365000,0,1
3.346391000,1,1
3.346417000,0,1
3.346425600,1,1
3.346434200,0,1
3.346443000,1,1
4.345662200,0,1
4.345679600,1,1
4.345748800,0,1
4.345757400,1,1
4.345835400,0,1
4.345844000,1,1
4.345852600,0,1
4.345913200,1,1
4.345922000,0,1
4.345999800,1,1
4.346008400,0,1
4.346025800,1,1
4.346034400,0,1
4.346086400,1,1
4.346095000,0,1
4.346103600,1,1
4.346121000,0,1
4.346172800,1,1
4.346181600,0,1
4.346259400,1,1
4.346268000,0,1
4.346302600,1,1
4.346311400,0,1
4.346328600,1,1
4.346337200,0,1
4.346346000,1,1
4.346354600,0,1
4.346380600,1,1
4.346406600,0,1
4.346415200,1,1
4.346423800,0,1
4.346432400,1,1
4.395681200,0,1
4.395698600,1,1
4.395767800,0,1
4.395776400,1,1
4.395854400,0,1
4.395863000,1,1
4.395871600,0,1
4.395932200,1,1
4.395940800,0,1
4.396018800,1,1
4.396027400,0,1
4.396044600,1,1
4.396053400,0,1
4.396105200,1,1
4.396114000,0,1
4.396122600,1,1
4.396139800,0,1
4.396191800,1,1
4.396200400,0,1
4.396278400,1,1
4.396287000,0,1
4.396321600,1,1
4.396330200,0,1
4.396347600,1,1
4.396356200,0,1
4.396364800,1,1
4.396373600,0,1
4.396399600,1,1
4.396425400,0,1
4.396434200,1,1
4.396442800,0,1
4.396451400,1,1
5.334341600,1,0
5.341000000,0,0
129.421872000,1,0
129.890861800,0,0
129.890894000,1,0
129.940683400,0,0
129.940700600,1,0
129.940769800,0,0
129.940778400,1,0
129.940856400,0,0
129.940882400,1,0
129.940891000,0,0
129.940934200,1,0
129.940943000,0,0
129.941020800,1,0
129.941029400,0,0
129.941046800,1,0
129.941055400,0,0
129.941107400,1,0
129.941116000,0,0
129.941150600,1,0
129.941159200,0,0
129.941193800,1,0
129.941202600,0,0
129.941280400,1,0
129.941289000,0,0
129.941315000,1,0
129.941323600,0,0
129.941332400,1,0
129.941341000,0,0
129.941358400,1,0
129.941375600,0,0
129.941393000,1,0
129.941410200,0,0
129.941427600,1,0
129.941436200,0,0
129.941444800,1,0
129.966973400,1,1
129.967068800,1,0
129.967077400,1,1
129.967164200,1,0
129.967172800,1,1
129.967198800,1,0
129.967242200,1,1
129.967259600,1,0
129.967337400,1,1
129.967354800,1,0
129.967372000,1,1
129.967380800,1,0
129.967406800,1,1
129.967415600,1,0
129.967424000,1,1
129.967450200,1,0
129.967528000,1,1
129.967545400,1,0
129.967580000,1,1
129.967588800,1,0
129.967623400,1,1
129.967640800,1,0
129.967649400,1,1
129.967658200,1,0
129.967718800,1,1
129.967736200,1,0
129.967753400,1,1
129.967762200,1,0
129.967814000,1,1
129.967831400,1,0
129.967909400,1,1
129.967944000,1,0
129.968022000,1,1
129.968039400,1,0
129.968056600,1,1
129.968065400,1,0
129.968117200,1,1
129.968134800,1,0
129.968143200,1,1
129.968152000,1,0
129.968212600,1,1
129.968230000,1,0
129.968308000,1,1
129.968325400,1,0
129.968334000,1,1
129.968351400,1,0
129.968403200,1,1
129.968420600,1,0
129.968429200,1,1
129.968446600,1,0
129.968464000,1,1
129.968490000,1,0
129.968498600,1,1
129.968516000,1,0
129.968533200,1,1
129.968550600,1,0
129.968594000,1,1
129.968611400,1,0
129.968654600,1,1
129.968672000,1,0
129.968689200,1,1
129.968706600,1,0
129.968723800,1,1
129.968750000,1,0
129.968758600,1,1
129.968767200,1,0
129.968784600,1,1
129.968819200,1,0
129.968827800,1,1
129.968845200,1,0
129.968862600,1,1
129.968880000,1,0
129.968897200,1,1
129.968914600,1,0
129.968931800,1,1
129.968958000,1,0
129.968966600,1,1
129.968975200,1,0
129.968992400,1,1
129.969010000,1,0
129.969018400,1,1
129.969036000,1,0
129.969053200,1,1
129.969070600,1,0
129.969087800,1,1
129.969105200,1,0
129.969183200,1,1
129.969200600,1,0
129.969226400,1,1
129.969235200,1,0
129.969278400,1,1
129.969295800,1,0
129.969313000,1,1
129.969321800,1,0
129.969373800,1,1
129.969391200,1,0
129.969469000,1,1
129.969486400,1,0
129.969564400,1,1
129.969581800,1,0
129.969590400,1,1
129.969599200,1,0
129.969607800,1,1
129.969616400,1,0
129.969659800,1,1
129.969694400,1,0
129.969711600,1,1
129.969720400,1,0
129.969772400,1,1
129.969789800,1,0
129.969867600,1,1
129.969885000,1,0
129.969963000,1,1
129.969980400,1,0
129.969997600,1,1
129.970015000,1,0
129.970058400,1,1
129.970075800,1,0
129.970101600,1,1
129.970110400,1,0
129.970119000,1,1
129.970145000,1,0
129.970153600,1,1
129.970171000,1,0
129.970240400,1,1
129.970266400,1,0
129.970344200,1,1
129.970361800,1,0
129.970439600,1,1
129.970457000,1,0
129.970535000,1,1
129.970569800,1,0
129.970647600,1,1
129.970665000,1,0
129.970742800,1,1
129.970760400,1,0
129.970838200,1,1
129.970855600,1,0
129.970933600,1,1
129.970951000,1,0
129.971028800,1,1
129.971046400,1,0
129.971124200,1,1
129.971141600,1,0
129.971219600,1,1
129.971237000,1,0
129.971314800,1,1
129.971332200,1,0
129.971410200,1,1
129.971427600,1,0
129.971505600,1,1
129.971523000,1,0
129.971600800,1,1
129.971618200,1,0
129.971696200,1,1
129.971713600,1,0
129.971791400,1,1
129.971826200,1,0
129.971904200,1,1
129.971921600,1,0
129.971999400,1,1
129.972016800,1,0
129.972094800,1,1
129.972112200,1,0
129.972190000,1,1
129.972207600,1,0
129.972285400,1,1
129.972302800,1,0
129.972380800,1,1
129.972398200,1,0
129.972476000,1,1
129.972493400,1,0
129.972571400,1,1
129.972588800,1,0
129.972666800,1,1
129.972727400,1,0
129.972805400,1,1
129.972822800,1,0
129.972900800,1,1
129.972918200,1,0
129.972996000,1,1
129.973013400,1,0
129.973091400,1,1
129.973108800,1,0
129.973186800,1,1
129.973204200,1,0
129.973282000,1,1
129.973299400,1,0
129.973377400,1,1
129.973394800,1,0
129.973472600,1,1
129.973490200,1,0
129.973568000,1,1
129.973585400,1,0
129.973663400,1,1
129.973680800,1,0
129.973758600,1,1
129.973776000,1,0
129.973854000,1,1
129.973871400,1,0
129.973949200,1,1
129.973966600,1,0
129.974044600,1,1
129.974079400,1,0
129.974157200,1,1
129.974174600,1,0
129.974252400,1,1
129.974270000,1,0
129.974347800,1,1
129.974460600,1,0
129.974538400,1,1
129.974555800,1,0
129.974633800,1,1
129.974651200,1,0
129.974729000,1,1
129.974746600,1,0
129.974824400,1,1
129.974841800,1,0
129.974919800,1,1
129.974963200,1,0
129.975041000,1,1
129.975058400,1,0
129.975136400,1,1
129.975153800,1,0
129.975231600,1,1
129.975249200,1,0
129.975327000,1,1
129.975344400,1,0
129.975422400,1,1
129.975465800,1,0
129.975543600,1,1
129.975561000,1,0
129.975639000,1,1
129.975656400,1,0
129.975734200,1,1
129.975751600,1,0
129.975829600,1,1
129.975847000,1,0
129.975924800,1,1
129.975959600,1,0
129.976037400,1,1
129.976055000,1,0
129.976132800,1,1
129.976150200,1,0
129.976228200,1,1
129.976245600,1,0
129.976323400,1,1
129.976340800,1,0
129.976418800,1,1
129.976436200,1,0
129.976514000,1,1
129.976531400,1,0
129.976609400,1,1
129.976626800,1,0
129.976704600,1,1
129.976722000,1,0
129.976800000,1,1
129.976834800,1,0
129.976912600,1,1
129.976930000,1,0
129.977007800,1,1
129.977025200,1,0
129.977103200,1,1
129.977120600,1,0
129.977198600,1,1
129.977216000,1,0
129.977293800,1,1
129.977311200,1,0
129.977389200,1,1
129.977406600,1,0
129.977484400,1,1
129.977501800,1,0
129.977579800,1,1
129.977597200,1,0
129.977675200,1,1
129.977709800,1,0
129.977787800,1,1
129.977805200,1,0
129.977883000,1,1
129.977900400,1,0
129.977978400,1,1
129.977995800,1,0
129.978073800,1,1
129.978091200,1,0
129.978169000,1,1
129.978186400,1,0
129.978264400,1,1
129.978281800,1,0
129.978359800,1,1
129.978377200,1,0
129.978455000,1,1
129.978472400,1,0
129.978550400,1,1
129.978585200,1,0
129.978663000,1,1
129.978680400,1,0
129.978758400,1,1
129.978775800,1,0
129.978853600,1,1
129.978871200,1,0
129.978949000,1,1
129.978966400,1,0
129.979044400,1,1
129.979061800,1,0
129.979139600,1,1
129.979157200,1,0
129.979235000,1,1
129.979252400,1,0
129.979330400,1,1
129.979347800,1,0
129.979425600,1,1
129.979443200,1,0
129.979521000,1,1
129.979538400,1,0
129.979616400,1,1
129.979633800,1,0
129.979711800,1,1
129.979729200,1,0
129.979807000,1,1
129.979841800,1,0
129.979919600,1,1
129.979937200,1,0
129.980015000,1,1
129.980032400,1,0
129.980110400,1,1
129.980127800,1,0
129.980205800,1,1
129.980223200,1,0
129.980301000,1,1
129.980318400,1,0
129.980396400,1,1
129.980413800,1,0
129.980491800,1,1
129.980509200,1,0
129.980587000,1,1
129.980604400,1,0
129.980682400,1,1
129.980717200,1,0
129.980795000,1,1
129.980812400,1,0
129.980890400,1,1
129.980907800,1,0
129.980985800,1,1
129.981003200,1,0
129.981081000,1,1
129.981098400,1,0
129.981176400,1,1
129.981193800,1,0
129.981271600,1,1
129.981289200,1,0
129.981367000,1,1
129.981384400,1,0
129.981462400,1,1
129.981479800,1,0
129.981557600,1,1
129.981592400,1,0
129.981670400,1,1
129.981687800,1,0
129.981765600,1,1
129.981783200,1,0
129.981861000,1,1
129.981878400,1,0
129.981956400,1,1
129.981973800,1,0
129.982051600,1,1
129.982069000,1,0
129.982147000,1,1
129.982164400,1,0
129.982242400,1,1
129.982259800,1,0
129.982337600,1,1
129.982355000,1,0
129.982433000,1,1
129.982450400,1,0
129.982528200,1,1
129.982545800,1,0
129.982623600,1,1
129.982641000,1,0
129.982719000,1,1
129.982736400,1,0
129.982814200,1,1
129.982849000,1,0
129.982857600,1,1
129.982883800,1,0
129.982927000,1,1
129.983013600,1,0
129.983031000,1,1
129.983039600,1,0
129.983091600,1,1
129.983109000,1,0
129.983187000,1,1
129.983221600,1,0
129.983299600,1,1
129.983317000,1,0
129.983394800,1,1
129.983412200,1,0
129.983438200,1,1
129.983447000,1,0
129.983464200,1,1
129.983507600,1,0
129.983516200,1,1
129.983525000,1,0
129.983568200,1,1
129.983577000,1,0
129.983585600,1,1
130.932642000,0,1
130.932659400,1,1
130.932728600,0,1
130.932737200,1,1
130.932815000,0,1
130.932841000,1,1
130.932849800,0,1
130.932893000,1,1
130.932901600,0,1
130.932979600,1,1
130.932988200,0,1
130.933005400,1,1
130.933014200,0,1
130.933066000,1,1
130.933074800,0,1
130.933109400,1,1
130.933118000,0,1
130.933152600,1,1
130.933161200,0,1
130.933239200,1,1
130.933247800,0,1
130.933273800,1,1
130.933282400,0,1
130.933291000,1,1
130.933299800,0,1
130.933317000,1,1
130.933334400,0,1
130.933351600,1,1
130.933369000,0,1
130.933386200,1,1
130.933395000,0,1
130.933403600,1,1
130.959913400,1,0
130.959930600,1,1
130.960008600,1,0
130.960017200,1,1
130.960104000,1,0
130.960112600,1,1
130.960138600,1,0
130.960181800,1,1
130.960199400,1,0
130.960277200,1,1
130.960294600,1,0
130.960311800,1,1
130.960320600,1,0
130.960346600,1,1
130.960355200,1,0
130.960363800,1,1
130.960390000,1,0
130.960467800,1,1
130.960485200,1,0
130.960519800,1,1
130.960528600,1,0
130.960563200,1,1
130.960606600,1,0
130.960615200,1,1
130.960624000,1,0
130.960684400,1,1
130.960702000,1,0
130.960719200,1,1
130.960728000,1,0
130.960779800,1,1
130.960797200,1,0
130.960875200,1,1
130.960892600,1,0
130.960970400,1,1
130.960987800,1,0
130.961005000,1,1
130.961013800,1,0
130.961065800,1,1
130.961109200,1,0
130.961117800,1,1
130.961126600,1,0
130.961187000,1,1
130.961204600,1,0
130.961282400,1,1
130.961299800,1,0
130.961308400,1,1
130.961325800,1,0
130.961377800,1,1
130.961395200,1,0
130.961403800,1,1
130.961421200,1,0
130.961438400,1,1
130.961464400,1,0
130.961473000,1,1
130.961490400,1,0
130.961507600,1,1
130.961525200,1,0
130.961568400,1,1
130.961603200,1,0
130.961646400,1,1
130.961663800,1,0
130.961681000,1,1
130.961698400,1,0
130.961715600,1,1
130.961741800,1,0
130.961750400,1,1
130.961759000,1,0
130.961776400,1,1
130.961793800,1,0
130.961802400,1,1
130.961819800,1,0
130.961837000,1,1
130.961854400,1,0
130.961871600,1,1
130.961889000,1,0
130.961906400,1,1
130.961932400,1,0
130.961941000,1,1
130.961949800,1,0
130.961967000,1,1
130.961984400,1,0
130.961993000,1,1
130.962010400,1,0
130.962027600,1,1
130.962045000,1,0
130.962062200,1,1
130.962079800,1,0
130.962157600,1,1
130.962175000,1,0
130.962201000,1,1
130.962209600,1,0
130.962253000,1,1
130.962270400,1,0
130.962287600,1,1
130.962296400,1,0
130.962348200,1,1
130.962365600,1,0
130.962443600,1,1
130.962478400,1,0
130.962556200,1,1
130.962573600,1,0
130.962582200,1,1
130.962591000,1,0
130.962599600,1,1
130.962608400,1,0
130.962651600,1,1
130.962669000,1,0
130.962686200,1,1
130.962695000,1,0
130.962746800,1,1
130.962764400,1,0
130.962842200,1,1
130.962859600,1,0
130.962937600,1,1
130.962955000,1,0
130.962972200,1,1
130.962989600,1,0
130.963032800,1,1
130.963050400,1,0
130.963076200,1,1
130.963085000,1,0
130.963093600,1,1
130.963119600,1,0
130.963128200,1,1
130.963145600,1,0
130.963214800,1,1
130.963241000,1,0
130.963318800,1,1
130.963353600,1,0
130.963431600,1,1
130.963449000,1,0
130.963526800,1,1
130.963544200,1,0
130.963622200,1,1
130.963639600,1,0
130.963717600,1,1
130.963735000,1,0
130.963812800,1,1
130.963830400,1,0
130.963908200,1,1
130.963925600,1,0
130.964003600,1,1
130.964021000,1,0
130.964098800,1,1
130.964116400,1,0
130.964194200,1,1
130.964229000,1,0
130.964307000,1,1
130.964324400,1,0
130.964402200,1,1
130.964419600,1,0
130.964497600,1,1
130.964515000,1,0
130.964593000,1,1
130.964610400,1,0
130.964688200,1,1
130.964705600,1,0
130.964783600,1,1
130.964801000,1,0
130.964879000,1,1
130.964896400,1,0
130.964974200,1,1
130.964991600,1,0
130.965069600,1,1
130.965087000,1,0
130.965164800,1,1
130.965182400,1,0
130.965260200,1,1
130.965277600,1,0
130.965355600,1,1
130.965373000,1,0
130.965450800,1,1
130.965485600,1,0
130.965563600,1,1
130.965581000,1,0
130.965658800,1,1
130.965676400,1,0
130.965754200,1,1
130.965771600,1,0
130.965849600,1,1
130.965867000,1,0
130.965944800,1,1
130.965962400,1,0
130.966040200,1,1
130.966057600,1,0
130.966135600,1,1
130.966153000,1,0
130.966230800,1,1
130.966248400,1,0
130.966326200,1,1
130.966361000,1,0
130.966438800,1,1
130.966456400,1,0
130.966534200,1,1
130.966551600,1,0
130.966629600,1,1
130.966647000,1,0
130.966724800,1,1
130.966742400,1,0
130.966820200,1,1
130.966837600,1,0
130.966915600,1,1
130.966933000,1,0
130.967010800,1,1
130.967028400,1,0
130.967106200,1,1
130.967123600,1,0
130.967201600,1,1
130.967236400,1,0
130.967314200,1,1
130.967331600,1,0
130.967409400,1,1
130.967427000,1,0
130.967504800,1,1
130.967522200,1,0
130.967600200,1,1
130.967617600,1,0
130.967695400,1,1
130.967712800,1,0
130.967790800,1,1
130.967808200,1,0
130.967886200,1,1
130.967903600,1,0
130.967981400,1,1
130.967998800,1,0
130.968076800,1,1
130.968094200,1,0
130.968172200,1,1
130.968189600,1,0
130.968267400,1,1
130.968285000,1,0
130.968362800,1,1
130.968380200,1,0
130.968458200,1,1
130.968493000,1,0
130.968570800,1,1
130.968588200,1,0
130.968666200,1,1
130.968683600,1,0
130.968761600,1,1
130.968779000,1,0
130.968856800,1,1
130.968874200,1,0
130.968952200,1,1
130.968969600,1,0
130.969047400,1,1
130.969065000,1,0
130.969142800,1,1
130.969160200,1,0
130.969238200,1,1
130.969255600,1,0
130.969333600,1,1
130.969368200,1,0
130.969446200,1,1
130.969463600,1,0
130.969541400,1,1
130.969559000,1,0
130.969636800,1,1
130.969654200,1,0
130.969732200,1,1
130.969749600,1,0
130.969827600,1,1
130.969845000,1,0
130.969922800,1,1
130.969940200,1,0
130.970018200,1,1
130.970035600,1,0
130.970113600,1,1
130.970131000,1,0
130.970208800,1,1
130.970243600,1,0
130.970321600,1,1
130.970339000,1,0
130.970416800,1,1
130.970434400,1,0
130.970512200,1,1
130.970529600,1,0
130.970607600,1,1
130.970625000,1,0
130.970703000,1,1
130.970720400,1,0
130.970798200,1,1
130.970815600,1,0
130.970893600,1,1
130.970911000,1,0
130.970989000,1,1
130.971006400,1,0
130.971084200,1,1
130.971127800,1,0
130.971205600,1,1
130.971223000,1,0
130.971301000,1,1
130.971318400,1,0
130.971396400,1,1
130.971413800,1,0
130.971491600,1,1
130.971509000,1,0
130.971587000,1,1
130.971621800,1,0
130.971699600,1,1
130.971717200,1,0
130.971795000,1,1
130.971812400,1,0
130.971890400,1,1
130.971907800,1,0
130.971985800,1,1
130.972003200,1,0
130.972081000,1,1
130.972098400,1,0
130.972176400,1,1
130.972193800,1,0
130.972271800,1,1
130.972289200,1,0
130.972367200,1,1
130.972384600,1,0
130.972462400,1,1
130.972497200,1,0
130.972575200,1,1
130.972592600,1,0
130.972670600,1,1
130.972688000,1,0
130.972765800,1,1
130.972783200,1,0
130.972861200,1,1
130.972878600,1,0
130.972956600,1,1
130.972974000,1,0
130.973051800,1,1
130.973069400,1,0
130.973147200,1,1
130.973164600,1,0
130.973242600,1,1
130.973260000,1,0
130.973338000,1,1
130.973355400,1,0
130.973433200,1,1
130.973450600,1,0
130.973528600,1,1
130.973546000,1,0
130.973624000,1,1
130.973641400,1,0
130.973719200,1,1
130.973754000,1,0
130.973832000,1,1
130.973849400,1,0
130.973927200,1,1
130.973944800,1,0
130.974022600,1,1
130.974040000,1,0
130.974118000,1,1
130.974135400,1,0
130.974213400,1,1
130.974230800,1,0
130.974308600,1,1
130.974326000,1,0
130.974404000,1,1
130.974421400,1,0
130.974499400,1,1
130.974516800,1,0
130.974594600,1,1
130.974629400,1,0
130.974707400,1,1
130.974724800,1,0
130.974802600,1,1
130.974820000,1,0
130.974898000,1,1
130.974915400,1,0
130.974993400,1,1
130.975010800,1,0
130.975088600,1,1
130.975106200,1,0
130.975184000,1,1
130.975201400,1,0
130.975279400,1,1
130.975296800,1,0
130.975374600,1,1
130.975392200,1,0
130.975470000,1,1
130.975504800,1,0
130.975582800,1,1
130.975678200,1,0
130.975756000,1,1
130.975773600,1,0
130.975782000,1,1
130.975808200,1,0
130.975851400,1,1
130.975877600,1,0
130.975894800,1,1
130.975903600,1,0
130.975955400,1,1
130.975972800,1,0
130.976050800,1,1
130.976068200,1,0
130.976146000,1,1
130.976163600,1,0
130.976241400,1,1
130.976258800,1,0
130.976284800,1,1
130.976293600,1,0
130.976310800,1,1
130.976354200,1,0
130.976362800,1,1
130.976371600,1,0
130.976414800,1,1
130.976423600,1,0
130.976432200,1,1
130.977460000,0,1
130.977477400,1,1
130.977546600,0,1
130.977555200,1,1
130.977633200,0,1
130.977641800,1,1
130.977659000,0,1
130.977711000,1,1
130.977719600,0,1
130.977797600,1,1
130.977806200,0,1
130.977814800,1,1
130.977823400,0,1
130.977832200,1,1
130.977840800,0,1
130.977884000,1,1
130.977892800,0,1
130.977927400,1,1
130.977936000,0,1
130.977970600,1,1
130.977979200,0,1
130.977996600,1,1
130.978005200,0,1
130.978057200,1,1
130.978065800,0,1
130.978074400,1,1
130.978083200,0,1
130.978143600,1,1
130.978152400,0,1
130.978230200,1,1
130.978238800,0,1
130.978316800,1,1
130.978325400,0,1
130.978334000,1,1
130.978342800,0,1
130.978360000,1,1
130.978368600,0,1
130.978386000,1,1
130.978412000,0,1
130.978420600,1,1
130.978429200,0,1
130.978446600,1,1
130.978481200,0,1
130.978489800,1,1
131.000330800,1,0
131.000348000,1,1
131.000434800,1,0
131.000443400,1,1
131.000530200,1,0
131.000538800,1,1
131.000564800,1,0
131.000608200,1,1
131.000625600,1,0
131.000703400,1,1
131.000720800,1,0
131.000738200,1,1
131.000746800,1,0
131.000772800,1,1
131.000781600,1,0
131.000790200,1,1
131.000816200,1,0
131.000894200,1,1
131.000911600,1,0
131.000946200,1,1
131.000955000,1,0
131.000989600,1,1
131.001007000,1,0
131.001015600,1,1
131.001024200,1,0
131.001084800,1,1
131.001102400,1,0
131.001119600,1,1
131.001128400,1,0
131.001180200,1,1
131.001197600,1,0
131.001275600,1,1
131.001310400,1,0
131.001388200,1,1
131.001405600,1,0
131.001423000,1,1
131.001431600,1,0
131.001483600,1,1
131.001501000,1,0
131.001509600,1,1
131.001518400,1,0
131.001579000,1,1
131.001596400,1,0
131.001674400,1,1
131.001691800,1,0
131.001700400,1,1
131.001717800,1,0
131.001769600,1,1
131.001787000,1,0
131.001795600,1,1
131.001813000,1,0
131.001830400,1,1
131.001856400,1,0
131.001865000,1,1
131.001882400,1,0
131.001899600,1,1
131.001917000,1,0
131.001960400,1,1
131.001977800,1,0
131.002021000,1,1
131.002038400,1,0
131.002055600,1,1
131.002073200,1,0
131.002090400,1,1
131.002116400,1,0
131.002125000,1,1
131.002133800,1,0
131.002151000,1,1
131.002229200,1,0
131.002237800,1,1
131.002255200,1,0
131.002272400,1,1
131.002289800,1,0
131.002307000,1,1
131.002324600,1,0
131.002341800,1,1
131.002367800,1,0
131.002376400,1,1
131.002385200,1,0
131.002402400,1,1
131.002437200,1,0
131.002445800,1,1
131.002463200,1,0
131.002480400,1,1
131.002497800,1,0
131.002515200,1,1
131.002532600,1,0
131.002610400,1,1
131.002627800,1,0
131.002653800,1,1
131.002662600,1,0
131.002705800,1,1
131.002723200,1,0
131.002740400,1,1
131.002749200,1,0
131.002801200,1,1
131.002818600,1,0
131.002896400,1,1
131.002914000,1,0
131.002991800,1,1
131.003009200,1,0
131.003017800,1,1
131.003026600,1,0
131.003035200,1,1
131.003044000,1,0
131.003087200,1,1
131.003104600,1,0
131.003121800,1,1
131.003130600,1,0
131.003182600,1,1
131.003200000,1,0
131.003277800,1,1
131.003312600,1,0
131.003390600,1,1
131.003408000,1,0
131.003425200,1,1
131.003442600,1,0
131.003486000,1,1
131.003503400,1,0
131.003529200,1,1
131.003538000,1,0
131.003546600,1,1
131.003572800,1,0
131.003581200,1,1
131.003598800,1,0
131.003668000,1,1
131.003694000,1,0
131.003772000,1,1
131.003789400,1,0
131.003867400,1,1
131.003884800,1,0
131.003962600,1,1
131.003980000,1,0
131.004058000,1,1
131.004075400,1,0
131.004153400,1,1
131.004170800,1,0
131.004248800,1,1
131.004266200,1,0
131.004344000,1,1
131.004361600,1,0
131.004439400,1,1
131.004456800,1,0
131.004534800,1,1
131.004569600,1,0
131.004647400,1,1
131.004665000,1,0
131.004742800,1,1
131.004760200,1,0
131.004838200,1,1
131.004855600,1,0
131.004933600,1,1
131.004951000,1,0
131.005028800,1,1
131.005046200,1,0
131.005124200,1,1
131.005141600,1,0
131.005219600,1,1
131.005237000,1,0
131.005314800,1,1
131.005332400,1,0
131.005410200,1,1
131.005445000,1,0
131.005522800,1,1
131.005540400,1,0
131.005618200,1,1
131.005635600,1,0
131.005713600,1,1
131.005731000,1,0
131.005809000,1,1
131.005826400,1,0
131.005904200,1,1
131.005921800,1,0
131.005999600,1,1
131.006017000,1,0
131.006095000,1,1
131.006112400,1,0
131.006190400,1,1
131.006207800,1,0
131.006285600,1,1
131.006320400,1,0
131.006398400,1,1
131.006415800,1,0
131.006493600,1,1
131.006511200,1,0
131.006589000,1,1
131.006606400,1,0
131.006684400,1,1
131.006701800,1,0
131.006779800,1,1
131.006797200,1,0
131.006875000,1,1
131.006892600,1,0
131.006970400,1,1
131.006987800,1,0
131.007065800,1,1
131.007083200,1,0
131.007161000,1,1
131.007178600,1,0
131.007256400,1,1
131.007273800,1,0
131.007351800,1,1
131.007369200,1,0
131.007447000,1,1
131.007464400,1,0
131.007542400,1,1
131.007577200,1,0
131.007655000,1,1
131.007672400,1,0
131.007750400,1,1
131.007767800,1,0
131.007845800,1,1
131.007863200,1,0
131.007941000,1,1
131.007958400,1,0
131.008036400,1,1
131.008053800,1,0
131.008131800,1,1
131.008209800,1,0
131.008287800,1,1
131.008305200,1,0
131.008383000,1,1
131.008400400,1,0
131.008478400,1,1
131.008495800,1,0
131.008573800,1,1
131.008591200,1,0
131.008669000,1,1
131.008703800,1,0
131.008781800,1,1
131.008799200,1,0
131.008877000,1,1
131.008894400,1,0
131.008972400,1,1
131.008989800,1,0
131.009067800,1,1
131.009085200,1,0
131.009163000,1,1
131.009180600,1,0
131.009258400,1,1
131.009275800,1,0
131.009353800,1,1
131.009371200,1,0
131.009449000,1,1
131.009466600,1,0
131.009544400,1,1
131.009579200,1,0
131.009657000,1,1
131.009674400,1,0
131.009752400,1,1
131.009769800,1,0
131.009847800,1,1
131.009865200,1,0
131.009943000,1,1
131.009960400,1,0
131.010038400,1,1
131.010055800,1,0
131.010133800,1,1
131.010151200,1,0
131.010229200,1,1
131.010246600,1,0
131.010324400,1,1
131.010341800,1,0
131.010419800,1,1
131.010454600,1,0
131.010532400,1,1
131.010549800,1,0
131.010627800,1,1
131.010645200,1,0
131.010723200,1,1
131.010740600,1,0
131.010818400,1,1
131.010835800,1,0
131.010913800,1,1
131.010931200,1,0
131.011009200,1,1
131.011026600,1,0
131.011104400,1,1
131.011122000,1,0
131.011199800,1,1
131.011217200,1,0
131.011295200,1,1
131.011330000,1,0
131.011407800,1,1
131.011425200,1,0
131.011503200,1,1
131.011520600,1,0
131.011598400,1,1
131.011616000,1,0
131.011693800,1,1
131.011711200,1,0
131.011789200,1,1
131.011806600,1,0
131.011884400,1,1
131.011902000,1,0
131.011979800,1,1
131.011997200,1,0
131.012075200,1,1
131.012092600,1,0
131.012170400,1,1
131.012222600,1,0
131.012300400,1,1
131.012335200,1,0
131.012413200,1,1
131.012430600,1,0
131.012508400,1,1
131.012526000,1,0
131.012603800,1,1
131.012621200,1,0
131.012699200,1,1
131.012716600,1,0
131.012794400,1,1
131.012812000,1,0
131.012889800,1,1
131.012907200,1,0
131.012985200,1,1
131.013002600,1,0
131.013080400,1,1
131.013098000,1,0
131.013175800,1,1
131.013210600,1,0
131.013288600,1,1
131.013306000,1,0
131.013383800,1,1
131.013401400,1,0
131.013479200,1,1
131.013496600,1,0
131.013574600,1,1
131.013592000,1,0
131.013670000,1,1
131.013687400,1,0
131.013765200,1,1
131.013782600,1,0
131.013860600,1,1
131.013878000,1,0
131.013956000,1,1
131.013973400,1,0
131.014051400,1,1
131.014086000,1,0
131.014164000,1,1
131.014181400,1,0
131.014259400,1,1
131.014276800,1,0
131.014354600,1,1
131.014372000,1,0
131.014450000,1,1
131.014484800,1,0
131.014562600,1,1
131.014588800,1,0
131.014666800,1,1
131.014684200,1,0
131.014762000,1,1
131.014779400,1,0
131.014857400,1,1
131.014874800,1,0
131.014952800,1,1
131.014970200,1,0
131.015048000,1,1
131.015065600,1,0
131.015143400,1,1
131.015160800,1,0
131.015238800,1,1
131.015256200,1,0
131.015334200,1,1
131.015351600,1,0
131.015429400,1,1
131.015464200,1,0
131.015542200,1,1
131.015559600,1,0
131.015637400,1,1
131.015724200,1,0
131.015802200,1,1
131.015837000,1,0
131.015914800,1,1
131.015932200,1,0
131.016010200,1,1
131.016027600,1,0
131.016105600,1,1
131.016123000,1,0
131.016200800,1,1
131.016218400,1,0
131.016296200,1,1
131.016313600,1,0
131.016322200,1,1
131.016348400,1,0
131.016391600,1,1
131.016409000,1,0
131.016426200,1,1
131.016435000,1,0
131.016487000,1,1
131.016504400,1,0
131.016582200,1,1
131.016599600,1,0
131.016677600,1,1
131.016695000,1,0
131.016773000,1,1
131.016790400,1,0
131.016816200,1,1
131.016825000,1,0
131.016842200,1,1
131.016885800,1,0
131.016894200,1,1
131.016903000,1,0
131.016946200,1,1
131.016955000,1,0
131.016963600,1,1
132.016633800,0,1
132.016651200,1,1
132.016720400,0,1
132.016729000,1,1
132.016807000,0,1
132.016815600,1,1
132.016824200,0,1
132.016884800,1,1
132.016893400,0,1
132.016971400,1,1
132.016980000,0,1
132.016997400,1,1
132.017006000,0,1
132.017057800,1,1
132.017066600,0,1
132.017075200,1,1
132.017092600,0,1
132.017144400,1,1
132.017153000,0,1
132.017231000,1,1
132.017239600,0,1
132.017274200,1,1
132.017282800,0,1
132.017300200,1,1
132.017308800,0,1
132.017317600,1,1
132.017326200,0,1
132.017352200,1,1
132.017378000,0,1
132.017386800,1,1
132.017395400,0,1
132.017404000,1,1
132.041919000,1,0
132.041936200,1,1
132.042014400,1,0
132.042023000,1,1
132.042109600,1,0
132.042127000,1,1
132.042135600,1,0
132.042187600,1,1
132.042205000,1,0
132.042283000,1,1
132.042300400,1,0
132.042309000,1,1
132.042326400,1,0
132.042378200,1,1
132.042395800,1,0
132.042473600,1,1
132.042491000,1,0
132.042499600,1,1
132.042517000,1,0
132.042569000,1,1
132.042586400,1,0
132.042664400,1,1
132.042681800,1,0
132.042690400,1,1
132.042699200,1,0
132.042716400,1,1
132.042733800,1,0
132.042751000,1,1
132.042777200,1,0
132.042785800,1,1
132.042820400,1,0
132.042837800,1,1
133.042688600,0,1
133.042705800,1,1
133.042775000,0,1
133.042783800,1,1
133.042861600,0,1
133.042887600,1,1
133.042896200,0,1
133.042939400,1,1
133.042948200,0,1
133.043026000,1,1
133.043034600,0,1
133.043052000,1,1
133.043060600,0,1
133.043112600,1,1
133.043121200,0,1
133.043129800,1,1
133.043138600,0,1
133.043199200,1,1
133.043207800,0,1
133.043285600,1,1
133.043294400,0,1
133.043311600,1,1
133.043337600,0,1
133.043346200,1,1
133.043354800,0,1
133.043372200,1,1
133.043380800,0,1
133.043398200,1,1
133.043441400,0,1
133.043458800,1,1
133.065998600,1,0
133.066015800,1,1
133.066093800,1,0
133.066102400,1,1
133.066189200,1,0
133.066197800,1,1
133.066223800,1,0
133.066267200,1,1
133.066301800,1,0
133.066379800,1,1
133.066397200,1,0
133.066414400,1,1
133.066432000,1,0
133.066449200,1,1
133.066466600,1,0
133.066475200,1,1
133.066492600,1,0
133.066570400,1,1
133.066588000,1,0
133.066596600,1,1
133.066605200,1,0
133.066665800,1,1
133.066683200,1,0
133.066691800,1,1
133.066700600,1,0
133.066761200,1,1
133.066804600,1,0
133.066821800,1,1
133.066830600,1,0
133.066882600,1,1
133.066900000,1,0
133.066977800,1,1
133.066995400,1,0
133.067073200,1,1
133.067090600,1,0
133.067108000,1,1
133.067116600,1,0
133.067168600,1,1
133.067186000,1,0
133.067194600,1,1
133.067203400,1,0
133.067263800,1,1
133.067307400,1,0
133.067385200,1,1
133.067402600,1,0
133.067411200,1,1
133.067428600,1,0
133.067480600,1,1
133.067498000,1,0
133.067506600,1,1
133.067524000,1,0
133.067541200,1,1
133.067567400,1,0
133.067576000,1,1
133.067593400,1,0
133.067602000,1,1
133.067610600,1,0
133.067619200,1,1
133.067636600,1,0
133.067671200,1,1
133.067688800,1,0
133.067697200,1,1
133.067706000,1,0
133.067749200,1,1
133.067758000,1,0
133.067766600,1,1
133.067801400,1,0
133.067810000,1,1
133.067818800,1,0
133.067836000,1,1
133.067844800,1,0
133.067853200,1,1
133.067870800,1,0
133.067879200,1,1
133.067896800,1,0
133.067914000,1,1
133.067922800,1,0
133.067940000,1,1
133.067966000,1,0
133.067974600,1,1
133.067992000,1,0
133.068044000,1,1
133.068052800,1,0
133.068070000,1,1
133.068087400,1,0
133.068130600,1,1
133.068139400,1,0
133.068148000,1,1
133.068156800,1,0
133.068165400,1,1
133.068182800,1,0
133.068191400,1,1
133.068200000,1,0
133.068208600,1,1
133.068217400,1,0
133.068226000,1,1
133.068252000,1,0
133.068260600,1,1
133.068278000,1,0
133.068295400,1,1
133.068304000,1,0
133.068321400,1,1
133.068347400,1,0
133.068356000,1,1
133.068434000,1,0
133.068442600,1,1
133.068451400,1,0
133.068468600,1,1
133.068477400,1,0
133.068486000,1,1
133.068503400,1,0
133.068512000,1,1
133.068529400,1,0
133.068546600,1,1
133.068564200,1,0
133.068581400,1,1
133.068598800,1,0
133.068607400,1,1
133.068624800,1,0
133.068633400,1,1
133.068642200,1,0
133.068659400,1,1
133.068668200,1,0
133.068676600,1,1
133.068694200,1,0
133.068702600,1,1
133.068720200,1,0
133.068728800,1,1
133.068737400,1,0
133.068746000,1,1
133.068754800,1,0
133.068772000,1,1
133.068789400,1,0
133.068798000,1,1
133.068815400,1,0
133.068832800,1,1
133.068841400,1,0
133.068858800,1,1
133.068884800,1,0
133.068893400,1,1
133.068928200,1,0
133.069006000,1,1
133.069023400,1,0
133.069049400,1,1
133.069058200,1,0
133.069101400,1,1
133.069118800,1,0
133.069127400,1,1
133.069144800,1,0
133.069162000,1,1
133.069188200,1,0
133.069196800,1,1
133.069214200,1,0
133.069248800,1,1
133.069257600,1,0
133.069292200,1,1
133.069309600,1,0
133.069318200,1,1
133.069326800,1,0
133.069335400,1,1
133.069344200,1,0
133.069352800,1,1
133.069361600,1,0
133.069370200,1,1
133.069378800,1,0
133.069387400,1,1
133.069404800,1,0
133.069422200,1,1
133.069448200,1,0
133.069456800,1,1
133.069474200,1,0
133.069482800,1,1
133.069500200,1,0
133.069508800,1,1
133.069517600,1,0
133.069534800,1,1
133.069543600,1,0
133.069552200,1,1
133.069569600,1,0
133.069578200,1,1
133.069595600,1,0
133.069604200,1,1
133.069621600,1,0
133.069647400,1,1
133.069664800,1,0
133.069673400,1,1
133.069690800,1,0
133.069699400,1,1
133.069734200,1,0
133.069742800,1,1
133.069760200,1,0
133.069768800,1,1
133.069812200,1,0
133.069829400,1,1
133.069838200,1,0
133.069855400,1,1
133.069881600,1,0
133.069890200,1,1
133.069907600,1,0
133.069924800,1,1
133.069951000,1,0
133.069959600,1,1
133.069977000,1,0
133.069985600,1,1
133.070003000,1,0
133.070080800,1,1
133.070098200,1,0
133.070106800,1,1
133.070115600,1,0
133.070124200,1,1
133.070133000,1,0
133.070176200,1,1
133.070193600,1,0
133.070202200,1,1
133.070219600,1,0
133.070236800,1,1
133.070263000,1,0
133.070271600,1,1
133.070306400,1,0
133.070323600,1,1
133.070332400,1,0
133.070341000,1,1
133.070349600,1,0
133.070384200,1,1
133.070401600,1,0
133.070410200,1,1
133.070419000,1,0
133.070462200,1,1
133.070471000,1,0
133.070479600,1,1
133.070497000,1,0
133.070505600,1,1
133.070523000,1,0
133.070557600,1,1
133.070566400,1,0
133.070575000,1,1
133.070592400,1,0
133.070635600,1,1
133.070653000,1,0
133.070670200,1,1
133.070687800,1,0
133.070696200,1,1
133.070705000,1,0
133.070722200,1,1
133.070748400,1,0
133.070765600,1,1
133.070783000,1,0
133.070791600,1,1
133.070800400,1,0
133.070809000,1,1
133.070817800,1,0
133.070826200,1,1
133.070843800,1,0
133.070861000,1,1
133.070878400,1,0
133.070887000,1,1
133.070895800,1,0
133.070921600,1,1
133.070939000,1,0
133.070956200,1,1
133.070973800,1,0
133.070982200,1,1
133.071017000,1,0
133.071025600,1,1
133.071034400,1,0
133.071051600,1,1
133.071069000,1,0
133.071077600,1,1
133.071086400,1,0
133.071112400,1,1
133.071129800,1,0
133.071147000,1,1
133.071181800,1,0
133.071190400,1,1
133.071207800,1,0
133.071225000,1,1
133.071242400,1,0
133.071259600,1,1
133.071277000,1,0
133.071355000,1,1
133.071372400,1,0
133.071381000,1,1
133.071407000,1,0
133.071450400,1,1
133.071467800,1,0
133.071476400,1,1
133.071485200,1,0
133.071545600,1,1
133.071563200,1,0
133.071641000,1,1
133.071658400,1,0
133.071693000,1,1
133.071701800,1,0
133.071736400,1,1
133.071753800,1,0
133.071762400,1,1
133.071771200,1,0
133.071831800,1,1
133.071849200,1,0
133.071857800,1,1
133.071875200,1,0
133.071927000,1,1
133.071944400,1,0
133.071953000,1,1
133.071961800,1,0
133.071979000,1,1
133.071987800,1,0
133.072022400,1,1
133.072057200,1,0
133.072065800,1,1
133.072074400,1,0
133.072135000,1,1
133.072152600,1,0
133.072161000,1,1
133.072178600,1,0
133.072230400,1,1
133.072247800,1,0
133.072265000,1,1
133.072273800,1,0
133.072282400,1,1
133.072291200,1,0
133.072325800,1,1
133.072343200,1,0
133.072351800,1,1
133.072360600,1,0
133.072421200,1,1
133.072438600,1,0
133.072516400,1,1
133.072533800,1,0
133.072542400,1,1
133.072559800,1,0
133.072568400,1,1
133.072577200,1,0
133.072611800,1,1
133.072629200,1,0
133.072637800,1,1
133.072646600,1,0
133.072707200,1,1
133.072776600,1,0
133.072854400,1,1
133.072872000,1,0
133.072897800,1,1
133.072915200,1,0
133.072949800,1,1
133.072967200,1,0
133.072975800,1,1
133.072984600,1,0
133.073045200,1,1
133.073062600,1,0
133.073079800,1,1
133.073088600,1,0
133.073105800,1,1
133.073114600,1,0
133.073140600,1,1
133.073158000,1,0
133.073166600,1,1
133.073175200,1,0
133.073183800,1,1
133.073201200,1,0
133.073235800,1,1
133.073253200,1,0
133.073261800,1,1
133.073279400,1,0
133.073296600,1,1
133.073322600,1,0
133.073331200,1,1
133.073348600,1,0
133.073357200,1,1
133.073366000,1,0
133.073374600,1,1
133.073392000,1,0
133.073426600,1,1
133.073444000,1,0
133.073461200,1,1
133.073478600,1,0
133.073487200,1,1
133.073504600,1,0
133.073522000,1,1
133.073539400,1,0
133.073574000,1,1
133.073600000,1,0
133.073617200,1,1
133.073634800,1,0
133.073669200,1,1
133.073695400,1,0
133.073712600,1,1
133.073730000,1,0
133.073773200,1,1
133.073790800,1,0
133.073808000,1,1
133.073825400,1,0
133.073868600,1,1
133.073886000,1,0
133.073903200,1,1
133.073938000,1,0
133.073946600,1,1
133.073955400,1,0
133.073981200,1,1
133.073998800,1,0
133.074016000,1,1
133.074033400,1,0
133.074076600,1,1
133.074094000,1,0
133.074111200,1,1
133.074128800,1,0
133.074172000,1,1
133.074189400,1,0
133.074206600,1,1
133.074224000,1,0
133.074232600,1,1
133.074241400,1,0
133.074267200,1,1
133.074284800,1,0
133.074302000,1,1
133.074319400,1,0
133.074328000,1,1
133.074345400,1,0
133.074362600,1,1
133.074380000,1,0
133.074397200,1,1
133.074414800,1,0
133.074432000,1,1
133.074449400,1,0
133.074458000,1,1
133.074475400,1,0
133.074492600,1,1
133.074510000,1,0
133.074518600,1,1
133.074527400,1,0
133.074544600,1,1
133.074570800,1,0
133.074588000,1,1
133.074605400,1,0
133.074683400,1,1
133.074700800,1,0
133.074709400,1,1
133.074744000,1,0
133.074778600,1,1
133.074822000,1,0
133.074830600,1,1
133.074848000,1,0
133.074865400,1,1
133.074891400,1,0
133.074900000,1,1
133.074917400,1,0
133.074934600,1,1
133.074952000,1,0
133.074995400,1,1
133.075012800,1,0
133.075056000,1,1
133.075073400,1,0
133.075090600,1,1
133.075108000,1,0
133.075125200,1,1
133.075151400,1,0
133.075160000,1,1
133.075168800,1,0
133.075186000,1,1
133.075203400,1,0
133.075246600,1,1
133.075264000,1,0
133.075281200,1,1
133.075316000,1,0
133.075333200,1,1
133.075359400,1,0
133.075368000,1,1
133.075376800,1,0
133.075394000,1,1
133.075411400,1,0
133.075454600,1,1
133.075472000,1,0
133.075489200,1,1
133.075506800,1,0
133.075584600,1,1
133.075602000,1,0
133.075619200,1,1
133.075628000,1,0
133.075645200,1,1
133.075654000,1,0
133.075680000,1,1
133.075697400,1,0
133.075706000,1,1
133.075723400,1,0
133.075740600,1,1
133.075766600,1,0
133.075775200,1,1
133.075792600,1,0
133.075810000,1,1
133.075827400,1,0
133.075870600,1,1
133.075888000,1,0
133.075931200,1,1
133.075948600,1,0
133.075966000,1,1
133.075983400,1,0
133.076000600,1,1
133.076026800,1,0
133.076035200,1,1
133.076044000,1,0
133.076061200,1,1
133.076078800,1,0
133.076087200,1,1
133.076104800,1,0
133.076122000,1,1
133.076139400,1,0
133.076156600,1,1
133.076191400,1,0
133.076208600,1,1
133.076234800,1,0
133.076243200,1,1
133.076252000,1,0
133.076269200,1,1
133.076286800,1,0
133.076295200,1,1
133.076312800,1,0
133.076330000,1,1
133.076347400,1,0
133.076364600,1,1
133.076382000,1,0
133.076460000,1,1
133.076477400,1,0
133.076555400,1,1
133.076572800,1,0
133.076607400,1,1
133.076633400,1,0
133.076642000,1,1
133.076668000,1,0
133.076676600,1,1
133.076694000,1,0
133.076711400,1,1
133.076720000,1,0
133.076746000,1,1
133.080003800,0,1
133.080021000,1,1
133.080090200,0,1
133.080098800,1,1
133.080176800,0,1
133.080185400,1,1
133.080202800,0,1
133.080254600,1,1
133.080263400,0,1
133.080341200,1,1
133.080349800,0,1
133.080358600,1,1
133.080375800,0,1
133.080384400,1,1
133.080393200,0,1
133.080427800,1,1
133.080436400,0,1
133.080445000,1,1
133.080453800,0,1
133.080514200,1,1
133.080523000,0,1
133.080531600,1,1
133.080566200,0,1
133.080600800,1,1
133.080609400,0,1
133.080618200,1,1
133.080635400,0,1
133.080652800,1,1
133.080678800,0,1
133.080687400,1,1
133.080696000,0,1
133.080713400,1,1
133.080730600,0,1
133.080773800,1,1
133.080782600,0,1
133.080825800,1,1
133.080843200,0,1
133.080860400,1,1
133.080869000,0,1
133.080886400,1,1
133.080912400,0,1
133.080921000,1,1
133.080929600,0,1
133.080947000,1,1
133.080955600,0,1
133.080990200,1,1
133.081016200,0,1
133.081033600,1,1
133.081042200,0,1
133.081059400,1,1
133.081085400,0,1
133.081094000,1,1
133.081102800,0,1
133.081120000,1,1
133.081128800,0,1
133.081146000,1,1
133.081163400,0,1
133.081172000,1,1
133.081189200,0,1
133.081206600,1,1
133.081215200,0,1
133.081293200,1,1
133.081301800,0,1
133.081379600,1,1
133.081388400,0,1
133.081414200,1,1
133.081440200,0,1
133.081448800,1,1
133.081457600,0,1
133.081466200,1,1
133.081474800,0,1
133.081483600,1,1
133.081509400,0,1
133.081518200,1,1
133.081526800,0,1
133.081535400,1,1
133.081544000,0,1
133.081552800,1,1
133.101429800,1,0
133.101447000,1,1
133.101525000,1,0
133.101533600,1,1
133.101620400,1,0
133.101629000,1,1
133.101655000,1,0
133.101698200,1,1
133.101715800,1,0
133.101793600,1,1
133.101811000,1,0
133.101828200,1,1
133.101845800,1,0
133.101863000,1,1
133.101880400,1,0
133.101889000,1,1
133.101906400,1,0
133.101984400,1,1
133.102001800,1,0
133.102010400,1,1
133.102019000,1,0
133.102079600,1,1
133.102097000,1,0
133.102105600,1,1
133.102114400,1,0
133.102175000,1,1
133.102192400,1,0
133.102209600,1,1
133.102218400,1,0
133.102270400,1,1
133.102287800,1,0
133.102365800,1,1
133.102383200,1,0
133.102461000,1,1
133.102478600,1,0
133.102495800,1,1
133.102504600,1,0
133.102556400,1,1
133.102573800,1,0
133.102582400,1,1
133.102591200,1,0
133.102651800,1,1
133.102669200,1,0
133.102747000,1,1
133.102764600,1,0
133.102773000,1,1
133.102790600,1,0
133.102842400,1,1
133.102877200,1,0
133.102885800,1,1
133.102903200,1,0
133.102920400,1,1
133.102946600,1,0
133.102955000,1,1
133.102972600,1,0
133.102981000,1,1
133.102989800,1,0
133.102998400,1,1
133.103015800,1,0
133.103050400,1,1
133.103067800,1,0
133.103076400,1,1
133.103085200,1,0
133.103128400,1,1
133.103137200,1,0
133.103145800,1,1
133.103163200,1,0
133.103171800,1,1
133.103180600,1,0
133.103197800,1,1
133.103206600,1,0
133.103215000,1,1
133.103232600,1,0
133.103241000,1,1
133.103258600,1,0
133.103275800,1,1
133.103284600,1,0
133.103301800,1,1
133.103327800,1,0
133.103336400,1,1
133.103353800,1,0
133.103405800,1,1
133.103414600,1,0
133.103431800,1,1
133.103449200,1,0
133.103492400,1,1
133.103501200,1,0
133.103509800,1,1
133.103518600,1,0
133.103527200,1,1
133.103544600,1,0
133.103553200,1,1
133.103561800,1,0
133.103570400,1,1
133.103579200,1,0
133.103587800,1,1
133.103613800,1,0
133.103622400,1,1
133.103639800,1,0
133.103657200,1,1
133.103665800,1,0
133.103683200,1,1
133.103709200,1,0
133.103717800,1,1
133.103752600,1,0
133.103761200,1,1
133.103769800,1,0
133.103787200,1,1
133.103795800,1,0
133.103804400,1,1
133.103821800,1,0
133.103830400,1,1
133.103847800,1,0
133.103865200,1,1
133.103882600,1,0
133.103899800,1,1
133.103917200,1,0
133.103925800,1,1
133.103943200,1,0
133.103951800,1,1
133.103960600,1,0
133.103977800,1,1
133.103986600,1,0
133.103995200,1,1
133.104012600,1,0
133.104021200,1,1
133.104038600,1,0
133.104047200,1,1
133.104056000,1,0
133.104064400,1,1
133.104073200,1,0
133.104090400,1,1
133.104108000,1,0
133.104116400,1,1
133.104134000,1,0
133.104151200,1,1
133.104160000,1,0
133.104177200,1,1
133.104203200,1,0
133.104211800,1,1
133.104229200,1,0
133.104307200,1,1
133.104324600,1,0
133.104350400,1,1
133.104359200,1,0
133.104402400,1,1
133.104419800,1,0
133.104428400,1,1
133.104446000,1,0
133.104463200,1,1
133.104489200,1,0
133.104497800,1,1
133.104515200,1,0
133.104549800,1,1
133.104558600,1,0
133.104593200,1,1
133.104628000,1,0
133.104636400,1,1
133.104645200,1,0
133.104653800,1,1
133.104662600,1,0
133.104671200,1,1
133.104680000,1,0
133.104688400,1,1
133.104697200,1,0
133.104705800,1,1
133.104723200,1,0
133.104740400,1,1
133.104766600,1,0
133.104775200,1,1
133.104792600,1,0
133.104801200,1,1
133.104818600,1,0
133.104827200,1,1
133.104836000,1,0
133.104853200,1,1
133.104862000,1,0
133.104870600,1,1
133.104888000,1,0
133.104896600,1,1
133.104914000,1,0
133.104922600,1,1
133.104940000,1,0
133.104965800,1,1
133.104983200,1,0
133.104991800,1,1
133.105009200,1,0
133.105017800,1,1
133.105052600,1,0
133.105061200,1,1
133.105078600,1,0
133.105087200,1,1
133.105104600,1,0
133.105121800,1,1
133.105130600,1,0
133.105147800,1,1
133.105174000,1,0
133.105182600,1,1
133.105200000,1,0
133.105217200,1,1
133.105243200,1,0
133.105251800,1,1
133.105269200,1,0
133.105277800,1,1
133.105295200,1,0
133.105373200,1,1
133.105390600,1,0
133.105399200,1,1
133.105408000,1,0
133.105416600,1,1
133.105425200,1,0
133.105468600,1,1
133.105503200,1,0
133.105511800,1,1
133.105529200,1,0
133.105546600,1,1
133.105572600,1,0
133.105581200,1,1
133.105598600,1,0
133.105615800,1,1
133.105624600,1,0
133.105633200,1,1
133.105642000,1,0
133.105676600,1,1
133.105694000,1,0
133.105702600,1,1
133.105711400,1,0
133.105754600,1,1
133.105763400,1,0
133.105771800,1,1
133.105789400,1,0
133.105797800,1,1
133.105815400,1,0
133.105849800,1,1
133.105858600,1,0
133.105867200,1,1
133.105884600,1,0
133.105928000,1,1
133.105945400,1,0
133.105962600,1,1
133.105980000,1,0
133.105988600,1,1
133.105997400,1,0
133.106014600,1,1
133.106040600,1,0
133.106058000,1,1
133.106075400,1,0
133.106084000,1,1
133.106092600,1,0
133.106101200,1,1
133.106110000,1,0
133.106118600,1,1
133.106136000,1,0
133.106153200,1,1
133.106170800,1,0
133.106179200,1,1
133.106188000,1,0
133.106214000,1,1
133.106231400,1,0
133.106248600,1,1
133.106266000,1,0
133.106274600,1,1
133.106309400,1,0
133.106318000,1,1
133.106326600,1,0
133.106344000,1,1
133.106378600,1,0
133.106387200,1,1
133.106396000,1,0
133.106422000,1,1
133.106439400,1,0
133.106456600,1,1
133.106474000,1,0
133.106482600,1,1
133.106500000,1,0
133.106517200,1,1
133.106534600,1,0
133.106552000,1,1
133.106569400,1,0
133.106647200,1,1
133.106664800,1,0
133.106673200,1,1
133.106699400,1,0
133.106742600,1,1
133.106760000,1,0
133.106768600,1,1
133.106777400,1,0
133.106838000,1,1
133.106855400,1,0
133.106933400,1,1
133.106950800,1,0
133.106985400,1,1
133.106994000,1,0
133.107028600,1,1
133.107046000,1,0
133.107054600,1,1
133.107063400,1,0
133.107124000,1,1
133.107141400,1,0
133.107150000,1,1
133.107167400,1,0
133.107219400,1,1
133.107236800,1,0
133.107245400,1,1
133.107254200,1,0
133.107271400,1,1
133.107280200,1,0
133.107314600,1,1
133.107332200,1,0
133.107340600,1,1
133.107349400,1,0
133.107410000,1,1
133.107427400,1,0
133.107436000,1,1
133.107453400,1,0
133.107505400,1,1
133.107522800,1,0
133.107540000,1,1
133.107548800,1,0
133.107557400,1,1
133.107566200,1,0
133.107600800,1,1
133.107626800,1,0
133.107635400,1,1
133.107644200,1,0
133.107704800,1,1
133.107722200,1,0
133.107800000,1,1
133.107817600,1,0
133.107826200,1,1
133.107843600,1,0
133.107852200,1,1
133.107860800,1,0
133.107895400,1,1
133.107912800,1,0
133.107921400,1,1
133.107930200,1,0
133.107990800,1,1
133.108008200,1,0
133.108086200,1,1
133.108103600,1,0
133.108129400,1,1
133.108146800,1,0
133.108181400,1,1
133.108199000,1,0
133.108207400,1,1
133.108216200,1,0
133.108276800,1,1
133.108294200,1,0
133.108311400,1,1
133.108320200,1,0
133.108337400,1,1
133.108346200,1,0
133.108372200,1,1
133.108485000,1,0
133.108493400,1,1
133.108502200,1,0
133.108510800,1,1
133.108528200,1,0
133.108562800,1,1
133.108580200,1,0
133.108588800,1,1
133.108606200,1,0
133.108623400,1,1
133.108649600,1,0
133.108658200,1,1
133.108675600,1,0
133.108684200,1,1
133.108692800,1,0
133.108701400,1,1
133.108718800,1,0
133.108753400,1,1
133.108770800,1,0
133.108788000,1,1
133.108805600,1,0
133.108814000,1,1
133.108831600,1,0
133.108848800,1,1
133.108892200,1,0
133.108926800,1,1
133.108952800,1,0
133.108970000,1,1
133.108987600,1,0
133.109022000,1,1
133.109048200,1,0
133.109065400,1,1
133.109082800,1,0
133.109126000,1,1
133.109143400,1,0
133.109160800,1,1
133.109178200,1,0
133.109221400,1,1
133.109238800,1,0
133.109256000,1,1
133.109273400,1,0
133.109282000,1,1
133.109290800,1,0
133.109316800,1,1
133.109334200,1,0
133.109351400,1,1
133.109386200,1,0
133.109429400,1,1
133.109446800,1,0
133.109464000,1,1
133.109481400,1,0
133.109524800,1,1
133.109542200,1,0
133.109559400,1,1
133.109576800,1,0
133.109585400,1,1
133.109594200,1,0
133.109620000,1,1
133.109637400,1,0
133.109654800,1,1
133.109672200,1,0
133.109680800,1,1
133.109698200,1,0
133.109715400,1,1
133.109732800,1,0
133.109750000,1,1
133.109767400,1,0
133.109784600,1,1
133.109802200,1,0
133.109810600,1,1
133.109828200,1,0
133.109845400,1,1
133.109862800,1,0
133.109871400,1,1
133.109880000,1,0
133.109897400,1,1
133.109923400,1,0
133.109940600,1,1
133.109958000,1,0
133.110036000,1,1
133.110053400,1,0
133.110062000,1,1
133.110096800,1,0
133.110131400,1,1
133.110148800,1,0
133.110157400,1,1
133.110174800,1,0
133.110192000,1,1
133.110218000,1,0
133.110226600,1,1
133.110261400,1,0
133.110278600,1,1
133.110296000,1,0
133.110339400,1,1
133.110356800,1,0
133.110400000,1,1
133.110417400,1,0
133.110434600,1,1
133.110452000,1,0
133.110469200,1,1
133.110495400,1,0
133.110504000,1,1
133.110512800,1,0
133.110530000,1,1
133.110547400,1,0
133.110582000,1,1
133.110608000,1,0
133.110625200,1,1
133.110642800,1,0
133.110660000,1,1
133.110686000,1,0
133.110694600,1,1
133.110703400,1,0
133.110720600,1,1
133.110738000,1,0
133.110755200,1,1
133.110772600,1,0
133.110781200,1,1
133.110798600,1,0
133.110816000,1,1
133.110833400,1,0
133.110911200,1,1
133.110928600,1,0
133.110946000,1,1
133.110954600,1,0
133.110972000,1,1
133.110980600,1,0
133.111006600,1,1
133.111024000,1,0
133.111032600,1,1
133.111050000,1,0
133.111067200,1,1
133.111093400,1,0
133.111101800,1,1
133.111136600,1,0
133.111153800,1,1
133.111171400,1,0
133.111214600,1,1
133.111232000,1,0
133.111275200,1,1
133.111292600,1,0
133.111309800,1,1
133.111327200,1,0
133.111344600,1,1
133.111370600,1,0
133.111379200,1,1
133.111388000,1,0
133.111405200,1,1
133.111422600,1,0
133.111431200,1,1
133.111448600,1,0
133.111465800,1,1
133.111483200,1,0
133.111500600,1,1
133.111518000,1,0
133.111535200,1,1
133.111561200,1,0
133.111569800,1,1
133.111578600,1,0
133.111595800,1,1
133.111613200,1,0
133.111621800,1,1
133.111639200,1,0
133.111656600,1,1
133.111674000,1,0
133.111691200,1,1
133.111708600,1,0
133.111786400,1,1
133.111804000,1,0
133.111881800,1,1
133.111899200,1,0
133.111933800,1,1
133.111951200,1,0
133.111959800,1,1
133.111968600,1,0
133.111977200,1,1
133.111994600,1,0
133.112011800,1,1
133.112029200,1,0
133.112055200,1,1
133.112064000,1,0
133.112072600,1,1
133.414689200,0,1
133.414706600,1,1
133.414775800,0,1
133.414784400,1,1
133.414862400,0,1
133.414888200,1,1
133.414897000,0,1
133.414940200,1,1
133.414948800,0,1
133.415026800,1,1
133.415035400,0,1
133.415052600,1,1
133.415061400,0,1
133.415113200,1,1
133.415122000,0,1
133.415139200,1,1
133.415147800,0,1
133.415199800,1,1
133.415208400,0,1
133.415286400,1,1
133.415295000,0,1
133.415303600,1,1
133.415321000,0,1
133.415329600,1,1
133.415364200,0,1
133.415372800,1,1
133.415381600,0,1
133.415390200,1,1
133.415398800,0,1
133.415407400,1,1
133.415424800,0,1
133.415433400,1,1
133.415450800,0,1
133.415459400,1,1
133.436211400,1,0
133.436228600,1,1
133.436306800,1,0
133.436315200,1,1
133.436402000,1,0
133.436410600,1,1
133.436436800,1,0
133.436480000,1,1
133.436497400,1,0
133.436575400,1,1
133.436592800,1,0
133.436601400,1,1
133.436610000,1,0
133.436618600,1,1
133.436636000,1,0
133.436670600,1,1
133.436688000,1,0
133.436766000,1,1
133.436783400,1,0
133.436800600,1,1
133.436809400,1,0
133.436861400,1,1
133.436878800,1,0
133.436887400,1,1
133.436896000,1,0
133.436956600,1,1
133.436974000,1,0
133.436991400,1,1
133.437000000,1,0
133.437052000,1,1
133.437069400,1,0
133.437147400,1,1
133.437164800,1,0
133.437242600,1,1
133.437260200,1,0
133.437277400,1,1
133.437286200,1,0
133.437338000,1,1
133.437355400,1,0
133.437364000,1,1
133.437372800,1,0
133.437433400,1,1
133.437450800,1,0
133.437459400,1,1
133.437468200,1,0
133.437528800,1,1
133.437546200,1,0
133.437554800,1,1
133.437572200,1,0
133.437624000,1,1
133.437641400,1,0
133.437650000,1,1
133.437658800,1,0
133.437719400,1,1
133.437754200,1,0
133.437771400,1,1
133.437780200,1,0
133.437832000,1,1
133.437849600,1,0
133.437927400,1,1
133.437944800,1,0
133.437953400,1,1
133.437962200,1,0
133.437970800,1,1
133.437988200,1,0
133.437996800,1,1
133.438014200,1,0
133.438022800,1,1
133.438040200,1,0
133.438048800,1,1
133.438057600,1,0
133.438074800,1,1
133.438100800,1,0
133.438109400,1,1
133.438720800,0,1
133.438738200,1,1
133.438807400,0,1
133.438816000,1,1
133.438893800,0,1
133.438919800,1,1
133.438928600,0,1
133.438971800,1,1
133.438980400,0,1
133.439058400,1,1
133.439067000,0,1
133.439084200,1,1
133.439093000,0,1
133.439144800,1,1
133.439153600,0,1
133.439162200,1,1
133.439179400,0,1
133.439231400,1,1
133.439240000,0,1
133.439318000,1,1
133.439326600,0,1
133.439361200,1,1
133.439369800,0,1
133.439387200,1,1
133.439395800,0,1
133.439404400,1,1
133.439413200,0,1
133.439439000,1,1
133.439465000,0,1
133.439473600,1,1
133.439482400,0,1
133.439491000,1,1
133.461995200,1,0
133.462012600,1,1
133.462090600,1,0
133.462099200,1,1
133.462194600,1,0
133.462203200,1,1
133.462229200,1,0
133.462272400,1,1
133.462290000,1,0
133.462367800,1,1
133.462385200,1,0
133.462445800,1,1
133.462454600,1,0
133.462463200,1,1
133.462480600,1,0
133.462558400,1,1
133.462576000,1,0
133.462584400,1,1
133.462602000,1,0
133.462653800,1,1
133.462723200,1,0
133.462731800,1,1
133.462740600,1,0
133.462801200,1,1
133.462818600,1,0
133.462835800,1,1
133.462844600,1,0
133.462896600,1,1
133.462914000,1,0
133.462991800,1,1
133.463009200,1,0
133.463087200,1,1
133.463104600,1,0
133.463121800,1,1
133.463130600,1,0
133.463182600,1,1
133.463200000,1,0
133.463208600,1,1
133.463217200,1,0
133.463277800,1,1
133.463295200,1,0
133.463303800,1,1
133.463312600,1,0
133.463373200,1,1
133.463390600,1,0
133.463399200,1,1
133.463416600,1,0
133.463468600,1,1
133.463486000,1,0
133.463494600,1,1
133.463503200,1,0
133.463563800,1,1
133.463581200,1,0
133.463659200,1,1
133.463694000,1,0
133.463719800,1,1
133.463728600,1,0
133.463771800,1,1
133.463789400,1,0
133.463798000,1,1
133.463806600,1,0
133.463867200,1,1
133.463884600,1,0
133.463893200,1,1
133.463910600,1,0
133.463919200,1,1
133.463954000,1,0
133.463962600,1,1
133.463980000,1,0
133.463988600,1,1
133.463997400,1,0
133.464006000,1,1
133.464014600,1,0
133.464058000,1,1
133.464075400,1,0
133.464084000,1,1
133.464092600,1,0
133.464153200,1,1
133.464170600,1,0
133.464179200,1,1
133.464196600,1,0
133.464205200,1,1
133.464240000,1,0
133.464248600,1,1
133.464266000,1,0
133.464283200,1,1
133.464292000,1,0
133.464300600,1,1
133.464309400,1,0
133.464344000,1,1
133.464361400,1,0
133.464370000,1,1
133.464378600,1,0
133.464439200,1,1
133.464456600,1,0
133.464474000,1,1
133.464482600,1,0
133.464534600,1,1
133.464569400,1,0
133.464595200,1,1
133.464612800,1,0
133.464647200,1,1
133.464664800,1,0
133.464673400,1,1
133.464682000,1,0
133.464742600,1,1
133.464760000,1,0
133.464838000,1,1
133.464855400,1,0
133.464864000,1,1
133.464872800,1,0
133.464881400,1,1
133.464898800,1,0
133.464933400,1,1
133.464950800,1,0
133.464959400,1,1
133.464968200,1,0
133.465028600,1,1
133.465046200,1,0
133.465054600,1,1
133.465063400,1,0
133.465124000,1,1
133.465141400,1,0
133.465184600,1,1
133.465193400,1,0
133.465219400,1,1
133.465236800,1,0
133.465245400,1,1
133.465254200,1,0
133.465314600,1,1
133.465332200,1,0
133.465410000,1,1
133.465444800,1,0
133.465453400,1,1
133.465462000,1,0
133.465488000,1,1
133.465496800,1,0
133.465522600,1,1
133.465540000,1,0
133.465557400,1,1
133.465566000,1,0
133.465618000,1,1
133.465635400,1,0
133.465713400,1,1
133.465730800,1,0
133.465808600,1,1
133.465826000,1,0
133.465878000,1,1
133.465886800,1,0
133.465904000,1,1
133.465921400,1,0
133.465930000,1,1
133.465938800,1,0
133.465999200,1,1
133.466016600,1,0
133.466094600,1,1
133.466112000,1,0
133.466120600,1,1
133.466129400,1,0
133.466164000,1,1
133.466172600,1,0
133.466190000,1,1
133.466207400,1,0
133.466224600,1,1
133.466233400,1,0
133.466285200,1,1
133.466302600,1,0
133.466380600,1,1
133.466398000,1,0
133.466475800,1,1
133.466493400,1,0
133.466510600,1,1
133.466519400,1,0
133.466527800,1,1
133.466536600,1,0
133.466545200,1,1
133.466554000,1,0
133.466571200,1,1
133.466588600,1,0
133.466597200,1,1
133.466606000,1,0
133.466666600,1,1
133.466701200,1,0
133.466709800,1,1
133.466718600,1,0
133.466779200,1,1
133.466796600,1,0
133.466805200,1,1
133.466822600,1,0
133.466831200,1,1
133.466840000,1,0
133.466848400,1,1
133.466857200,1,0
133.466874400,1,1
133.466892000,1,0
133.466900400,1,1
133.466909200,1,0
133.466969800,1,1
133.466987200,1,0
133.466995800,1,1
133.467004600,1,0
133.467065000,1,1
133.467082600,1,0
133.467108400,1,1
133.467125800,1,0
133.467134400,1,1
133.467143200,1,0
133.467160400,1,1
133.467177800,1,0
133.467186400,1,1
133.467195200,1,0
133.467255800,1,1
133.467273200,1,0
133.467299000,1,1
133.467307800,1,0
133.467351000,1,1
133.467368400,1,0
133.467411600,1,1
133.467429200,1,0
133.467446400,1,1
133.467463800,1,0
133.467472400,1,1
133.467481200,1,0
133.467541600,1,1
133.467576400,1,0
133.467602400,1,1
133.467611000,1,0
133.467628400,1,1
133.467645800,1,0
133.467654400,1,1
133.467671800,1,0
133.467697600,1,1
133.467706400,1,0
133.467715000,1,1
133.467732400,1,0
133.467749600,1,1
133.467767000,1,0
133.467775600,1,1
133.467784400,1,0
133.467845000,1,1
133.467862400,1,0
133.467940400,1,1
133.467957800,1,0
133.467975000,1,1
133.467992400,1,0
133.468001000,1,1
133.468018400,1,0
133.468035600,1,1
133.468053000,1,0
133.468061600,1,1
133.468070400,1,0
133.468131000,1,1
133.468148400,1,0
133.468226400,1,1
133.468243800,1,0
133.468304400,1,1
133.468313000,1,0
133.468321600,1,1
133.468339000,1,0
133.468356400,1,1
133.468365000,1,0
133.468417000,1,1
133.468451800,1,0
133.468529600,1,1
133.468547000,1,0
133.468625000,1,1
133.468642400,1,0
133.468720400,1,1
133.468737800,1,0
133.468746400,1,1
133.468755000,1,0
133.468781000,1,1
133.468833000,1,0
133.468841600,1,1
133.468850400,1,0
133.468859000,1,1
133.468867800,1,0
133.468885000,1,1
133.468893800,1,0
133.468911000,1,1
133.469415800,0,1
133.469433200,1,1
133.469502400,0,1
133.469511000,1,1
133.469589000,0,1
133.469614800,1,1
133.469623600,0,1
133.469666800,1,1
133.469675400,0,1
133.469753400,1,1
133.469762000,0,1
133.469779200,1,1
133.469788000,0,1
133.469839800,1,1
133.469848600,0,1
133.469874400,1,1
133.469883200,0,1
133.469926400,1,1
133.469935000,0,1
133.470013000,1,1
133.470021600,0,1
133.470030200,1,1
133.470038800,0,1
133.470064800,1,1
133.470073600,0,1
133.470082200,1,1
133.470108200,0,1
133.470116800,1,1
133.470134000,0,1
133.470142800,1,1
133.470151400,0,1
133.470168800,1,1
133.491454800,1,0
133.491472000,1,1
133.491550200,1,0
133.491558600,1,1
133.491645400,1,0
133.491654000,1,1
133.491680200,1,0
133.491723400,1,1
133.491758200,1,0
133.491836000,1,1
133.491853400,1,0
133.491896800,1,1
133.491905400,1,0
133.491931400,1,1
133.491948800,1,0
133.492026600,1,1
133.492044200,1,0
133.492070000,1,1
133.492078800,1,0
133.492122000,1,1
133.492139400,1,0
133.492148000,1,1
133.492156800,1,0
133.492217400,1,1
133.492234800,1,0
133.492252000,1,1
133.492260800,1,0
133.492312800,1,1
133.492330200,1,0
133.492408000,1,1
133.492425400,1,0
133.492503400,1,1
133.492520800,1,0
133.492538000,1,1
133.492546800,1,0
133.492598800,1,1
133.492633400,1,0
133.492642000,1,1
133.492650800,1,0
133.492711400,1,1
133.492728800,1,0
133.492806800,1,1
133.492824200,1,0
133.492832800,1,1
133.492850200,1,0
133.492902000,1,1
133.492919400,1,0
133.492928000,1,1
133.492936800,1,0
133.492997400,1,1
133.493014800,1,0
133.493092800,1,1
133.493110200,1,0
133.493136200,1,1
133.493144800,1,0
133.493188200,1,1
133.493205600,1,0
133.493214200,1,1
133.493222800,1,0
133.493283400,1,1
133.493300800,1,0
133.493378800,1,1
133.493396200,1,0
133.493474200,1,1
133.493491600,1,0
133.493500200,1,1
133.493509000,1,0
133.493517600,1,1
133.493526200,1,0
133.493534800,1,1
133.493543600,1,0
133.493552200,1,1
133.493561000,1,0
133.493569600,1,1
133.493587000,1,0
133.493595600,1,1
133.493604200,1,0
133.493612800,1,1
133.493621600,1,0
133.493630200,1,1
133.493639000,1,0
133.493647600,1,1
133.493656200,1,0
133.493664800,1,1
133.494260800,0,1
133.494278200,1,1
133.494347400,0,1
133.494356000,1,1
133.494434000,0,1
133.494442600,1,1
133.494460000,0,1
133.494511800,1,1
133.494520400,0,1
133.494598400,1,1
133.494607000,0,1
133.494641600,1,1
133.494650200,0,1
133.494685000,1,1
133.494693600,0,1
133.494710800,1,1
133.494719600,0,1
133.494771400,1,1
133.494780000,0,1
133.494797400,1,1
133.494806000,0,1
133.494858000,1,1
133.494866600,0,1
133.494875200,1,1
133.494884000,0,1
133.494944600,1,1
133.494953200,0,1
133.494961800,1,1
133.494970400,0,1
133.495031000,1,1
133.495039800,0,1
133.495048400,1,1
133.495065600,0,1
133.495117600,1,1
133.495126200,0,1
133.495134800,1,1
133.495143600,0,1
133.495204200,1,1
133.495212800,0,1
133.495221400,1,1
133.495238800,0,1
133.495290600,1,1
133.495299400,0,1
133.495377200,1,1
133.495385800,0,1
133.495420400,1,1
133.495429200,0,1
133.495446400,1,1
133.495472400,0,1
133.495481000,1,1
133.495489800,0,1
133.495498400,1,1
133.495507000,0,1
133.495515600,1,1
133.495533000,0,1
133.495550200,1,1
133.516843400,1,0
133.516860600,1,1
133.516947400,1,0
133.516956000,1,1
133.517042800,1,0
133.517051400,1,1
133.517077400,1,0
133.517120600,1,1
133.517138000,1,0
133.517216000,1,1
133.517233400,1,0
133.517242000,1,1
133.517250800,1,0
133.517259400,1,1
133.517276800,1,0
133.517311400,1,1
133.517328800,1,0
133.517406800,1,1
133.517424200,1,0
133.517441400,1,1
133.517450200,1,0
133.517502200,1,1
133.517519600,1,0
133.517528200,1,1
133.517536800,1,0
133.517597400,1,1
133.517614800,1,0
133.517632200,1,1
133.517640800,1,0
133.517692800,1,1
133.517710200,1,0
133.517788200,1,1
133.517805600,1,0
133.517883400,1,1
133.517901000,1,0
133.517918200,1,1
133.517927000,1,0
133.517978800,1,1
133.517996200,1,0
133.518004800,1,1
133.518013600,1,0
133.518074200,1,1
133.518091600,1,0
133.518100200,1,1
133.518109000,1,0
133.518169600,1,1
133.518204400,1,0
133.518213000,1,1
133.518230400,1,0
133.518282200,1,1
133.518299800,1,0
133.518308200,1,1
133.518317000,1,0
133.518377600,1,1
133.518395000,1,0
133.518403600,1,1
133.518421000,1,0
133.518473000,1,1
133.518490400,1,0
133.518568400,1,1
133.518585800,1,0
133.518603000,1,1
133.518637800,1,0
133.518646400,1,1
133.518655200,1,0
133.518663800,1,1
133.518681200,1,0
133.518715800,1,1
133.518724600,1,0
133.518750400,1,1
134.418658800,0,1
134.418676000,1,1
134.418745200,0,1
134.418754000,1,1
134.418831800,0,1
134.418857800,1,1
134.418866400,0,1
134.418909800,1,1
134.418918400,0,1
134.418996200,1,1
134.419005000,0,1
134.419022200,1,1
134.419030800,0,1
134.419082800,1,1
134.419091400,0,1
134.419108800,1,1
134.419117400,0,1
134.419169400,1,1
134.419178000,0,1
134.419255800,1,1
134.419264600,0,1
134.419273200,1,1
134.419290400,0,1
134.419299200,1,1
134.419333800,0,1
134.419342400,1,1
134.419351000,0,1
134.419359800,1,1
134.419368400,0,1
134.419377000,1,1
134.419394400,0,1
134.419403000,1,1
134.419420200,0,1
134.419429000,1,1
134.444349000,1,0
134.444366200,1,1
134.444453000,1,0
134.444461400,1,1
134.444548200,1,0
134.444556800,1,1
134.444583000,1,0
134.444626200,1,1
134.444643600,1,0
134.444721400,1,1
134.444739000,1,0
134.444747600,1,1
134.444756200,1,0
134.444764800,1,1
134.444782200,1,0
134.444816800,1,1
134.444834200,1,0
134.444912200,1,1
134.444929600,1,0
134.444946800,1,1
134.444955600,1,0
134.445007600,1,1
134.445025000,1,0
134.445033600,1,1
134.445042200,1,0
134.445102800,1,1
134.445120200,1,0
134.445137600,1,1
134.445146200,1,0
134.445198200,1,1
134.445215600,1,0
134.445293600,1,1
134.445328400,1,0
134.445406200,1,1
134.445423600,1,0
134.445440800,1,1
134.445449600,1,0
134.445501600,1,1
134.445519000,1,0
134.445527600,1,1
134.445536200,1,0
134.445596800,1,1
134.445614200,1,0
134.445622800,1,1
134.445631600,1,0
134.445692200,1,1
134.445709600,1,0
134.445718200,1,1
134.445735600,1,0
134.445787600,1,1
134.445805000,1,0
134.445813600,1,1
134.445822400,1,0
134.445882800,1,1
134.445900400,1,0
134.445908800,1,1
134.445926400,1,0
134.445978200,1,1
134.445995600,1,0
134.446073600,1,1
134.446091000,1,0
134.446108200,1,1
134.446143000,1,0
134.446151600,1,1
134.446160400,1,0
134.446168800,1,1
134.446186400,1,0
134.446220800,1,1
134.446229600,1,0
134.446255600,1,1
134.446835600,0,1
134.446852800,1,1
134.446922000,0,1
134.446930600,1,1
134.447008600,0,1
134.447034600,1,1
134.447043200,0,1
134.447086400,1,1
134.447095200,0,1
134.447173000,1,1
134.447181600,0,1
134.447199000,1,1
134.447207600,0,1
134.447259600,1,1
134.447268200,0,1
134.447276800,1,1
134.447294200,0,1
134.447346000,1,1
134.447354800,0,1
134.447432600,1,1
134.447441200,0,1
134.447475800,1,1
134.447484600,0,1
134.447501800,1,1
134.447510400,0,1
134.447519200,1,1
134.447527800,0,1
134.447553800,1,1
134.447579800,0,1
134.447588400,1,1
134.447597000,0,1
134.447605600,1,1
134.470122200,1,0
134.470139400,1,1
134.470217400,1,0
134.470226000,1,1
134.470312800,1,0
134.470321400,1,1
134.470347400,1,0
134.470390600,1,1
134.470408200,1,0
134.470486000,1,1
134.470520800,1,0
134.470581400,1,1
134.470590200,1,0
134.470598600,1,1
134.470616200,1,0
134.470694000,1,1
134.470711400,1,0
134.470720000,1,1
134.470737400,1,0
134.470789400,1,1
134.470806800,1,0
134.470815400,1,1
134.470824200,1,0
134.470884600,1,1
134.470902200,1,0
134.470919400,1,1
134.470928200,1,0
134.470980000,1,1
134.471023400,1,0
134.471101400,1,1
134.471153400,1,0
134.471231400,1,1
134.471266000,1,0
134.471283400,1,1
134.471292000,1,0
134.471344000,1,1
134.471361400,1,0
134.471370000,1,1
134.471378800,1,0
134.471439200,1,1
134.471456800,1,0
134.471465200,1,1
134.471474000,1,0
134.471534600,1,1
134.471552000,1,0
134.471560600,1,1
134.471578000,1,0
134.471630000,1,1
134.471647400,1,0
134.471656000,1,1
134.471664800,1,0
134.471725200,1,1
134.471742800,1,0
134.471820600,1,1
134.471838000,1,0
134.471864000,1,1
134.471872800,1,0
134.471916000,1,1
134.471933400,1,0
134.471942000,1,1
134.471950800,1,0
134.472011200,1,1
134.472028800,1,0
134.472037200,1,1
134.472054800,1,0
134.472063200,1,1
134.472098000,1,0
134.472106600,1,1
134.472124000,1,0
134.472132600,1,1
134.472141400,1,0
134.472150000,1,1
134.472158800,1,0
134.472202000,1,1
134.472219400,1,0
134.472228000,1,1
134.472236800,1,0
134.472297200,1,1
134.472314600,1,0
134.472323200,1,1
134.472340600,1,0
134.472349200,1,1
134.472384000,1,0
134.472392600,1,1
134.472410000,1,0
134.472427200,1,1
134.472436000,1,0
134.472444600,1,1
134.472453400,1,0
134.472488000,1,1
134.472522800,1,0
134.472531200,1,1
134.472540000,1,0
134.472600600,1,1
134.472618000,1,0
134.472635200,1,1
134.472644000,1,0
134.472696000,1,1
134.472713400,1,0
134.472739200,1,1
134.472756800,1,0
134.472791200,1,1
134.472808800,1,0
134.472817200,1,1
134.472826000,1,0
134.472886600,1,1
134.472904000,1,0
134.472982000,1,1
134.472999400,1,0
134.473008000,1,1
134.473016800,1,0
134.473025200,1,1
134.473042800,1,0
134.473077200,1,1
134.473094800,1,0
134.473103200,1,1
134.473112000,1,0
134.473172600,1,1
134.473190000,1,0
134.473198600,1,1
134.473207400,1,0
134.473268000,1,1
134.473285400,1,0
134.473328600,1,1
134.473337400,1,0
134.473363200,1,1
134.473398000,1,0
134.473406600,1,1
134.473415400,1,0
134.473476000,1,1
134.473493400,1,0
134.473571200,1,1
134.473588600,1,0
134.473597200,1,1
134.473606000,1,0
134.473631800,1,1
134.473640600,1,0
134.473666600,1,1
134.473684000,1,0
134.473701200,1,1
134.473710000,1,0
134.473761800,1,1
134.473779400,1,0
134.473857200,1,1
134.473874600,1,0
134.473952600,1,1
134.473970000,1,0
134.474021800,1,1
134.474030600,1,0
134.474047800,1,1
134.474065200,1,0
134.474073800,1,1
134.474082600,1,0
134.474143200,1,1
134.474160600,1,0
134.474238400,1,1
134.474273200,1,0
134.474281800,1,1
134.474290600,1,0
134.474325200,1,1
134.474334000,1,0
134.474351200,1,1
134.474368600,1,0
134.474385800,1,1
134.474394600,1,0
134.474446400,1,1
134.474464000,1,0
134.474541800,1,1
134.474559200,1,0
134.474637200,1,1
134.474654600,1,0
134.474671800,1,1
134.474680600,1,0
134.474689200,1,1
134.474698000,1,0
134.474706400,1,1
134.474715200,1,0
134.474732400,1,1
134.474750000,1,0
134.474758400,1,1
134.474767200,1,0
134.474827800,1,1
134.474845200,1,0
134.474853800,1,1
134.474862600,1,0
134.474923200,1,1
134.474940600,1,0
134.474949200,1,1
134.474966600,1,0
134.474975200,1,1
134.474983800,1,0
134.474992400,1,1
134.475001200,1,0
134.475018400,1,1
134.475035800,1,0
134.475044400,1,1
134.475053200,1,0
134.475113800,1,1
134.475148600,1,0
134.475157000,1,1
134.475165800,1,0
134.475226400,1,1
134.475243800,1,0
134.475269800,1,1
134.475287200,1,0
134.475295800,1,1
134.475304400,1,0
134.475321800,1,1
134.475339200,1,0
134.475347800,1,1
134.475356400,1,0
134.475417000,1,1
134.475434400,1,0
134.475460400,1,1
134.475469200,1,0
134.475512400,1,1
134.475529800,1,0
134.475573000,1,1
134.475590400,1,0
134.475607800,1,1
134.475625200,1,0
134.475633800,1,1
134.475642400,1,0
134.475703000,1,1
134.475720400,1,0
134.475746400,1,1
134.475755200,1,0
134.475772400,1,1
134.475789800,1,0
134.475798400,1,1
134.475815800,1,0
134.475841800,1,1
134.475850400,1,0
134.475859000,1,1
134.475876400,1,0
134.475893800,1,1
134.475911200,1,0
134.475919800,1,1
134.475928400,1,0
134.475989000,1,1
134.476032600,1,0
134.476110400,1,1
134.476127800,1,0
134.476145000,1,1
134.476162400,1,0
134.476171000,1,1
134.476188400,1,0
134.476205800,1,1
134.476223200,1,0
134.476231800,1,1
134.476240400,1,0
134.476301000,1,1
134.476318400,1,0
134.476396400,1,1
134.476413800,1,0
134.476474400,1,1
134.476483200,1,0
134.476491800,1,1
134.476535200,1,0
134.476552400,1,1
134.476561200,1,0
134.476613000,1,1
134.476630400,1,0
134.476708400,1,1
134.476725800,1,0
134.476803600,1,1
134.476821000,1,0
134.476899000,1,1
134.476916400,1,0
134.476925000,1,1
134.476933800,1,0
134.476959600,1,1
134.477029000,1,0
134.477037600,1,1
134.477046400,1,0
134.477055000,1,1
134.477063800,1,0
134.477081000,1,1
134.477089800,1,0
134.477107000,1,1
134.477573800,0,1
134.477591000,1,1
134.477660400,0,1
134.477669000,1,1
134.477746800,0,1
134.477772800,1,1
134.477781400,0,1
134.477824800,1,1
134.477833400,0,1
134.477911200,1,1
134.477920000,0,1
134.477937200,1,1
134.477945800,0,1
134.477997800,1,1
134.478006400,0,1
134.478032400,1,1
134.478041000,0,1
134.478084400,1,1
134.478093000,0,1
134.478170800,1,1
134.478179600,0,1
134.478188200,1,1
134.478196800,0,1
134.478222800,1,1
134.478231400,0,1
134.478240200,1,1
134.478266000,0,1
134.478274800,1,1
134.478292000,0,1
134.478300600,1,1
134.478309400,0,1
134.478326600,1,1
134.499597200,1,0
134.499614600,1,1
134.499701200,1,0
134.499709800,1,1
134.499796600,1,0
134.499805200,1,1
134.499831200,1,0
134.499874600,1,1
134.499892000,1,0
134.499969800,1,1
134.499987400,1,0
134.500030600,1,1
134.500039400,1,0
134.500065200,1,1
134.500082600,1,0
134.500160600,1,1
134.500178000,1,0
134.500204000,1,1
134.500212600,1,0
134.500256000,1,1
134.500273400,1,0
134.500282000,1,1
134.500290600,1,0
134.500351200,1,1
134.500368800,1,0
134.500386000,1,1
134.500394800,1,0
134.500446600,1,1
134.500464000,1,0
134.500542000,1,1
134.500585400,1,0
134.500663400,1,1
134.500680800,1,0
134.500698000,1,1
134.500706800,1,0
134.500758600,1,1
134.500776200,1,0
134.500784600,1,1
134.500793400,1,0
134.500854000,1,1
134.500871400,1,0
134.500949400,1,1
134.500966800,1,0
134.500975400,1,1
134.500992800,1,0
134.501044800,1,1
134.501088200,1,0
134.501096800,1,1
134.501105600,1,0
134.501166200,1,1
134.501183600,1,0
134.501261600,1,1
134.501279000,1,0
134.501304800,1,1
134.501313600,1,0
134.501356800,1,1
134.501374400,1,0
134.501382800,1,1
134.501391600,1,0
134.501452200,1,1
134.501469600,1,0
134.501547600,1,1
134.501582400,1,0
134.501660200,1,1
134.501677800,1,0
134.501686200,1,1
134.501695000,1,0
134.501703600,1,1
134.501712400,1,0
134.501721000,1,1
134.501729800,1,0
134.501738200,1,1
134.501747000,1,0
134.501755600,1,1
134.501773000,1,0
134.501781600,1,1
134.501790400,1,0
134.501799000,1,1
134.501807800,1,0
134.501816200,1,1
134.501825000,1,0
134.501833600,1,1
134.501842400,1,0
134.501851000,1,1
135.450666600,0,1
135.450683800,1,1
135.450753000,0,1
135.450761800,1,1
135.450839600,0,1
135.450865600,1,1
135.450874200,0,1
135.450917400,1,1
135.450926200,0,1
135.451004000,1,1
135.451012600,0,1
135.451030000,1,1
135.451038600,0,1
135.451090600,1,1
135.451099200,0,1
135.451116600,1,1
135.451125200,0,1
135.451177200,1,1
135.451185800,0,1
135.451263600,1,1
135.451272200,0,1
135.451281000,1,1
135.451298200,0,1
135.451307000,1,1
135.451341600,0,1
135.451350200,1,1
135.451358800,0,1
135.451367400,1,1
135.451376200,0,1
135.451384800,1,1
135.451402200,0,1
135.451410800,1,1
135.451428000,0,1
135.451436800,1,1
135.472302400,1,0
135.472319600,1,1
135.472415000,1,0
135.472423600,1,1
135.472510400,1,0
135.472518800,1,1
135.472545000,1,0
135.472588200,1,1
135.472605600,1,0
135.472683600,1,1
135.472701000,1,0
135.472709600,1,1
135.472718400,1,0
135.472727000,1,1
135.472744400,1,0
135.472779000,1,1
135.472796400,1,0
135.472874200,1,1
135.472935000,1,0
135.472952200,1,1
135.472961000,1,0
135.473012800,1,1
135.473039000,1,0
135.473047600,1,1
135.473056400,1,0
135.473116800,1,1
135.473134400,1,0
135.473151600,1,1
135.473160400,1,0
135.473212200,1,1
135.473229600,1,0
135.473307600,1,1
135.473325000,1,0
135.473402800,1,1
135.473420400,1,0
135.473437600,1,1
135.473446400,1,0
135.473498200,1,1
135.473515600,1,0
135.473524200,1,1
135.473533000,1,0
135.473593600,1,1
135.473611000,1,0
135.473619600,1,1
135.473628400,1,0
135.473688800,1,1
135.473706200,1,0
135.473714800,1,1
135.473732200,1,0
135.473784200,1,1
135.473801600,1,0
135.473810200,1,1
135.473819000,1,0
135.473879400,1,1
135.473897000,1,0
135.473905400,1,1
135.473923000,1,0
135.473974800,1,1
135.473992200,1,0
135.474070200,1,1
135.474087600,1,0
135.474104800,1,1
135.474139600,1,0
135.474148200,1,1
135.474156800,1,0
135.474165400,1,1
135.474182800,1,0
135.474217400,1,1
135.474226200,1,0
135.474252000,1,1
135.474828000,0,1
135.474845200,1,1
135.474914400,0,1
135.474923200,1,1
135.475001000,0,1
135.475027000,1,1
135.475035600,0,1
135.475078800,1,1
135.475087600,0,1
135.475165400,1,1
135.475174000,0,1
135.475191400,1,1
135.475200000,0,1
135.475252000,1,1
135.475260600,0,1
135.475269200,1,1
135.475286600,0,1
135.475338400,1,1
135.475347200,0,1
135.475425000,1,1
135.475433600,0,1
135.475468200,1,1
135.475477000,0,1
135.475494200,1,1
135.475503000,0,1
135.475511600,1,1
135.475520200,0,1
135.475546200,1,1
135.475572200,0,1
135.475580800,1,1
135.475589400,0,1
135.475598000,1,1
135.498102200,1,0
135.498119400,1,1
135.498197400,1,0
135.498206000,1,1
135.498292800,1,0
135.498301400,1,1
135.498327400,1,0
135.498370800,1,1
135.498388200,1,0
135.498466000,1,1
135.498483400,1,0
135.498544000,1,1
135.498552800,1,0
135.498561400,1,1
135.498578800,1,0
135.498656800,1,1
135.498674200,1,0
135.498682800,1,1
135.498700200,1,0
135.498752000,1,1
135.498769400,1,0
135.498778000,1,1
135.498786800,1,0
135.498847400,1,1
135.498864800,1,0
135.498882000,1,1
135.498890800,1,0
135.498942600,1,1
135.498977400,1,0
135.499055400,1,1
135.499072800,1,0
135.499150600,1,1
135.499168200,1,0
135.499185400,1,1
135.499194200,1,0
135.499246000,1,1
135.499263400,1,0
135.499272000,1,1
135.499280800,1,0
135.499341400,1,1
135.499358800,1,0
135.499367400,1,1
135.499376200,1,0
135.499436600,1,1
135.499454200,1,0
135.499462600,1,1
135.499480000,1,0
135.499532000,1,1
135.499549400,1,0
135.499558000,1,1
135.499566800,1,0
135.499627400,1,1
135.499644800,1,0
135.499722600,1,1
135.499740000,1,0
135.499766000,1,1
135.499774800,1,0
135.499818000,1,1
135.499852800,1,0
135.499861400,1,1
135.499870000,1,0
135.499930600,1,1
135.499948000,1,0
135.499956600,1,1
135.499974000,1,0
135.499982600,1,1
135.500017400,1,0
135.500026000,1,1
135.500043400,1,0
135.500052000,1,1
135.500060800,1,0
135.500069400,1,1
135.500078000,1,0
135.500121200,1,1
135.500138800,1,0
135.500147200,1,1
135.500156000,1,0
135.500216600,1,1
135.500234000,1,0
135.500242600,1,1
135.500260000,1,0
135.500268600,1,1
135.500303400,1,0
135.500312000,1,1
135.500329400,1,0
135.500346600,1,1
135.500355400,1,0
135.500364000,1,1
135.500372800,1,0
135.500407200,1,1
135.500424800,1,0
135.500433200,1,1
135.500442000,1,0
135.500502600,1,1
135.500520000,1,0
135.500537200,1,1
135.500546000,1,0
135.500598000,1,1
135.500615400,1,0
135.500641200,1,1
135.500658600,1,0
135.500693200,1,1
135.500728000,1,0
135.500736600,1,1
135.500745400,1,0
135.500805800,1,1
135.500823400,1,0
135.500901200,1,1
135.500918600,1,0
135.500927200,1,1
135.500936000,1,0
135.500944600,1,1
135.500962000,1,0
135.500996600,1,1
135.501014000,1,0
135.501022600,1,1
135.501031200,1,0
135.501091800,1,1
135.501109200,1,0
135.501117800,1,1
135.501126600,1,0
135.501187200,1,1
135.501204600,1,0
135.501247800,1,1
135.501256600,1,0
135.501282600,1,1
135.501300000,1,0
135.501308600,1,1
135.501317200,1,0
135.501377800,1,1
135.501395400,1,0
135.501473200,1,1
135.501490600,1,0
135.501499200,1,1
135.501508000,1,0
135.501533800,1,1
135.501542600,1,0
135.501568600,1,1
135.501603200,1,0
135.501620600,1,1
135.501629200,1,0
135.501681200,1,1
135.501698600,1,0
135.501776600,1,1
135.501794000,1,0
135.501871800,1,1
135.501889200,1,0
135.501941200,1,1
135.501950000,1,0
135.501967200,1,1
135.501984600,1,0
135.501993200,1,1
135.502002000,1,0
135.502062600,1,1
135.502080000,1,0
135.502157800,1,1
135.502175200,1,0
135.502183800,1,1
135.502192600,1,0
135.502227200,1,1
135.502236000,1,0
135.502253200,1,1
135.502270600,1,0
135.502287800,1,1
135.502296600,1,0
135.502348400,1,1
135.502366000,1,0
135.502443800,1,1
135.502478600,1,0
135.502556400,1,1
135.502574000,1,0
135.502591200,1,1
135.502600000,1,0
135.502608400,1,1
135.502617200,1,0
135.502625800,1,1
135.502634600,1,0
135.502651800,1,1
135.502669200,1,0
135.502677800,1,1
135.502686600,1,0
135.502747200,1,1
135.502764600,1,0
135.502773200,1,1
135.502781800,1,0
135.502842400,1,1
135.502859800,1,0
135.502868400,1,1
135.502885800,1,0
135.502894400,1,1
135.502903200,1,0
135.502911800,1,1
135.502920600,1,0
135.502937800,1,1
135.502955200,1,0
135.502963800,1,1
135.502972600,1,0
135.503033200,1,1
135.503050600,1,0
135.503059200,1,1
135.503067800,1,0
135.503128400,1,1
135.503145800,1,0
135.503171800,1,1
135.503189200,1,0
135.503197800,1,1
135.503206600,1,0
135.503223800,1,1
135.503241200,1,0
135.503249800,1,1
135.503258600,1,0
135.503319000,1,1
135.503362600,1,0
135.503388400,1,1
135.503397200,1,0
135.503440400,1,1
135.503457800,1,0
135.503501000,1,1
135.503518400,1,0
135.503535800,1,1
135.503553200,1,0
135.503561800,1,1
135.503570400,1,0
135.503631000,1,1
135.503648400,1,0
135.503674400,1,1
135.503683200,1,0
135.503700400,1,1
135.503717800,1,0
135.503726400,1,1
135.503743800,1,0
135.503769800,1,1
135.503778400,1,0
135.503787000,1,1
135.503804400,1,0
135.503821600,1,1
135.503856400,1,0
135.503865000,1,1
135.503873800,1,0
135.503934400,1,1
135.503951800,1,0
135.504029600,1,1
135.504047200,1,0
135.504064400,1,1
135.504081800,1,0
135.504090400,1,1
135.504107800,1,0
135.504125000,1,1
135.504142400,1,0
135.504151000,1,1
135.504159800,1,0
135.504220400,1,1
135.504237800,1,0
135.504315600,1,1
135.504333000,1,0
135.504393600,1,1
135.504402400,1,0
135.504411000,1,1
135.504428400,1,0
135.504445600,1,1
135.504454400,1,0
135.504506400,1,1
135.504523800,1,0
135.504601600,1,1
135.504619000,1,0
135.504697000,1,1
135.504731800,1,0
135.504809600,1,1
135.504827000,1,0
135.504835600,1,1
135.504844400,1,0
135.504870200,1,1
135.504922400,1,0
135.504931000,1,1
135.504939800,1,0
135.504948200,1,1
135.504957000,1,0
135.504974200,1,1
135.504983000,1,0
135.505000200,1,1
135.505471000,0,1
135.505488200,1,1
135.505557600,0,1
135.505566200,1,1
135.505644000,0,1
135.505670000,1,1
135.505678600,0,1
135.505722000,1,1
135.505730600,0,1
135.505808400,1,1
135.505817200,0,1
135.505834400,1,1
135.505843000,0,1
135.505895000,1,1
135.505903600,0,1
135.505929600,1,1
135.505938200,0,1
135.505981600,1,1
135.505990200,0,1
135.506068000,1,1
135.506076800,0,1
135.506085400,1,1
135.506094000,0,1
135.506120000,1,1
135.506128600,0,1
135.506137400,1,1
135.506163200,0,1
135.506172000,1,1
135.506189200,0,1
135.506197800,1,1
135.506206600,0,1
135.506223800,1,1
135.527550800,1,0
135.527568200,1,1
135.527663600,1,0
135.527672200,1,1
135.527759000,1,0
135.527767400,1,1
135.527793600,1,0
135.527836800,1,1
135.527854200,1,0
135.527932200,1,1
135.527949600,1,0
135.527992800,1,1
135.528001600,1,0
135.528027400,1,1
135.528044800,1,0
135.528122800,1,1
135.528140200,1,0
135.528166200,1,1
135.528174800,1,0
135.528218200,1,1
135.528235600,1,0
135.528244200,1,1
135.528252800,1,0
135.528313400,1,1
135.528330800,1,0
135.528348000,1,1
135.528356800,1,0
135.528408800,1,1
135.528426200,1,0
135.528504000,1,1
135.528538800,1,0
135.528616800,1,1
135.528634200,1,0
135.528651400,1,1
135.528660200,1,0
135.528712000,1,1
135.528729400,1,0
135.528738000,1,1
135.528746800,1,0
135.528807400,1,1
135.528824800,1,0
135.528902800,1,1
135.528920200,1,0
135.528928800,1,1
135.528946200,1,0
135.528998000,1,1
135.529015400,1,0
135.529024000,1,1
135.529032800,1,0
135.529093400,1,1
135.529110800,1,0
135.529188800,1,1
135.529206200,1,0
135.529232000,1,1
135.529240800,1,0
135.529284000,1,1
135.529301400,1,0
135.529310000,1,1
135.529318800,1,0
135.529379400,1,1
135.529414200,1,0
135.529492000,1,1
135.529509400,1,0
135.529587400,1,1
135.529604800,1,0
135.529613400,1,1
135.529622200,1,0
135.529630800,1,1
135.529639400,1,0
135.529648000,1,1
135.529656800,1,0
135.529665400,1,1
135.529674200,1,0
135.529682800,1,1
135.529700200,1,0
135.529708800,1,1
135.529717400,1,0
135.529726000,1,1
135.529734800,1,0
135.529743400,1,1
135.529752200,1,0
135.529760800,1,1
135.529769400,1,0
135.529778000,1,1
136.478641600,0,1
136.478659000,1,1
136.478728200,0,1
136.478736800,1,1
136.478814600,0,1
136.478840600,1,1
136.478849400,0,1
136.478892600,1,1
136.478901200,0,1
136.478979200,1,1
136.478987800,0,1
136.479005000,1,1
136.479013800,0,1
136.479065600,1,1
136.479074400,0,1
136.479091600,1,1
136.479100200,0,1
136.479152200,1,1
136.479160800,0,1
136.479238800,1,1
136.479247400,0,1
136.479256000,1,1
136.479273400,0,1
136.479282000,1,1
136.479316600,0,1
136.479325200,1,1
136.479334000,0,1
136.479342600,1,1
136.479351200,0,1
136.479359800,1,1
136.479377200,0,1
136.479385800,1,1
136.479403200,0,1
136.479411800,1,1
136.500412800,1,0
136.500430000,1,1
136.500508200,1,0
136.500516800,1,1
136.500603600,1,0
136.500612000,1,1
136.500638200,1,0
136.500681400,1,1
136.500698800,1,0
136.500776800,1,1
136.500794200,1,0
136.500802800,1,1
136.500811600,1,0
136.500820200,1,1
136.500837600,1,0
136.500872200,1,1
136.500906800,1,0
136.500984800,1,1
136.501002200,1,0
136.501019400,1,1
136.501028200,1,0
136.501080200,1,1
136.501097600,1,0
136.501106000,1,1
136.501114800,1,0
136.501175400,1,1
136.501192800,1,0
136.501210200,1,1
136.501218800,1,0
136.501270800,1,1
136.501288200,1,0
136.501366200,1,1
136.501383600,1,0
136.501461400,1,1
136.501478800,1,0
136.501496200,1,1
136.501504800,1,0
136.501556800,1,1
136.501574200,1,0
136.501582800,1,1
136.501591600,1,0
136.501652200,1,1
136.501669600,1,0
136.501678200,1,1
136.501686800,1,0
136.501747400,1,1
136.501765000,1,0
136.501773400,1,1
136.501791000,1,0
136.501842800,1,1
136.501860200,1,0
136.501868800,1,1
136.501877600,1,0
136.501938200,1,1
136.501955600,1,0
136.501964200,1,1
136.501981600,1,0
136.502033600,1,1
136.502051000,1,0
136.502128800,1,1
136.502163600,1,0
136.502180800,1,1
136.502215600,1,0
136.502224200,1,1
136.502233000,1,0
136.502241600,1,1
136.502259000,1,0
136.502293600,1,1
136.502302200,1,0
136.502328200,1,1
136.502880800,0,1
136.502898200,1,1
136.502967400,0,1
136.502976000,1,1
136.503054000,0,1
136.503080000,1,1
136.503088600,0,1
136.503131800,1,1
136.503140400,0,1
136.503218400,1,1
136.503227000,0,1
136.503244400,1,1
136.503253000,0,1
136.503305000,1,1
136.503313600,0,1
136.503322200,1,1
136.503339600,0,1
136.503391400,1,1
136.503400200,0,1
136.503478000,1,1
136.503486600,0,1
136.503521200,1,1
136.503530000,0,1
136.503547200,1,1
136.503555800,0,1
136.503564600,1,1
136.503573200,0,1
136.503599200,1,1
136.503625200,0,1
136.503633800,1,1
136.503642400,0,1
136.503651000,1,1
136.526154200,1,0
136.526171600,1,1
136.526249600,1,0
136.526258200,1,1
136.526345000,1,0
136.526353600,1,1
136.526379600,1,0
136.526422800,1,1
136.526440200,1,0
136.526518200,1,1
136.526535600,1,0
136.526596200,1,1
136.526605000,1,0
136.526613600,1,1
136.526631000,1,0
136.526708800,1,1
136.526726400,1,0
136.526734800,1,1
136.526752400,1,0
136.526804200,1,1
136.526821600,1,0
136.526830200,1,1
136.526839000,1,0
136.526899600,1,1
136.526917000,1,0
136.526934200,1,1
136.526943000,1,0
136.526994800,1,1
136.527012400,1,0
136.527090200,1,1
136.527107600,1,0
136.527185600,1,1
136.527203000,1,0
136.527220200,1,1
136.527229000,1,0
136.527280800,1,1
136.527298400,1,0
136.527306800,1,1
136.527315600,1,0
136.527376200,1,1
136.527393600,1,0
136.527402200,1,1
136.527411000,1,0
136.527471600,1,1
136.527489000,1,0
136.527497600,1,1
136.527515000,1,0
136.527566800,1,1
136.527601600,1,0
136.527610200,1,1
136.527619000,1,0
136.527679600,1,1
136.527697000,1,0
136.527775000,1,1
136.527792400,1,0
136.527818200,1,1
136.527827000,1,0
136.527870200,1,1
136.527887600,1,0
136.527896200,1,1
136.527905000,1,0
136.527965600,1,1
136.527983000,1,0
136.527991600,1,1
136.528009000,1,0
136.528017600,1,1
136.528052400,1,0
136.528061000,1,1
136.528078400,1,0
136.528087000,1,1
136.528095800,1,0
136.528104200,1,1
136.528113000,1,0
136.528156200,1,1
136.528173800,1,0
136.528182200,1,1
136.528191000,1,0
136.528251600,1,1
136.528269000,1,0
136.528277600,1,1
136.528295000,1,0
136.528303600,1,1
136.528338400,1,0
136.528347000,1,1
136.528364400,1,0
136.528381600,1,1
136.528390400,1,0
136.528399000,1,1
136.528407800,1,0
136.528442200,1,1
136.528477000,1,0
136.528485600,1,1
136.528494400,1,0
136.528555000,1,1
136.528572400,1,0
136.528589600,1,1
136.528598400,1,0
136.528650200,1,1
136.528667800,1,0
136.528693600,1,1
136.528711000,1,0
136.528745600,1,1
136.528806400,1,0
136.528815000,1,1
136.528823800,1,0
136.528884400,1,1
136.528901800,1,0
136.528979600,1,1
136.528997000,1,0
136.529005600,1,1
136.529014400,1,0
136.529023000,1,1
136.529040400,1,0
136.529075000,1,1
136.529109800,1,0
136.529118400,1,1
136.529127000,1,0
136.529187600,1,1
136.529205200,1,0
136.529213600,1,1
136.529222400,1,0
136.529283000,1,1
136.529300400,1,0
136.529343800,1,1
136.529352400,1,0
136.529378400,1,1
136.529395800,1,0
136.529404400,1,1
136.529413200,1,0
136.529473800,1,1
136.529491200,1,0
136.529569000,1,1
136.529612400,1,0
136.529621000,1,1
136.529629800,1,0
136.529655800,1,1
136.529664400,1,0
136.529690400,1,1
136.529707800,1,0
136.529725000,1,1
136.529733800,1,0
136.529785800,1,1
136.529803200,1,0
136.529881000,1,1
136.529898600,1,0
136.529976400,1,1
136.529993800,1,0
136.530045800,1,1
136.530054600,1,0
136.530071800,1,1
136.530106600,1,0
136.530115200,1,1
136.530123800,1,0
136.530184400,1,1
136.530201800,1,0
136.530279800,1,1
136.530297200,1,0
136.530305800,1,1
136.530314600,1,0
136.530349200,1,1
136.530357800,1,0
136.530375200,1,1
136.530392600,1,0
136.530409800,1,1
136.530418600,1,0
136.530470400,1,1
136.530487800,1,0
136.530565800,1,1
136.530583200,1,0
136.530661200,1,1
136.530678600,1,0
136.530695800,1,1
136.530704600,1,0
136.530713200,1,1
136.530721800,1,0
136.530730400,1,1
136.530739200,1,0
136.530756400,1,1
136.530773800,1,0
136.530782400,1,1
136.530791200,1,0
136.530851800,1,1
136.530869200,1,0
136.530877800,1,1
136.530886600,1,0
136.530947200,1,1
136.531008000,1,0
136.531016400,1,1
136.531033800,1,0
136.531042400,1,1
136.531051200,1,0
136.531059800,1,1
136.531068600,1,0
136.531085800,1,1
136.531111800,1,0
136.531120400,1,1
136.531129200,1,0
136.531189800,1,1
136.531207200,1,0
136.531215800,1,1
136.531224600,1,0
136.531285200,1,1
136.531302600,1,0
136.531328400,1,1
136.531345800,1,0
136.531354400,1,1
136.531363200,1,0
136.531380400,1,1
136.531397800,1,0
136.531406400,1,1
136.531415200,1,0
136.531475800,1,1
136.531493200,1,0
136.531519200,1,1
136.531527800,1,0
136.531571200,1,1
136.531614600,1,0
136.531657800,1,1
136.531675200,1,0
136.531692400,1,1
136.531710000,1,0
136.531718400,1,1
136.531727200,1,0
136.531787800,1,1
136.531805200,1,0
136.531831200,1,1
136.531840000,1,0
136.531857200,1,1
136.531874600,1,0
136.531883200,1,1
136.531900600,1,0
136.531926400,1,1
136.531935200,1,0
136.531943800,1,1
136.531961200,1,0
136.531978400,1,1
136.531996000,1,0
136.532004400,1,1
136.532013200,1,0
136.532073800,1,1
136.532117200,1,0
136.532195200,1,1
136.532212600,1,0
136.532229800,1,1
136.532247200,1,0
136.532255800,1,1
136.532273200,1,0
136.532290400,1,1
136.532308000,1,0
136.532316400,1,1
136.532325200,1,0
136.532385800,1,1
136.532403200,1,0
136.532481200,1,1
136.532498600,1,0
136.532559200,1,1
136.532568000,1,0
136.532576400,1,1
136.532611200,1,0
136.532628400,1,1
136.532637200,1,0
136.532689200,1,1
136.532706600,1,0
136.532784400,1,1
136.532802000,1,0
136.532879800,1,1
136.532897200,1,0
136.532975200,1,1
136.532992600,1,0
136.533001200,1,1
136.533010000,1,0
136.533035800,1,1
136.533088000,1,0
136.533096600,1,1
136.533105200,1,0
136.533113800,1,1
136.533122600,1,0
136.533139800,1,1
136.533148600,1,0
136.533165800,1,1
136.533627800,0,1
136.533645200,1,1
136.533714400,0,1
136.533723000,1,1
136.533800800,0,1
136.533826800,1,1
136.533835400,0,1
136.533878800,1,1
136.533887400,0,1
136.533965200,1,1
136.533974000,0,1
136.533991200,1,1
136.534000000,0,1
136.534051800,1,1
136.534060400,0,1
136.534086400,1,1
136.534095200,0,1
136.534138400,1,1
136.534147000,0,1
136.534225000,1,1
136.534233600,0,1
136.534242200,1,1
136.534250800,0,1
136.534276800,1,1
136.534285400,0,1
136.534294200,1,1
136.534320200,0,1
136.534328800,1,1
136.534346000,0,1
136.534354800,1,1
136.534363400,0,1
136.534380600,1,1
136.555595400,1,0
136.555612800,1,1
136.555690800,1,0
136.555699400,1,1
136.555786200,1,0
136.555794800,1,1
136.555820800,1,0
136.555864000,1,1
136.555881600,1,0
136.555959400,1,1
136.555976800,1,0
136.556020000,1,1
136.556028800,1,0
136.556054800,1,1
136.556072200,1,0
136.556150000,1,1
136.556167600,1,0
136.556193400,1,1
136.556202200,1,0
136.556245400,1,1
136.556262800,1,0
136.556271400,1,1
136.556280200,1,0
136.556340800,1,1
136.556358200,1,0
136.556375400,1,1
136.556384200,1,0
136.556436200,1,1
136.556453600,1,0
136.556531400,1,1
136.556548800,1,0
136.556626800,1,1
136.556661600,1,0
136.556678800,1,1
136.556687600,1,0
136.556739400,1,1
136.556756800,1,0
136.556765400,1,1
136.556774200,1,0
136.556834800,1,1
136.556852200,1,0
136.556930200,1,1
136.556947600,1,0
136.556956200,1,1
136.556973600,1,0
136.557025400,1,1
136.557042800,1,0
136.557051400,1,1
136.557060200,1,0
136.557120800,1,1
136.557138200,1,0
136.557216000,1,1
136.557233600,1,0
136.557259400,1,1
136.557268200,1,0
136.557311400,1,1
136.557328800,1,0
136.557337400,1,1
136.557346200,1,0
136.557406800,1,1
136.557424200,1,0
136.557502200,1,1
136.557536800,1,0
136.557614800,1,1
136.557632200,1,0
136.557640800,1,1
136.557649600,1,0
136.557658200,1,1
136.557667000,1,0
136.557675400,1,1
136.557684200,1,0
136.557692800,1,1
136.557701600,1,0
136.557710200,1,1
136.557727600,1,0
136.557736200,1,1
136.557745000,1,0
136.557753400,1,1
136.557762200,1,0
136.557770800,1,1
136.557779600,1,0
136.557788200,1,1
136.557797000,1,0
136.557805400,1,1
137.506634000,0,1
137.506651400,1,1
137.506720600,0,1
137.506729200,1,1
137.506807200,0,1
137.506833000,1,1
137.506841800,0,1
137.506885000,1,1
137.506893600,0,1
137.506971600,1,1
137.506980200,0,1
137.506997400,1,1
137.507006200,0,1
137.507058000,1,1
137.507066800,0,1
137.507084000,1,1
137.507092600,0,1
137.507144600,1,1
137.507153200,0,1
137.507231200,1,1
137.507239800,0,1
137.507248400,1,1
137.507265800,0,1
137.507274400,1,1
137.507309000,0,1
137.507317600,1,1
137.507326400,0,1
137.507335000,1,1
137.507343600,0,1
137.507352400,1,1
137.507369600,0,1
137.507378200,1,1
137.507395600,0,1
137.507404200,1,1
137.528324200,1,0
137.528341400,1,1
137.528419400,1,0
137.528428000,1,1
137.528514800,1,0
137.528523400,1,1
137.528549400,1,0
137.528592800,1,1
137.528610200,1,0
137.528688000,1,1
137.528722800,1,0
137.528731400,1,1
137.528740200,1,0
137.528748800,1,1
137.528766200,1,0
137.528800600,1,1
137.528818200,1,0
137.528896000,1,1
137.528913400,1,0
137.528930600,1,1
137.528939400,1,0
137.528991400,1,1
137.529008800,1,0
137.529017400,1,1
137.529026200,1,0
137.529086600,1,1
137.529104200,1,0
137.529121400,1,1
137.529130200,1,0
137.529182000,1,1
137.529216800,1,0
137.529294600,1,1
137.529312000,1,0
137.529390000,1,1
137.529407400,1,0
137.529424600,1,1
137.529433400,1,0
137.529485400,1,1
137.529502800,1,0
137.529511200,1,1
137.529520000,1,0
137.529580600,1,1
137.529598000,1,0
137.529606600,1,1
137.529615400,1,0
137.529676000,1,1
137.529693400,1,0
137.529702000,1,1
137.529719400,1,0
137.529771200,1,1
137.529788600,1,0
137.529797200,1,1
137.529806000,1,0
137.529866600,1,1
137.529884000,1,0
137.529892600,1,1
137.529910000,1,0
137.529961800,1,1
137.529979400,1,0
137.530057200,1,1
137.530092000,1,0
137.530109200,1,1
137.530144000,1,0
137.530152600,1,1
137.530161200,1,0
137.530169800,1,1
137.530187200,1,0
137.530221800,1,1
137.530230600,1,0
137.530256600,1,1
137.530812800,0,1
137.530830000,1,1
137.530899200,0,1
137.530908000,1,1
137.530985800,0,1
137.531011800,1,1
137.531020400,0,1
137.531063600,1,1
137.531072400,0,1
137.531150200,1,1
137.531158800,0,1
137.531176200,1,1
137.531184800,0,1
137.531236800,1,1
137.531245400,0,1
137.531254000,1,1
137.531271400,0,1
137.531323400,1,1
137.531332000,0,1
137.531409800,1,1
137.531418400,0,1
137.531453200,1,1
137.531461800,0,1
137.531479000,1,1
137.531487800,0,1
137.531496400,1,1
137.531505000,0,1
137.531531000,1,1
137.531557000,0,1
137.531565600,1,1
137.531574200,0,1
137.531583000,1,1
137.554053200,1,0
137.554070400,1,1
137.554148400,1,0
137.554157000,1,1
137.554243800,1,0
137.554252400,1,1
137.554278400,1,0
137.554321600,1,1
137.554339000,1,0
137.554417000,1,1
137.554434400,1,0
137.554495000,1,1
137.554503800,1,0
137.554512400,1,1
137.554529800,1,0
137.554607600,1,1
137.554642400,1,0
137.554651000,1,1
137.554668400,1,0
137.554720200,1,1
137.554737800,1,0
137.554746200,1,1
137.554755000,1,0
137.554815600,1,1
137.554833000,1,0
137.554850200,1,1
137.554859000,1,0
137.554911000,1,1
137.554928400,1,0
137.555006200,1,1
137.555023600,1,0
137.555101600,1,1
137.555119000,1,0
137.555136200,1,1
137.555145000,1,0
137.555197000,1,1
137.555214400,1,0
137.555223000,1,1
137.555231600,1,0
137.555292200,1,1
137.555309600,1,0
137.555318200,1,1
137.555327000,1,0
137.555387600,1,1
137.555405000,1,0
137.555413600,1,1
137.555431000,1,0
137.555482800,1,1
137.555517600,1,0
137.555526200,1,1
137.555535000,1,0
137.555595600,1,1
137.555613000,1,0
137.555690800,1,1
137.555708400,1,0
137.555734200,1,1
137.555743000,1,0
137.555786200,1,1
137.555803600,1,0
137.555812200,1,1
137.555821000,1,0
137.555881600,1,1
137.555899000,1,0
137.555907600,1,1
137.555925000,1,0
137.555933600,1,1
137.555968200,1,0
137.555976800,1,1
137.555994200,1,0
137.556002800,1,1
137.556011600,1,0
137.556020200,1,1
137.556029000,1,0
137.556072200,1,1
137.556089600,1,0
137.556098200,1,1
137.556107000,1,0
137.556167600,1,1
137.556185000,1,0
137.556193600,1,1
137.556211000,1,0
137.556219600,1,1
137.556254200,1,0
137.556262800,1,1
137.556375600,1,0
137.556392800,1,1
137.556401600,1,0
137.556410200,1,1
137.556419000,1,0
137.556453400,1,1
137.556471000,1,0
137.556479400,1,1
137.556488200,1,0
137.556548800,1,1
137.556566200,1,0
137.556583400,1,1
137.556592200,1,0
137.556644200,1,1
137.556661600,1,0
137.556687400,1,1
137.556704800,1,0
137.556739400,1,1
137.556774200,1,0
137.556782800,1,1
137.556791600,1,0
137.556852200,1,1
137.556869600,1,0
137.556947400,1,1
137.556964800,1,0
137.556973400,1,1
137.556982200,1,0
137.556990800,1,1
137.557008200,1,0
137.557042800,1,1
137.557060200,1,0
137.557068800,1,1
137.557077600,1,0
137.557138000,1,1
137.557155600,1,0
137.557164000,1,1
137.557172800,1,0
137.557233400,1,1
137.557250800,1,0
137.557294000,1,1
137.557302800,1,0
137.557328800,1,1
137.557346200,1,0
137.557354800,1,1
137.557363400,1,0
137.557424000,1,1
137.557441400,1,0
137.557519400,1,1
137.557536800,1,0
137.557545400,1,1
137.557554200,1,0
137.557580000,1,1
137.557588800,1,0
137.557614600,1,1
137.557649400,1,0
137.557666600,1,1
137.557675400,1,0
137.557727400,1,1
137.557744800,1,0
137.557822600,1,1
137.557840000,1,0
137.557918000,1,1
137.557935400,1,0
137.557987200,1,1
137.557996000,1,0
137.558013200,1,1
137.558030800,1,0
137.558039200,1,1
137.558048000,1,0
137.558108600,1,1
137.558126000,1,0
137.558204000,1,1
137.558221400,1,0
137.558230000,1,1
137.558238800,1,0
137.558273200,1,1
137.558282000,1,0
137.558299200,1,1
137.558316800,1,0
137.558334000,1,1
137.558342800,1,0
137.558394600,1,1
137.558412000,1,0
137.558490000,1,1
137.558524800,1,0
137.558602600,1,1
137.558620000,1,0
137.558637200,1,1
137.558646000,1,0
137.558654600,1,1
137.558663400,1,0
137.558672000,1,1
137.558680600,1,0
137.558698000,1,1
137.558715400,1,0
137.558724000,1,1
137.558732600,1,0
137.558793200,1,1
137.558810600,1,0
137.558819200,1,1
137.558828000,1,0
137.558888600,1,1
137.558906000,1,0
137.558914600,1,1
137.558932000,1,0
137.558940600,1,1
137.558949400,1,0
137.558958000,1,1
137.558966600,1,0
137.558984000,1,1
137.559001400,1,0
137.559010000,1,1
137.559018600,1,0
137.559079200,1,1
137.559096600,1,0
137.559105200,1,1
137.559114000,1,0
137.559174600,1,1
137.559192000,1,0
137.559217800,1,1
137.559235400,1,0
137.559243800,1,1
137.559252600,1,0
137.559269800,1,1
137.559287400,1,0
137.559295800,1,1
137.559304600,1,0
137.559365200,1,1
137.559400000,1,0
137.559425800,1,1
137.559434600,1,0
137.559477800,1,1
137.559495200,1,0
137.559538600,1,1
137.559556000,1,0
137.559573200,1,1
137.559590600,1,0
137.559599200,1,1
137.559608000,1,0
137.559668600,1,1
137.559686000,1,0
137.559711800,1,1
137.559720600,1,0
137.559737800,1,1
137.559755200,1,0
137.559763800,1,1
137.559781200,1,0
137.559807200,1,1
137.559816000,1,0
137.559824400,1,1
137.559842000,1,0
137.559859200,1,1
137.559876600,1,0
137.559885200,1,1
137.559894000,1,0
137.559954400,1,1
137.559971800,1,0
137.560049800,1,1
137.560067200,1,0
137.560084400,1,1
137.560101800,1,0
137.560110400,1,1
137.560127800,1,0
137.560145200,1,1
137.560162600,1,0
137.560171200,1,1
137.560179800,1,0
137.560240400,1,1
137.560283800,1,0
137.560361800,1,1
137.560379200,1,0
137.560439800,1,1
137.560448600,1,0
137.560457000,1,1
137.560474600,1,0
137.560491800,1,1
137.560500600,1,0
137.560552400,1,1
137.560569800,1,0
137.560647800,1,1
137.560665200,1,0
137.560743000,1,1
137.560777800,1,0
137.560855600,1,1
137.560873200,1,0
137.560881600,1,1
137.560890400,1,0
137.560916400,1,1
137.560968400,1,0
137.560977000,1,1
137.560985800,1,0
137.560994400,1,1
137.561003000,1,0
137.561020400,1,1
137.561029000,1,0
137.561046400,1,1
137.561499000,0,1
137.561516400,1,1
137.561585600,0,1
137.561594200,1,1
137.561672200,0,1
137.561698200,1,1
137.561706800,0,1
137.561750000,1,1
137.561758600,0,1
137.561836600,1,1
137.561845200,0,1
137.561862600,1,1
137.561871200,0,1
137.561923200,1,1
137.561931800,0,1
137.561957800,1,1
137.561966400,0,1
137.562009600,1,1
137.562018400,0,1
137.562096200,1,1
137.562104800,0,1
137.562113400,1,1
137.562122200,0,1
137.562148200,1,1
137.562156800,0,1
137.562165400,1,1
137.562191400,0,1
137.562200000,1,1
137.562217400,0,1
137.562226000,1,1
137.562234600,0,1
137.562252000,1,1
137.583541800,1,0
137.583559000,1,1
137.583637200,1,0
137.583645800,1,1
137.583732600,1,0
137.583741000,1,1
137.583767200,1,0
137.583810400,1,1
137.583827800,1,0
137.583905800,1,1
137.583923200,1,0
137.583966400,1,1
137.583975200,1,0
137.584001200,1,1
137.584018600,1,0
137.584096400,1,1
137.584113800,1,0
137.584139800,1,1
137.584148600,1,0
137.584191800,1,1
137.584209200,1,0
137.584217800,1,1
137.584226600,1,0
137.584287200,1,1
137.584304600,1,0
137.584321800,1,1
137.584330600,1,0
137.584382400,1,1
137.584399800,1,0
137.584477800,1,1
137.584495200,1,0
137.584573200,1,1
137.584590600,1,0
137.584607800,1,1
137.584616600,1,0
137.584668400,1,1
137.584703200,1,0
137.584711800,1,1
137.584720600,1,0
137.584781000,1,1
137.584798600,1,0
137.584876400,1,1
137.584893800,1,0
137.584902400,1,1
137.584919800,1,0
137.584971800,1,1
137.584989200,1,0
137.584997800,1,1
137.585006600,1,0
137.585067000,1,1
137.585084600,1,0
137.585162400,1,1
137.585179800,1,0
137.585205800,1,1
137.585214400,1,0
137.585257800,1,1
137.585275200,1,0
137.585283800,1,1
137.585292400,1,0
137.585353000,1,1
137.585370400,1,0
137.585448400,1,1
137.585465800,1,0
137.585543600,1,1
137.585578400,1,0
137.585587000,1,1
137.585595800,1,0
137.585604400,1,1
137.585613200,1,0
137.585621600,1,1
137.585630400,1,0
137.585639000,1,1
137.585647800,1,0
137.585656400,1,1
137.585673800,1,0
137.585682400,1,1
137.585691000,1,0
137.585699600,1,1
137.585708400,1,0
137.585717000,1,1
137.585725800,1,0
137.585734400,1,1
137.585743000,1,0
137.585751600,1,1
138.534635200,0,1
138.534652400,1,1
138.534721600,0,1
138.534730400,1,1
138.534808200,0,1
138.534834200,1,1
138.534842800,0,1
138.534886200,1,1
138.534894800,0,1
138.534972600,1,1
138.534981400,0,1
138.534998600,1,1
138.535007200,0,1
138.535059200,1,1
138.535067800,0,1
138.535085200,1,1
138.535093800,0,1
138.535145800,1,1
138.535154400,0,1
138.535232200,1,1
138.535241000,0,1
138.535249600,1,1
138.535266800,0,1
138.535275600,1,1
138.535310200,0,1
138.535318800,1,1
138.535327400,0,1
138.535336200,1,1
138.535344800,0,1
138.535353400,1,1
138.535370800,0,1
138.535379400,1,1
138.535396600,0,1
138.535405400,1,1
138.556194200,1,0
138.556211400,1,1
138.556306800,1,0
138.556315400,1,1
138.556402200,1,0
138.556410800,1,1
138.556436800,1,0
138.556480000,1,1
138.556497400,1,0
138.556575400,1,1
138.556592800,1,0
138.556601400,1,1
138.556610000,1,0
138.556618600,1,1
138.556636000,1,0
138.556670600,1,1
138.556688000,1,0
138.556766000,1,1
138.556826800,1,0
138.556844000,1,1
138.556852800,1,0
138.556904600,1,1
138.556930800,1,0
138.556939200,1,1
138.556948000,1,0
138.557008600,1,1
138.557026000,1,0
138.557043200,1,1
138.557052000,1,0
138.557104000,1,1
138.557121400,1,0
138.557199200,1,1
138.557216600,1,0
138.557294600,1,1
138.557312000,1,0
138.557329200,1,1
138.557338000,1,0
138.557389800,1,1
138.557407200,1,0
138.557415800,1,1
138.557424600,1,0
138.557485200,1,1
138.557502600,1,0
138.557511200,1,1
138.557520000,1,0
138.557580400,1,1
138.557597800,1,0
138.557606400,1,1
138.557623800,1,0
138.557675800,1,1
138.557693200,1,0
138.557701800,1,1
138.557710600,1,0
138.557771000,1,1
138.557805800,1,0
138.557814400,1,1
138.557831800,1,0
138.557883800,1,1
138.557901200,1,0
138.557979000,1,1
138.558057200,1,0
138.558074400,1,1
138.558109200,1,0
138.558117600,1,1
138.558126400,1,0
138.558135000,1,1
138.558152400,1,0
138.558187000,1,1
138.558195800,1,0
138.558221600,1,1
138.558779200,0,1
138.558796600,1,1
138.558865800,0,1
138.558874400,1,1
138.558952400,0,1
138.558978200,1,1
138.558987000,0,1
138.559030200,1,1
138.559038800,0,1
138.559116800,1,1
138.559125400,0,1
138.559142600,1,1
138.559151400,0,1
138.559203200,1,1
138.559212000,0,1
138.559220600,1,1
138.559237800,0,1
138.559289800,1,1
138.559298400,0,1
138.559376400,1,1
138.559385000,0,1
138.559419600,1,1
138.559428200,0,1
138.559445600,1,1
138.559454200,0,1
138.559462800,1,1
138.559471600,0,1
138.559497400,1,1
138.559523400,0,1
138.559532200,1,1
138.559540800,0,1
138.559549400,1,1
138.581921000,1,0
138.581938200,1,1
138.582016400,1,0
138.582025000,1,1
138.582111600,1,0
138.582120200,1,1
138.582146400,1,0
138.582189600,1,1
138.582207000,1,0
138.582284800,1,1
138.582302400,1,0
138.582362800,1,1
138.582371600,1,0
138.582380200,1,1
138.582397600,1,0
138.582475600,1,1
138.582493000,1,0
138.582501600,1,1
138.582519000,1,0
138.582570800,1,1
138.582605600,1,0
138.582614200,1,1
138.582623000,1,0
138.582683400,1,1
138.582700800,1,0
138.582718200,1,1
138.582726800,1,0
138.582778800,1,1
138.582796200,1,0
138.582874000,1,1
138.582891600,1,0
138.582969400,1,1
138.582986800,1,0
138.583004000,1,1
138.583012800,1,0
138.583064800,1,1
138.583082200,1,0
138.583090800,1,1
138.583099400,1,0
138.583160000,1,1
138.583177400,1,0
138.583186000,1,1
138.583194800,1,0
138.583255400,1,1
138.583272800,1,0
138.583281400,1,1
138.583298800,1,0
138.583350600,1,1
138.583368200,1,0
138.583376600,1,1
138.583385400,1,0
138.583446000,1,1
138.583489400,1,0
138.583567400,1,1
138.583584800,1,0
138.583610600,1,1
138.583619400,1,0
138.583662600,1,1
138.583680200,1,0
138.583688600,1,1
138.583697400,1,0
138.583758000,1,1
138.583775400,1,0
138.583784000,1,1
138.583801400,1,0
138.583810000,1,1
138.583844800,1,0
138.583853400,1,1
138.583870800,1,0
138.583879400,1,1
138.583888000,1,0
138.583896600,1,1
138.583905400,1,0
138.583948600,1,1
138.583983400,1,0
138.583992000,1,1
138.584000800,1,0
138.584061400,1,1
138.584078800,1,0
138.584087200,1,1
138.584104800,1,0
138.584113200,1,1
138.584148000,1,0
138.584156600,1,1
138.584174000,1,0
138.584191200,1,1
138.584200000,1,0
138.584208600,1,1
138.584217400,1,0
138.584252000,1,1
138.584269400,1,0
138.584278000,1,1
138.584286600,1,0
138.584347200,1,1
138.584364600,1,0
138.584381800,1,1
138.584390600,1,0
138.584442600,1,1
138.584460000,1,0
138.584485800,1,1
138.584503200,1,0
138.584537800,1,1
138.584555200,1,0
138.584563800,1,1
138.584572600,1,0
138.584633200,1,1
138.584650600,1,0
138.584728400,1,1
138.584745800,1,0
138.584754400,1,1
138.584763200,1,0
138.584771800,1,1
138.584789200,1,0
138.584823800,1,1
138.584858400,1,0
138.584867000,1,1
138.584875800,1,0
138.584936400,1,1
138.584953800,1,0
138.584962400,1,1
138.584971200,1,0
138.585031600,1,1
138.585049000,1,0
138.585092400,1,1
138.585101000,1,0
138.585127000,1,1
138.585144400,1,0
138.585153000,1,1
138.585161800,1,0
138.585222200,1,1
138.585239800,1,0
138.585317600,1,1
138.585335000,1,0
138.585343600,1,1
138.585352400,1,0
138.585378200,1,1
138.585387000,1,0
138.585412800,1,1
138.585430400,1,0
138.585447600,1,1
138.585456200,1,0
138.585508200,1,1
138.585525600,1,0
138.585603600,1,1
138.585621000,1,0
138.585698800,1,1
138.585716200,1,0
138.585768200,1,1
138.585777000,1,0
138.585794200,1,1
138.585811600,1,0
138.585820200,1,1
138.585828800,1,0
138.585889400,1,1
138.585906800,1,0
138.585984800,1,1
138.586002200,1,0
138.586010800,1,1
138.586019600,1,0
138.586054200,1,1
138.586062800,1,0
138.586080200,1,1
138.586106200,1,0
138.586123400,1,1
138.586132200,1,0
138.586184000,1,1
138.586201600,1,0
138.586279400,1,1
138.586296800,1,0
138.586374800,1,1
138.586392200,1,0
138.586409400,1,1
138.586418200,1,0
138.586426800,1,1
138.586435400,1,0
138.586444000,1,1
138.586452800,1,0
138.586470000,1,1
138.586487400,1,0
138.586496000,1,1
138.586504800,1,0
138.586565400,1,1
138.586582800,1,0
138.586591400,1,1
138.586600200,1,0
138.586660600,1,1
138.586678200,1,0
138.586686600,1,1
138.586704200,1,0
138.586712600,1,1
138.586721400,1,0
138.586730000,1,1
138.586738800,1,0
138.586756000,1,1
138.586773400,1,0
138.586782000,1,1
138.586790800,1,0
138.586851400,1,1
138.586868800,1,0
138.586877400,1,1
138.586886000,1,0
138.586946600,1,1
138.586964000,1,0
138.586990000,1,1
138.587007400,1,0
138.587016000,1,1
138.587024800,1,0
138.587042000,1,1
138.587059400,1,0
138.587068000,1,1
138.587076800,1,0
138.587137200,1,1
138.587154800,1,0
138.587180600,1,1
138.587189400,1,0
138.587232600,1,1
138.587250000,1,0
138.587293200,1,1
138.587310600,1,0
138.587327800,1,1
138.587362600,1,0
138.587371200,1,1
138.587380000,1,0
138.587440600,1,1
138.587458000,1,0
138.587483800,1,1
138.587492600,1,0
138.587509800,1,1
138.587527200,1,0
138.587535800,1,1
138.587553200,1,0
138.587579200,1,1
138.587588000,1,0
138.587596600,1,1
138.587614000,1,0
138.587631200,1,1
138.587648600,1,0
138.587657200,1,1
138.587666000,1,0
138.587726600,1,1
138.587744000,1,0
138.587821800,1,1
138.587839200,1,0
138.587856600,1,1
138.587874000,1,0
138.587882600,1,1
138.587900000,1,0
138.587917200,1,1
138.587934600,1,0
138.587943200,1,1
138.587952000,1,0
138.588012600,1,1
138.588030000,1,0
138.588107800,1,1
138.588125200,1,0
138.588185800,1,1
138.588194600,1,0
138.588203200,1,1
138.588238000,1,0
138.588255200,1,1
138.588264000,1,0
138.588315800,1,1
138.588333200,1,0
138.588411200,1,1
138.588428600,1,0
138.588506400,1,1
138.588523800,1,0
138.588601800,1,1
138.588619200,1,0
138.588627800,1,1
138.588636400,1,0
138.588662400,1,1
138.588714400,1,0
138.588723000,1,1
138.588731800,1,0
138.588740400,1,1
138.588749200,1,0
138.588766400,1,1
138.588775200,1,0
138.588792400,1,1
138.589257800,0,1
138.589275200,1,1
138.589344400,0,1
138.589353000,1,1
138.589431000,0,1
138.589457000,1,1
138.589465600,0,1
138.589508800,1,1
138.589517600,0,1
138.589595400,1,1
138.589604000,0,1
138.589621400,1,1
138.589630000,0,1
138.589682000,1,1
138.589690600,0,1
138.589716600,1,1
138.589725200,0,1
138.589768400,1,1
138.589777200,0,1
138.589855000,1,1
138.589863600,0,1
138.589872400,1,1
138.589881000,0,1
138.589907000,1,1
138.589915600,0,1
138.589924200,1,1
138.589950200,0,1
138.589958800,1,1
138.589976200,0,1
138.589984800,1,1
138.589993400,0,1
138.590010800,1,1
138.611374400,1,0
138.611391600,1,1
138.611469600,1,0
138.611478200,1,1
138.611565000,1,0
138.611573600,1,1
138.611599600,1,0
138.611642800,1,1
138.611660200,1,0
138.611738200,1,1
138.611755600,1,0
138.611798800,1,1
138.611807600,1,0
138.611833600,1,1
138.611851000,1,0
138.611928800,1,1
138.611946200,1,0
138.611972200,1,1
138.611981000,1,0
138.612024200,1,1
138.612041600,1,0
138.612050200,1,1
138.612058800,1,0
138.612119400,1,1
138.612136800,1,0
138.612154200,1,1
138.612162800,1,0
138.612214800,1,1
138.612232200,1,0
138.612310000,1,1
138.612327600,1,0
138.612405400,1,1
138.612422800,1,0
138.612440000,1,1
138.612448800,1,0
138.612500600,1,1
138.612544200,1,0
138.612552600,1,1
138.612561400,1,0
138.612622000,1,1
138.612639400,1,0
138.612717400,1,1
138.612734800,1,0
138.612743400,1,1
138.612760800,1,0
138.612812600,1,1
138.612830000,1,0
138.612838600,1,1
138.612847400,1,0
138.612908000,1,1
138.612925400,1,0
138.613003200,1,1
138.613046800,1,0
138.613072600,1,1
138.613081400,1,0
138.613124600,1,1
138.613142000,1,0
138.613150600,1,1
138.613159400,1,0
138.613220000,1,1
138.613237400,1,0
138.613315200,1,1
138.613332600,1,0
138.613410600,1,1
138.613428000,1,0
138.613436600,1,1
138.613445400,1,0
138.613453800,1,1
138.613462600,1,0
138.613471200,1,1
138.613480000,1,0
138.613488600,1,1
138.613497400,1,0
138.613505800,1,1
138.613540600,1,0
138.613549200,1,1
138.613558000,1,0
138.613566600,1,1
138.613575400,1,0
138.613583800,1,1
138.613592600,1,0
138.613601200,1,1
138.613610000,1,0
138.613618600,1,1
139.562619000,0,1
139.562636400,1,1
139.562705600,0,1
139.562714200,1,1
139.562792000,0,1
139.562818000,1,1
139.562826600,0,1
139.562870000,1,1
139.562878600,0,1
139.562956400,1,1
139.562965200,0,1
139.562982400,1,1
139.562991200,0,1
139.563043000,1,1
139.563051600,0,1
139.563069000,1,1
139.563077600,0,1
139.563129600,1,1
139.563138200,0,1
139.563216200,1,1
139.563224800,0,1
139.563233400,1,1
139.563250800,0,1
139.563259400,1,1
139.563294000,0,1
139.563302600,1,1
139.563311400,0,1
139.563320000,1,1
139.563328600,0,1
139.563337200,1,1
139.563354600,0,1
139.563363200,1,1
139.563380600,0,1
139.563389200,1,1
139.583899400,1,0
139.583916600,1,1
139.583994800,1,0
139.584003200,1,1
139.584090000,1,0
139.584098600,1,1
139.584124800,1,0
139.584168000,1,1
139.584194000,1,0
139.584272000,1,1
139.584289400,1,0
139.584298000,1,1
139.584306600,1,0
139.584315200,1,1
139.584332600,1,0
139.584367200,1,1
139.584384600,1,0
139.584462600,1,1
139.584480000,1,0
139.584497200,1,1
139.584506000,1,0
139.584557800,1,1
139.584575200,1,0
139.584583800,1,1
139.584592600,1,0
139.584653200,1,1
139.584670600,1,0
139.584687800,1,1
139.584696600,1,0
139.584748400,1,1
139.584765800,1,0
139.584843800,1,1
139.584861200,1,0
139.584939000,1,1
139.584956400,1,0
139.584973800,1,1
139.584982400,1,0
139.585034400,1,1
139.585051800,1,0
139.585060400,1,1
139.585069200,1,0
139.585129600,1,1
139.585147200,1,0
139.585155600,1,1
139.585164400,1,0
139.585225000,1,1
139.585242400,1,0
139.585251000,1,1
139.585268400,1,0
139.585320400,1,1
139.585337800,1,0
139.585346400,1,1
139.585355000,1,0
139.585415600,1,1
139.585450400,1,0
139.585459000,1,1
139.585476400,1,0
139.585528200,1,1
139.585545600,1,0
139.585623600,1,1
139.585641000,1,0
139.585658200,1,1
139.585693000,1,0
139.585701600,1,1
139.585710400,1,0
139.585718800,1,1
139.585736400,1,0
139.585770800,1,1
139.585779600,1,0
139.585805600,1,1
139.784614600,0,1
139.784631800,1,1
139.784701200,0,1
139.784709800,1,1
139.784787600,0,1
139.784813600,1,1
139.784822200,0,1
139.784865600,1,1
139.784874200,0,1
139.784952000,1,1
139.784960800,0,1
139.784978000,1,1
139.784986600,0,1
139.785038600,1,1
139.785047200,0,1
139.785056000,1,1
139.785073200,0,1
139.785125200,1,1
139.785133800,0,1
139.785211600,1,1
139.785220400,0,1
139.785255000,1,1
139.785263600,0,1
139.785281000,1,1
139.785289600,0,1
139.785298200,1,1
139.785306800,0,1
139.785332800,1,1
139.785358800,0,1
139.785367400,1,1
139.785376200,0,1
139.785384800,1,1
139.810221000,1,0
139.810238400,1,1
139.810316400,1,0
139.810325000,1,1
139.810411600,1,0
139.810420200,1,1
139.810446400,1,0
139.810489600,1,1
139.810515600,1,0
139.810593600,1,1
139.810611000,1,0
139.810671600,1,1
139.810680200,1,0
139.810688800,1,1
139.810706200,1,0
139.810784200,1,1
139.810801600,1,0
139.810810200,1,1
139.810827600,1,0
139.810879400,1,1
139.810896800,1,0
139.810905400,1,1
139.810914200,1,0
139.810974800,1,1
139.811018200,1,0
139.811035400,1,1
139.811044200,1,0
139.811096000,1,1
139.811113400,1,0
139.811191400,1,1
139.811208800,1,0
139.811286800,1,1
139.811304200,1,0
139.811321400,1,1
139.811330200,1,0
139.811382000,1,1
139.811399400,1,0
139.811408000,1,1
139.811416800,1,0
139.811477400,1,1
139.811512000,1,0
139.811520600,1,1
139.811529400,1,0
139.811590000,1,1
139.811607400,1,0
139.811616000,1,1
139.811633400,1,0
139.811685200,1,1
139.811702800,1,0
139.811711200,1,1
139.811720000,1,0
139.811780600,1,1
139.811798000,1,0
139.811876000,1,1
139.811893400,1,0
139.811919200,1,1
139.811928000,1,0
139.811971200,1,1
139.811988600,1,0
139.811997200,1,1
139.812006000,1,0
139.812066600,1,1
139.812084000,1,0
139.812092600,1,1
139.812110000,1,0
139.812118600,1,1
139.812153200,1,0
139.812161800,1,1
139.812179200,1,0
139.812187800,1,1
139.812196600,1,0
139.812205200,1,1
139.812214000,1,0
139.812257200,1,1
139.812274600,1,0
139.812283200,1,1
139.812292000,1,0
139.812352400,1,1
139.812387200,1,0
139.812395800,1,1
139.812413200,1,0
139.812421800,1,1
139.812456600,1,0
139.812465200,1,1
139.812482600,1,0
139.812499800,1,1
139.812508600,1,0
139.812517000,1,1
139.812525800,1,0
139.812560400,1,1
139.812577800,1,0
139.812586400,1,1
139.812595200,1,0
139.812655800,1,1
139.812673200,1,0
139.812690400,1,1
139.812699200,1,0
139.812751000,1,1
139.812768400,1,0
139.812794400,1,1
139.812811800,1,0
139.812846400,1,1
139.812863800,1,0
139.812872400,1,1
139.812881000,1,0
139.812941600,1,1
139.812959000,1,0
139.813037000,1,1
139.813054400,1,0
139.813063000,1,1
139.813071800,1,0
139.813080200,1,1
139.813097600,1,0
139.813132200,1,1
139.813149600,1,0
139.813158200,1,1
139.813167000,1,0
139.813227600,1,1
139.813262400,1,0
139.813270800,1,1
139.813279600,1,0
139.813340200,1,1
139.813357600,1,0
139.813400800,1,1
139.813409600,1,0
139.813435400,1,1
139.813453000,1,0
139.813461400,1,1
139.813470200,1,0
139.813530800,1,1
139.813548200,1,0
139.813626200,1,1
139.813643600,1,0
139.813652000,1,1
139.813660800,1,0
139.813686800,1,1
139.813695600,1,0
139.813721400,1,1
139.813738800,1,0
139.813756000,1,1
139.813764800,1,0
139.813816800,1,1
139.813834200,1,0
139.813912000,1,1
139.813929400,1,0
139.814007400,1,1
139.814024800,1,0
139.814076600,1,1
139.814085400,1,0
139.814102600,1,1
139.814120200,1,0
139.814128600,1,1
139.814137400,1,0
139.814198000,1,1
139.814215400,1,0
139.814293200,1,1
139.814310800,1,0
139.814319200,1,1
139.814328000,1,0
139.814362600,1,1
139.814371400,1,0
139.814388600,1,1
139.814406000,1,0
139.814423200,1,1
139.814432000,1,0
139.814483800,1,1
139.814518600,1,0
139.814596600,1,1
139.814614000,1,0
139.814691800,1,1
139.814709200,1,0
139.814726600,1,1
139.814735200,1,0
139.814743800,1,1
139.814752600,1,0
139.814761200,1,1
139.814770000,1,0
139.814787200,1,1
139.814804600,1,0
139.814813200,1,1
139.814822000,1,0
139.814882400,1,1
139.814899800,1,0
139.814908400,1,1
139.814917200,1,0
139.814977800,1,1
139.814995200,1,0
139.815003800,1,1
139.815021200,1,0
139.815029800,1,1
139.815038600,1,0
139.815047200,1,1
139.815055800,1,0
139.815073000,1,1
139.815090600,1,0
139.815099000,1,1
139.815107800,1,0
139.815168400,1,1
139.815185800,1,0
139.815194400,1,1
139.815203200,1,0
139.815263800,1,1
139.815281200,1,0
139.815307000,1,1
139.815324400,1,0
139.815333000,1,1
139.815341800,1,0
139.815359000,1,1
139.815393800,1,0
139.815402400,1,1
139.815411000,1,0
139.815471600,1,1
139.815489000,1,0
139.815515000,1,1
139.815523800,1,0
139.815567000,1,1
139.815584400,1,0
139.815627600,1,1
139.815645000,1,0
139.815662200,1,1
139.815679600,1,0
139.815688200,1,1
139.815697000,1,0
139.815757600,1,1
139.815775000,1,0
139.815800800,1,1
139.815809600,1,0
139.815826800,1,1
139.815844200,1,0
139.815852800,1,1
139.815870200,1,0
139.815896200,1,1
139.815905000,1,0
139.815913400,1,1
139.815931000,1,0
139.815948200,1,1
139.815965600,1,0
139.815974200,1,1
139.815983000,1,0
139.816043400,1,1
139.816060800,1,0
139.816138800,1,1
139.816156200,1,0
139.816173400,1,1
139.816190800,1,0
139.816199400,1,1
139.816216800,1,0
139.816234000,1,1
139.816251600,1,0
139.816260000,1,1
139.816268800,1,0
139.816329400,1,1
139.816346800,1,0
139.816424600,1,1
139.816442000,1,0
139.816502600,1,1
139.816511400,1,0
139.816520000,1,1
139.816537400,1,0
139.816554600,1,1
139.816563400,1,0
139.816615200,1,1
139.816650000,1,0
139.816727800,1,1
139.816745400,1,0
139.816823200,1,1
139.816840600,1,0
139.816918400,1,1
139.816936000,1,0
139.816944400,1,1
139.816953200,1,0
139.816979200,1,1
139.817031200,1,0
139.817039800,1,1
139.817048600,1,0
139.817057200,1,1
139.817065800,1,0
139.817083000,1,1
139.817091800,1,0
139.817109000,1,1
139.817585600,0,1
139.817602800,1,1
139.817672000,0,1
139.817680600,1,1
139.817758600,0,1
139.817784600,1,1
139.817793200,0,1
139.817836400,1,1
139.817845200,0,1
139.817923000,1,1
139.817931600,0,1
139.817949000,1,1
139.817957600,0,1
139.818009600,1,1
139.818018200,0,1
139.818044200,1,1
139.818052800,0,1
139.818096000,1,1
139.818104800,0,1
139.818182600,1,1
139.818191200,0,1
139.818200000,1,1
139.818208600,0,1
139.818234600,1,1
139.818243200,0,1
139.818251800,1,1
139.818277800,0,1
139.818286400,1,1
139.818303800,0,1
139.818312400,1,1
139.818321000,0,1
139.818338400,1,1
139.839663200,1,0
139.839680400,1,1
139.839758400,1,0
139.839767000,1,1
139.839853800,1,0
139.839862400,1,1
139.839888400,1,0
139.839931600,1,1
139.839949000,1,0
139.840027000,1,1
139.840044400,1,0
139.840087600,1,1
139.840096400,1,0
139.840122200,1,1
139.840139800,1,0
139.840217600,1,1
139.840235000,1,0
139.840261000,1,1
139.840269600,1,0
139.840313000,1,1
139.840347600,1,0
139.840356200,1,1
139.840365000,1,0
139.840425600,1,1
139.840451600,1,0
139.840468800,1,1
139.840477600,1,0
139.840529600,1,1
139.840547000,1,0
139.840624800,1,1
139.840642200,1,0
139.840720200,1,1
139.840737600,1,0
139.840754800,1,1
139.840763600,1,0
139.840815400,1,1
139.840832800,1,0
139.840841400,1,1
139.840850200,1,0
139.840910800,1,1
139.840928200,1,0
139.841006000,1,1
139.841023600,1,0
139.841032000,1,1
139.841049600,1,0
139.841101400,1,1
139.841118800,1,0
139.841127400,1,1
139.841136200,1,0
139.841196800,1,1
139.841214200,1,0
139.841292000,1,1
139.841326800,1,0
139.841352600,1,1
139.841361400,1,0
139.841404600,1,1
139.841422000,1,0
139.841430600,1,1
139.841439400,1,0
139.841500000,1,1
139.841517400,1,0
139.841595200,1,1
139.841612800,1,0
139.841690600,1,1
139.841708000,1,0
139.841716600,1,1
139.841725400,1,0
139.841734000,1,1
139.841742600,1,0
139.841751200,1,1
139.841760000,1,0
139.841768600,1,1
139.841777400,1,0
139.841785800,1,1
139.841803400,1,0
139.841811800,1,1
139.841820600,1,0
139.841829200,1,1
139.841838000,1,0
139.841846600,1,1
139.841855200,1,0
139.841863800,1,1
139.841872600,1,0
139.841881200,1,1
139.842439200,0,1
139.842456400,1,1
139.842525800,0,1
139.842534400,1,1
139.842612200,0,1
139.842638200,1,1
139.842646800,0,1
139.842690200,1,1
139.842698800,0,1
139.842776600,1,1
139.842785400,0,1
139.842802600,1,1
139.842811200,0,1
139.842863200,1,1
139.842871800,0,1
139.842880600,1,1
139.842889200,0,1
139.842897800,1,1
139.842906400,0,1
139.842949800,1,1
139.842958400,0,1
139.843036200,1,1
139.843045000,0,1
139.843062200,1,1
139.843071000,0,1
139.843096800,1,1
139.843131400,0,1
139.843148800,1,1
139.843157400,0,1
139.843166000,1,1
139.864878200,1,0
139.864895400,1,1
139.864973600,1,0
139.864982000,1,1
139.865068800,1,0
139.865077400,1,1
139.865103400,1,0
139.865146600,1,1
139.865164200,1,0
139.865242000,1,1
139.865259400,1,0
139.865268000,1,1
139.865285400,1,0
139.865294000,1,1
139.865311400,1,0
139.865337400,1,1
139.865372000,1,0
139.865450000,1,1
139.865467400,1,0
139.865476000,1,1
139.865484600,1,0
139.865493200,1,1
139.865502000,1,0
139.865545200,1,1
139.865562600,1,0
139.865571200,1,1
139.865580000,1,0
139.865640600,1,1
139.865658000,1,0
139.865675200,1,1
139.865684000,1,0
139.865735800,1,1
139.865753200,1,0
139.865831200,1,1
139.865848600,1,0
139.865926400,1,1
139.865943800,1,0
139.865952400,1,1
139.865978600,1,0
139.866021800,1,1
139.866039200,1,0
139.866056400,1,1
139.866065200,1,0
139.866117000,1,1
139.866134600,1,0
139.866151800,1,1
139.866160600,1,0
139.866212400,1,1
139.866247200,1,0
139.866290400,1,1
139.866299200,1,0
139.866307800,1,1
139.866342400,1,0
139.866377000,1,1
139.866385800,1,0
139.866420400,1,1
139.866437800,1,0
139.866463600,1,1
139.866472400,1,0
139.866515600,1,1
139.866533000,1,0
139.866611000,1,1
139.866628400,1,0
139.866706200,1,1
139.866723800,1,0
139.866732200,1,1
139.866741000,1,0
139.866749600,1,1
139.866758400,1,0
139.866775600,1,1
139.866784400,1,0
139.866801600,1,1
139.866819000,1,0
139.866888200,1,1
139.866914400,1,0
139.866922800,1,1
139.866931600,1,0
139.866940200,1,1
139.866957600,1,0
139.866992200,1,1
139.867009600,1,0
139.867026800,1,1
139.867035600,1,0
139.867087400,1,1
139.867105000,1,0
139.867122200,1,1
139.867131000,1,0
139.867182800,1,1
139.867200200,1,0
139.867243400,1,1
139.867252200,1,0
139.867260800,1,1
139.867295600,1,0
139.867312800,1,1
139.867338800,1,0
139.867373400,1,1
139.867390800,1,0
139.867416800,1,1
139.867425400,1,0
139.867468800,1,1
139.867503400,1,0
139.867581400,1,1
139.867598800,1,0
139.867676600,1,1
139.867694000,1,0
139.867702600,1,1
139.867711400,1,0
139.867720000,1,1
139.867728800,1,0
139.867746000,1,1
139.867754800,1,0
139.867772000,1,1
139.867789400,1,0
139.867858600,1,1
139.867884600,1,0
139.867962600,1,1
139.867980000,1,0
139.867988600,1,1
139.867997400,1,0
139.868014600,1,1
139.868023400,1,0
139.868040600,1,1
139.868075400,1,0
139.868092600,1,1
139.868101200,1,0
139.868109800,1,1
139.868118600,1,0
139.868153200,1,1
139.868790000,0,1
139.868807200,1,1
139.868876400,0,1
139.868885200,1,1
139.868963000,0,1
139.868989000,1,1
139.868997600,0,1
139.869041000,1,1
139.869049600,0,1
139.869127400,1,1
139.869136200,0,1
139.869153400,1,1
139.869162000,0,1
139.869214000,1,1
139.869222600,0,1
139.869231200,1,1
139.869248600,0,1
139.869257200,1,1
139.869266000,0,1
139.869300600,1,1
139.869309200,0,1
139.869387000,1,1
139.869395800,0,1
139.869404400,1,1
139.869413000,0,1
139.869456200,1,1
139.869482200,0,1
139.869491000,1,1
139.869499600,0,1
139.869508200,1,1
139.869516800,0,1
139.869525600,1,1
139.894668600,1,0
139.894685800,1,1
139.894764000,1,0
139.894772600,1,1
139.894859400,1,0
139.894867800,1,1
139.894894000,1,0
139.894937200,1,1
139.894954600,1,0
139.895032600,1,1
139.895050000,1,0
139.895058600,1,1
139.895076000,1,0
139.895127800,1,1
139.895145400,1,0
139.895153800,1,1
139.895171400,1,0
139.895223200,1,1
139.895240600,1,0
139.895249200,1,1
139.895266600,1,0
139.895275200,1,1
139.895284000,1,0
139.895318600,1,1
139.895336000,1,0
139.895414000,1,1
139.895431400,1,0
139.895440000,1,1
139.895448600,1,0
139.895466000,1,1
139.895474600,1,0
139.895492000,1,1
139.895500600,1,0
139.895509200,1,1
139.895526600,1,0
139.895544000,1,1
139.895561400,1,0
139.895570000,1,1
139.895587400,1,0
139.895604600,1,1
140.594617600,0,1
140.594635000,1,1
140.594704200,0,1
140.594712800,1,1
140.594790600,0,1
140.594816600,1,1
140.594825200,0,1
140.594868600,1,1
140.594877200,0,1
140.594955000,1,1
140.594963800,0,1
140.594981000,1,1
140.594989800,0,1
140.595041600,1,1
140.595050200,0,1
140.595067600,1,1
140.595076200,0,1
140.595128200,1,1
140.595136800,0,1
140.595214800,1,1
140.595223400,0,1
140.595232000,1,1
140.595249400,0,1
140.595258000,1,1
140.595292600,0,1
140.595301200,1,1
140.595310000,0,1
140.595318600,1,1
140.595327200,0,1
140.595335800,1,1
140.595353200,0,1
140.595361800,1,1
140.595379200,0,1
140.595387800,1,1
140.616915000,1,0
140.616932200,1,1
140.617010200,1,0
140.617018800,1,1
140.617105600,1,0
140.617114200,1,1
140.617140200,1,0
140.617183400,1,1
140.617218200,1,0
140.617296200,1,1
140.617313600,1,0
140.617322200,1,1
140.617330800,1,0
140.617339400,1,1
140.617356800,1,0
140.617391400,1,1
140.617408800,1,0
140.617486800,1,1
140.617504200,1,0
140.617521400,1,1
140.617530200,1,0
140.617582000,1,1
140.617599400,1,0
140.617608000,1,1
140.617616800,1,0
140.617677400,1,1
140.617720800,1,0
140.617738000,1,1
140.617746800,1,0
140.617798800,1,1
140.617816200,1,0
140.617894000,1,1
140.617911400,1,0
140.617989400,1,1
140.618006800,1,0
140.618024000,1,1
140.618032800,1,0
140.618084600,1,1
140.618102000,1,0
140.618110600,1,1
140.618119400,1,0
140.618180000,1,1
140.618214800,1,0
140.618223400,1,1
140.618232000,1,0
140.618292600,1,1
140.618310000,1,0
140.618318600,1,1
140.618336000,1,0
140.618388000,1,1
140.618405400,1,0
140.618414000,1,1
140.618422800,1,0
140.618483200,1,1
140.618500800,1,0
140.618509200,1,1
140.618526800,1,0
140.618578600,1,1
140.618596000,1,0
140.618674000,1,1
140.618691400,1,0
140.618708600,1,1
140.618743400,1,0
140.618752000,1,1
140.618760600,1,0
140.618769200,1,1
140.618786600,1,0
140.618821200,1,1
140.618830000,1,0
140.618855800,1,1
140.619384800,0,1
140.619402000,1,1
140.619471200,0,1
140.619480000,1,1
140.619557800,0,1
140.619583800,1,1
140.619592400,0,1
140.619635600,1,1
140.619644400,0,1
140.619722200,1,1
140.619730800,0,1
140.619748200,1,1
140.619756800,0,1
140.619808800,1,1
140.619817400,0,1
140.619826000,1,1
140.619843400,0,1
140.619895400,1,1
140.619904000,0,1
140.619981800,1,1
140.619990600,0,1
140.620025200,1,1
140.620033800,0,1
140.620051000,1,1
140.620059800,0,1
140.620068400,1,1
140.620077000,0,1
140.620103000,1,1
140.620129000,0,1
140.620137600,1,1
140.620146200,0,1
140.620155000,1,1
140.642801400,1,0
140.642818600,1,1
140.642896600,1,0
140.642905200,1,1
140.642992000,1,0
140.643000600,1,1
140.643026600,1,0
140.643069800,1,1
140.643087400,1,0
140.643165200,1,1
140.643182600,1,0
140.643243200,1,1
140.643252000,1,0
140.643260600,1,1
140.643278000,1,0
140.643356000,1,1
140.643390600,1,0
140.643399200,1,1
140.643416600,1,0
140.643468600,1,1
140.643486000,1,0
140.643494600,1,1
140.643503400,1,0
140.643564000,1,1
140.643581400,1,0
140.643598600,1,1
140.643607400,1,0
140.643659200,1,1
140.643676600,1,0
140.643754600,1,1
140.643772000,1,0
140.643850000,1,1
140.643867400,1,0
140.643884600,1,1
140.643893400,1,0
140.643945200,1,1
140.643962600,1,0
140.643971200,1,1
140.643980000,1,0
140.644040600,1,1
140.644058000,1,0
140.644066600,1,1
140.644075400,1,0
140.644136000,1,1
140.644153400,1,0
140.644162000,1,1
140.644179400,1,0
140.644231200,1,1
140.644248600,1,0
140.644257200,1,1
140.644266000,1,0
140.644326600,1,1
140.644344000,1,0
140.644422000,1,1
140.644439400,1,0
140.644465200,1,1
140.644474000,1,0
140.644517200,1,1
140.644534600,1,0
140.644543200,1,1
140.644552000,1,0
140.644612600,1,1
140.644647400,1,0
140.644656000,1,1
140.644673400,1,0
140.644682000,1,1
140.644716600,1,0
140.644725200,1,1
140.644742600,1,0
140.644751200,1,1
140.644760000,1,0
140.644768600,1,1
140.644777400,1,0
140.644820600,1,1
140.644838000,1,0
140.644846600,1,1
140.644855400,1,0
140.644916000,1,1
140.644933400,1,0
140.644942000,1,1
140.644959400,1,0
140.644968000,1,1
140.645002600,1,0
140.645011200,1,1
140.645028600,1,0
140.645046000,1,1
140.645054600,1,0
140.645063200,1,1
140.645072000,1,0
140.645106600,1,1
140.645124000,1,0
140.645132600,1,1
140.645141400,1,0
140.645201800,1,1
140.645219400,1,0
140.645236600,1,1
140.645245400,1,0
140.645297200,1,1
140.645314600,1,0
140.645340600,1,1
140.645358000,1,0
140.645392600,1,1
140.645410000,1,0
140.645418600,1,1
140.645427400,1,0
140.645488000,1,1
140.645522600,1,0
140.645600600,1,1
140.645618000,1,0
140.645626600,1,1
140.645635400,1,0
140.645644000,1,1
140.645661400,1,0
140.645695800,1,1
140.645713400,1,0
140.645721800,1,1
140.645730600,1,0
140.645791200,1,1
140.645808600,1,0
140.645817200,1,1
140.645826000,1,0
140.645886600,1,1
140.645904000,1,0
140.645947200,1,1
140.645956000,1,0
140.645981800,1,1
140.645999200,1,0
140.646007800,1,1
140.646016600,1,0
140.646077200,1,1
140.646094600,1,0
140.646172600,1,1
140.646190000,1,0
140.646198600,1,1
140.646207200,1,0
140.646233200,1,1
140.646242000,1,0
140.646267800,1,1
140.646285200,1,0
140.646302600,1,1
140.646311200,1,0
140.646363200,1,1
140.646398000,1,0
140.646475800,1,1
140.646493200,1,0
140.646571200,1,1
140.646588600,1,0
140.646640600,1,1
140.646649200,1,0
140.646666600,1,1
140.646684000,1,0
140.646692600,1,1
140.646701200,1,0
140.646761800,1,1
140.646779200,1,0
140.646857200,1,1
140.646874600,1,0
140.646883200,1,1
140.646892000,1,0
140.646926600,1,1
140.646935200,1,0
140.646952600,1,1
140.646970000,1,0
140.646987200,1,1
140.646996000,1,0
140.647047800,1,1
140.647065400,1,0
140.647143200,1,1
140.647160600,1,0
140.647238600,1,1
140.647282000,1,0
140.647299200,1,1
140.647308000,1,0
140.647316600,1,1
140.647325400,1,0
140.647334000,1,1
140.647342600,1,0
140.647360000,1,1
140.647377400,1,0
140.647386000,1,1
140.647394600,1,0
140.647455200,1,1
140.647472600,1,0
140.647481200,1,1
140.647490000,1,0
140.647550600,1,1
140.647568000,1,0
140.647576600,1,1
140.647594000,1,0
140.647602600,1,1
140.647611400,1,0
140.647620000,1,1
140.647628600,1,0
140.647646000,1,1
140.647663400,1,0
140.647672000,1,1
140.647680600,1,0
140.647741200,1,1
140.647776000,1,0
140.647784600,1,1
140.647793400,1,0
140.647854000,1,1
140.647871400,1,0
140.647897200,1,1
140.647914600,1,0
140.647923200,1,1
140.647932000,1,0
140.647949200,1,1
140.647966600,1,0
140.647975200,1,1
140.647984000,1,0
140.648044600,1,1
140.648062000,1,0
140.648088000,1,1
140.648096600,1,0
140.648140000,1,1
140.648157400,1,0
140.648200600,1,1
140.648218000,1,0
140.648235200,1,1
140.648252800,1,0
140.648261200,1,1
140.648270000,1,0
140.648330600,1,1
140.648348000,1,0
140.648374000,1,1
140.648382800,1,0
140.648400000,1,1
140.648417400,1,0
140.648426000,1,1
140.648443400,1,0
140.648469200,1,1
140.648478000,1,0
140.648486600,1,1
140.648504000,1,0
140.648521200,1,1
140.648538800,1,0
140.648547200,1,1
140.648556000,1,0
140.648616600,1,1
140.648651400,1,0
140.648729200,1,1
140.648746800,1,0
140.648764000,1,1
140.648781400,1,0
140.648790000,1,1
140.648807400,1,0
140.648824600,1,1
140.648842000,1,0
140.648850600,1,1
140.648859400,1,0
140.648920000,1,1
140.648937400,1,0
140.649015400,1,1
140.649032800,1,0
140.649093400,1,1
140.649102000,1,0
140.649110600,1,1
140.649128200,1,0
140.649145400,1,1
140.649154200,1,0
140.649206000,1,1
140.649223400,1,0
140.649301400,1,1
140.649318800,1,0
140.649396800,1,1
140.649414200,1,0
140.649492000,1,1
140.649509400,1,0
140.649518000,1,1
140.649526800,1,0
140.649552800,1,1
140.649604800,1,0
140.649613400,1,1
140.649622200,1,0
140.649630800,1,1
140.649639400,1,0
140.649656800,1,1
140.649665400,1,0
140.649682800,1,1
140.650218200,0,1
140.650235400,1,1
140.650304800,0,1
140.650313400,1,1
140.650391200,0,1
140.650417200,1,1
140.650425800,0,1
140.650469200,1,1
140.650477800,0,1
140.650555600,1,1
140.650564400,0,1
140.650581600,1,1
140.650590200,0,1
140.650642200,1,1
140.650650800,0,1
140.650676800,1,1
140.650685400,0,1
140.650728800,1,1
140.650737400,0,1
140.650815200,1,1
140.650824000,0,1
140.650832600,1,1
140.650841200,0,1
140.650867200,1,1
140.650875800,0,1
140.650884600,1,1
140.650910400,0,1
140.650919200,1,1
140.650936400,0,1
140.650945000,1,1
140.650953800,0,1
140.650971000,1,1
140.672266000,1,0
140.672283200,1,1
140.672361200,1,0
140.672369800,1,1
140.672456600,1,0
140.672465200,1,1
140.672491200,1,0
140.672534600,1,1
140.672552000,1,0
140.672629800,1,1
140.672647200,1,0
140.672690600,1,1
140.672699400,1,0
140.672725200,1,1
140.672742600,1,0
140.672820600,1,1
140.672838000,1,0
140.672863800,1,1
140.672872600,1,0
140.672915800,1,1
140.672950600,1,0
140.672959200,1,1
140.672968000,1,0
140.673028600,1,1
140.673046000,1,0
140.673063200,1,1
140.673072000,1,0
140.673123800,1,1
140.673141200,1,0
140.673219200,1,1
140.673236600,1,0
140.673314400,1,1
140.673332000,1,0
140.673349200,1,1
140.673358000,1,0
140.673409800,1,1
140.673427200,1,0
140.673435800,1,1
140.673444600,1,0
140.673505200,1,1
140.673522600,1,0
140.673600400,1,1
140.673617800,1,0
140.673626400,1,1
140.673643800,1,0
140.673695800,1,1
140.673713200,1,0
140.673721800,1,1
140.673730600,1,0
140.673791000,1,1
140.673834400,1,0
140.673912400,1,1
140.673929800,1,0
140.673955600,1,1
140.673964400,1,0
140.674007600,1,1
140.674025200,1,0
140.674033600,1,1
140.674042400,1,0
140.674103000,1,1
140.674120400,1,0
140.674198400,1,1
140.674215800,1,0
140.674293600,1,1
140.674337000,1,0
140.674345600,1,1
140.674354400,1,0
140.674363000,1,1
140.674371800,1,0
140.674380200,1,1
140.674389000,1,0
140.674397600,1,1
140.674406400,1,0
140.674415000,1,1
140.674432400,1,0
140.674441000,1,1
140.674449600,1,0
140.674458200,1,1
140.674467000,1,0
140.674475600,1,1
140.674484400,1,0
140.674493000,1,1
140.674501600,1,0
140.674510200,1,1
141.624608600,0,1
141.624625800,1,1
141.624695000,0,1
141.624703800,1,1
141.624781600,0,1
141.624807600,1,1
141.624816200,0,1
141.624859600,1,1
141.624868200,0,1
141.624946000,1,1
141.624954600,0,1
141.624972000,1,1
141.624980600,0,1
141.625032600,1,1
141.625041200,0,1
141.625058600,1,1
141.625067200,0,1
141.625119200,1,1
141.625127800,0,1
141.625205600,1,1
141.625214400,0,1
141.625223000,1,1
141.625240200,0,1
141.625249000,1,1
141.625283600,0,1
141.625292200,1,1
141.625300800,0,1
141.625309400,1,1
141.625318200,0,1
141.625326800,1,1
141.625344200,0,1
141.625352800,1,1
141.625370000,0,1
141.625378800,1,1
141.650026400,1,0
141.650043600,1,1
141.650121800,1,0
141.650130200,1,1
141.650234400,1,0
141.650243000,1,1
141.650269000,1,0
141.650312400,1,1
141.650329800,1,0
141.650407600,1,1
141.650425000,1,0
141.650433600,1,1
141.650442400,1,0
141.650451000,1,1
141.650468400,1,0
141.650503000,1,1
141.650520400,1,0
141.650598400,1,1
141.650615800,1,0
141.650633000,1,1
141.650641800,1,0
141.650693800,1,1
141.650711200,1,0
141.650719800,1,1
141.650728400,1,0
141.650789000,1,1
141.650806400,1,0
141.650823800,1,1
141.650832400,1,0
141.650884400,1,1
141.650901800,1,0
141.650979800,1,1
141.650997200,1,0
141.651075000,1,1
141.651109800,1,0
141.651127000,1,1
141.651135800,1,0
141.651187800,1,1
141.651205200,1,0
141.651213800,1,1
141.651222600,1,0
141.651283200,1,1
141.651300600,1,0
141.651309200,1,1
141.651317800,1,0
141.651378400,1,1
141.651395800,1,0
141.651404400,1,1
141.651421800,1,0
141.651473800,1,1
141.651491200,1,0
141.651499800,1,1
141.651508600,1,0
141.651569200,1,1
141.651586600,1,0
141.651595200,1,1
141.651612600,1,0
141.651664400,1,1
141.651681800,1,0
141.651759800,1,1
141.651777200,1,0
141.651794400,1,1
141.651829200,1,0
141.651837800,1,1
141.651846600,1,0
141.651855200,1,1
141.651872600,1,0
141.651907200,1,1
141.651916000,1,0
141.651941800,1,1
141.652491000,0,1
141.652508400,1,1
141.652577600,0,1
141.652586200,1,1
141.652664200,0,1
141.652690000,1,1
141.652698800,0,1
141.652742000,1,1
141.652750600,0,1
141.652828600,1,1
141.652837200,0,1
141.652854600,1,1
141.652863200,0,1
141.652915000,1,1
141.652923800,0,1
141.652932400,1,1
141.652949600,0,1
141.653001600,1,1
141.653010200,0,1
141.653088200,1,1
141.653096800,0,1
141.653131400,1,1
141.653140000,0,1
141.653157400,1,1
141.653166000,0,1
141.653174600,1,1
141.653183400,0,1
141.653209400,1,1
141.653235200,0,1
141.653244000,1,1
141.653252600,0,1
141.653261200,1,1
141.675787200,1,0
141.675804600,1,1
141.675882600,1,0
141.675891200,1,1
141.675978000,1,0
141.675986400,1,1
141.676012600,1,0
141.676055800,1,1
141.676073200,1,0
141.676151200,1,1
141.676168600,1,0
141.676229200,1,1
141.676238000,1,0
141.676246600,1,1
141.676264000,1,0
141.676341800,1,1
141.676359200,1,0
141.676367800,1,1
141.676385200,1,0
141.676437200,1,1
141.676454600,1,0
141.676463200,1,1
141.676472000,1,0
141.676532600,1,1
141.676550000,1,0
141.676567200,1,1
141.676576000,1,0
141.676627800,1,1
141.676645200,1,0
141.676723200,1,1
141.676740600,1,0
141.676818600,1,1
141.676836000,1,0
141.676853200,1,1
141.676862000,1,0
141.676913800,1,1
141.676931200,1,0
141.676939800,1,1
141.676948600,1,0
141.677009200,1,1
141.677026600,1,0
141.677035200,1,1
141.677044000,1,0
141.677104600,1,1
141.677122000,1,0
141.677130600,1,1
141.677148000,1,0
141.677199800,1,1
141.677217400,1,0
141.677225800,1,1
141.677234600,1,0
141.677295200,1,1
141.677312600,1,0
141.677390600,1,1
141.677425400,1,0
141.677451200,1,1
141.677460000,1,0
141.677503200,1,1
141.677520600,1,0
141.677529200,1,1
141.677538000,1,0
141.677598600,1,1
141.677616000,1,0
141.677624600,1,1
141.677642000,1,0
141.677650600,1,1
141.677685400,1,0
141.677694000,1,1
141.677711400,1,0
141.677720000,1,1
141.677728600,1,0
141.677737200,1,1
141.677746000,1,0
141.677789200,1,1
141.677806600,1,0
141.677815200,1,1
141.677824000,1,0
141.677884600,1,1
141.677902000,1,0
141.677910600,1,1
141.677928000,1,0
141.677936600,1,1
141.677971400,1,0
141.677980000,1,1
141.677997400,1,0
141.678014600,1,1
141.678023400,1,0
141.678032000,1,1
141.678040600,1,0
141.678075200,1,1
141.678092800,1,0
141.678101200,1,1
141.678110000,1,0
141.678170600,1,1
141.678188000,1,0
141.678205200,1,1
141.678214000,1,0
141.678266000,1,1
141.678300800,1,0
141.678326600,1,1
141.678344000,1,0
141.678378600,1,1
141.678396000,1,0
141.678404600,1,1
141.678413400,1,0
141.678474000,1,1
141.678491400,1,0
141.678569400,1,1
141.678586800,1,0
141.678595400,1,1
141.678604000,1,0
141.678612600,1,1
141.678630000,1,0
141.678664600,1,1
141.678682000,1,0
141.678690600,1,1
141.678699400,1,0
141.678760000,1,1
141.678777400,1,0
141.678786000,1,1
141.678794800,1,0
141.678855400,1,1
141.678872800,1,0
141.678916000,1,1
141.678924800,1,0
141.678950600,1,1
141.678968000,1,0
141.678976600,1,1
141.678985400,1,0
141.679046000,1,1
141.679063400,1,0
141.679141400,1,1
141.679176000,1,0
141.679184600,1,1
141.679193400,1,0
141.679219400,1,1
141.679228000,1,0
141.679254000,1,1
141.679271400,1,0
141.679288600,1,1
141.679297400,1,0
141.679349400,1,1
141.679366800,1,0
141.679444600,1,1
141.679462000,1,0
141.679540000,1,1
141.679557400,1,0
141.679609200,1,1
141.679618000,1,0
141.679635200,1,1
141.679652800,1,0
141.679661200,1,1
141.679670000,1,0
141.679730600,1,1
141.679748000,1,0
141.679826000,1,1
141.679843400,1,0
141.679852000,1,1
141.679860800,1,0
141.679895200,1,1
141.679904000,1,0
141.679921200,1,1
141.679938800,1,0
141.679956000,1,1
141.679964800,1,0
141.680016600,1,1
141.680060000,1,0
141.680138000,1,1
141.680155400,1,0
141.680233400,1,1
141.680250800,1,0
141.680268000,1,1
141.680276800,1,0
141.680285400,1,1
141.680294000,1,0
141.680302600,1,1
141.680311400,1,0
141.680328600,1,1
141.680346000,1,0
141.680354600,1,1
141.680363400,1,0
141.680424000,1,1
141.680441400,1,0
141.680450000,1,1
141.680458800,1,0
141.680519200,1,1
141.680554000,1,0
141.680562600,1,1
141.680580000,1,0
141.680588600,1,1
141.680597400,1,0
141.680606000,1,1
141.680614800,1,0
141.680632000,1,1
141.680649400,1,0
141.680658000,1,1
141.680666800,1,0
141.680727400,1,1
141.680744800,1,0
141.680753400,1,1
141.680762000,1,0
141.680822600,1,1
141.680840000,1,0
141.680866000,1,1
141.680883400,1,0
141.680892000,1,1
141.680900800,1,0
141.680918000,1,1
141.680935400,1,0
141.680944000,1,1
141.680952800,1,0
141.681013400,1,1
141.681030800,1,0
141.681056600,1,1
141.681065400,1,0
141.681108600,1,1
141.681126000,1,0
141.681169400,1,1
141.681186800,1,0
141.681204000,1,1
141.681221400,1,0
141.681230000,1,1
141.681238800,1,0
141.681299400,1,1
141.681316800,1,0
141.681342600,1,1
141.681351400,1,0
141.681368600,1,1
141.681386000,1,0
141.681394600,1,1
141.681429400,1,0
141.681455400,1,1
141.681464000,1,0
141.681472600,1,1
141.681490000,1,0
141.681507400,1,1
141.681524800,1,0
141.681533400,1,1
141.681542000,1,0
141.681602600,1,1
141.681620000,1,0
141.681698000,1,1
141.681715400,1,0
141.681732600,1,1
141.681750000,1,0
141.681758600,1,1
141.681776000,1,0
141.681793200,1,1
141.681810800,1,0
141.681819200,1,1
141.681828000,1,0
141.681888600,1,1
141.681906000,1,0
141.681984000,1,1
141.682001400,1,0
141.682062000,1,1
141.682070800,1,0
141.682079200,1,1
141.682096800,1,0
141.682114000,1,1
141.682122800,1,0
141.682174600,1,1
141.682192000,1,0
141.682270000,1,1
141.682304800,1,0
141.682382600,1,1
141.682400000,1,0
141.682478000,1,1
141.682495400,1,0
141.682504000,1,1
141.682512600,1,0
141.682538600,1,1
141.682590600,1,0
141.682599200,1,1
141.682608000,1,0
141.682616600,1,1
141.682625400,1,0
141.682642600,1,1
141.682651400,1,0
141.682668600,1,1
141.683125400,0,1
141.683142800,1,1
141.683212000,0,1
141.683220600,1,1
141.683298600,0,1
141.683324400,1,1
141.683333200,0,1
141.683376400,1,1
141.683385000,0,1
141.683463000,1,1
141.683471600,0,1
141.683489000,1,1
141.683497600,0,1
141.683549400,1,1
141.683558200,0,1
141.683584000,1,1
141.683592800,0,1
141.683636000,1,1
141.683644600,0,1
141.683722600,1,1
141.683731200,0,1
141.683739800,1,1
141.683748600,0,1
141.683774400,1,1
141.683783200,0,1
141.683791800,1,1
141.683817800,0,1
141.683826400,1,1
141.683843800,0,1
141.683852400,1,1
141.683861000,0,1
141.683878400,1,1
141.705256600,1,0
141.705274000,1,1
141.705369400,1,0
141.705378000,1,1
141.705464800,1,0
141.705473200,1,1
141.705499400,1,0
141.705542600,1,1
141.705560000,1,0
141.705638000,1,1
141.705655400,1,0
141.705698600,1,1
141.705707400,1,0
141.705733200,1,1
141.705750800,1,0
141.705828600,1,1
141.705846000,1,0
141.705872000,1,1
141.705880800,1,0
141.705924000,1,1
141.705941400,1,0
141.705950000,1,1
141.705958800,1,0
141.706019400,1,1
141.706036800,1,0
141.706054000,1,1
141.706062800,1,0
141.706114600,1,1
141.706132000,1,0
141.706210000,1,1
141.706244800,1,0
141.706322600,1,1
141.706340200,1,0
141.706357400,1,1
141.706366200,1,0
141.706418000,1,1
141.706435400,1,0
141.706444000,1,1
141.706452800,1,0
141.706513400,1,1
141.706530800,1,0
141.706608800,1,1
141.706626200,1,0
141.706634800,1,1
141.706652200,1,0
141.706704200,1,1
141.706721600,1,0
141.706730200,1,1
141.706738800,1,0
141.706799400,1,1
141.706816800,1,0
141.706894800,1,1
141.706912200,1,0
141.706938200,1,1
141.706946800,1,0
141.706990200,1,1
141.707007600,1,0
141.707016200,1,1
141.707024800,1,0
141.707085400,1,1
141.707120200,1,0
141.707198200,1,1
141.707215600,1,0
141.707293400,1,1
141.707311000,1,0
141.707319400,1,1
141.707328200,1,0
141.707336800,1,1
141.707345600,1,0
141.707354200,1,1
141.707362800,1,0
141.707371400,1,1
141.707380200,1,0
141.707388800,1,1
141.707406200,1,0
141.707414800,1,1
141.707423600,1,0
141.707432200,1,1
141.707440800,1,0
141.707449400,1,1
141.707458200,1,0
141.707466800,1,1
141.707475600,1,0
141.707484200,1,1
142.656598600,0,1
142.656615800,1,1
142.656685000,0,1
142.656693800,1,1
142.656771600,0,1
142.656797600,1,1
142.656806200,0,1
142.656849400,1,1
142.656858200,0,1
142.656936000,1,1
142.656944600,0,1
142.656962000,1,1
142.656970600,0,1
142.657022600,1,1
142.657031200,0,1
142.657048600,1,1
142.657057200,0,1
142.657109200,1,1
142.657117800,0,1
142.657195600,1,1
142.657204400,0,1
142.657213000,1,1
142.657230200,0,1
142.657239000,1,1
142.657273600,0,1
142.657282200,1,1
142.657290800,0,1
142.657299400,1,1
142.657308200,0,1
142.657316800,1,1
142.657334200,0,1
142.657342800,1,1
142.657360000,0,1
142.657368800,1,1
142.678147200,1,0
142.678164600,1,1
142.678242600,1,0
142.678251200,1,1
142.678346600,1,0
142.678355200,1,1
142.678381400,1,0
142.678424600,1,1
142.678442000,1,0
142.678520000,1,1
142.678537400,1,0
142.678546000,1,1
142.678554600,1,0
142.678563200,1,1
142.678580600,1,0
142.678615200,1,1
142.678632600,1,0
142.678710600,1,1
142.678728000,1,0
142.678745200,1,1
142.678754000,1,0
142.678806000,1,1
142.678823400,1,0
142.678832000,1,1
142.678840800,1,0
142.678901400,1,1
142.678918800,1,0
142.678936000,1,1
142.678944800,1,0
142.678996800,1,1
142.679014200,1,0
142.679092000,1,1
142.679109600,1,0
142.679187400,1,1
142.679222200,1,0
142.679239400,1,1
142.679248200,1,0
142.679300200,1,1
142.679317600,1,0
142.679326200,1,1
142.679335000,1,0
142.679395600,1,1
142.679413000,1,0
142.679421600,1,1
142.679430200,1,0
142.679490800,1,1
142.679508400,1,0
142.679516800,1,1
142.679534400,1,0
142.679586200,1,1
142.679603600,1,0
142.679612200,1,1
142.679621000,1,0
142.679681600,1,1
142.679699000,1,0
142.679707600,1,1
142.679725000,1,0
142.679777000,1,1
142.679794400,1,0
142.679872200,1,1
142.679889600,1,0
142.679907000,1,1
142.679941800,1,0
142.679950200,1,1
142.679959000,1,0
142.679967600,1,1
142.679985000,1,0
142.680019600,1,1
142.680028400,1,0
142.680054400,1,1
142.680604200,0,1
142.680621400,1,1
142.680690600,0,1
142.680699400,1,1
142.680777200,0,1
142.680803200,1,1
142.680811800,0,1
142.680855200,1,1
142.680863800,0,1
142.680941600,1,1
142.680950200,0,1
142.680967600,1,1
142.680976200,0,1
142.681028200,1,1
142.681036800,0,1
142.681045400,1,1
142.681062800,0,1
142.681114800,1,1
142.681123400,0,1
142.681201200,1,1
142.681210000,0,1
142.681244600,1,1
142.681253200,0,1
142.681270400,1,1
142.681279200,0,1
142.681287800,1,1
142.681296400,0,1
142.681322400,1,1
142.681348400,0,1
142.681357000,1,1
142.681365600,0,1
142.681374400,1,1
142.703902200,1,0
142.703919400,1,1
142.703997600,1,0
142.704006200,1,1
142.704093000,1,0
142.704101600,1,1
142.704127600,1,0
142.704170800,1,1
142.704188200,1,0
142.704266200,1,1
142.704283600,1,0
142.704344200,1,1
142.704353000,1,0
142.704361600,1,1
142.704379000,1,0
142.704457000,1,1
142.704474400,1,0
142.704483000,1,1
142.704500400,1,0
142.704552200,1,1
142.704569600,1,0
142.704578200,1,1
142.704587000,1,0
142.704647600,1,1
142.704665000,1,0
142.704682200,1,1
142.704691000,1,0
142.704743000,1,1
142.704760400,1,0
142.704838400,1,1
142.704855800,1,0
142.704933600,1,1
142.704951000,1,0
142.704968400,1,1
142.704977000,1,0
142.705029000,1,1
142.705046400,1,0
142.705055000,1,1
142.705063800,1,0
142.705124400,1,1
142.705159200,1,0
142.705167600,1,1
142.705176400,1,0
142.705237000,1,1
142.705254400,1,0
142.705263000,1,1
142.705280400,1,0
142.705332400,1,1
142.705349800,1,0
142.705358400,1,1
142.705367200,1,0
142.705427800,1,1
142.705445200,1,0
142.705523000,1,1
142.705540400,1,0
142.705566400,1,1
142.705575200,1,0
142.705618400,1,1
142.705635800,1,0
142.705644400,1,1
142.705653200,1,0
142.705713800,1,1
142.705731200,1,0
142.705739800,1,1
142.705757200,1,0
142.705765800,1,1
142.705800600,1,0
142.705809200,1,1
142.705826600,1,0
142.705835200,1,1
142.705843800,1,0
142.705852400,1,1
142.705861200,1,0
142.705904400,1,1
142.705922000,1,0
142.705930400,1,1
142.705939200,1,0
142.705999800,1,1
142.706043200,1,0
142.706051800,1,1
142.706069400,1,0
142.706077800,1,1
142.706112600,1,0
142.706121200,1,1
142.706138600,1,0
142.706156000,1,1
142.706164600,1,0
142.706173200,1,1
142.706182000,1,0
142.706216600,1,1
142.706234000,1,0
142.706242600,1,1
142.706251400,1,0
142.706312000,1,1
142.706329400,1,0
142.706346600,1,1
142.706355400,1,0
142.706407400,1,1
142.706424800,1,0
142.706450600,1,1
142.706468000,1,0
142.706502600,1,1
142.706537400,1,0
142.706546000,1,1
142.706554800,1,0
142.706615400,1,1
142.706632800,1,0
142.706710800,1,1
142.706728200,1,0
142.706736800,1,1
142.706745600,1,0
142.706754000,1,1
142.706771600,1,0
142.706806000,1,1
142.706823600,1,0
142.706832000,1,1
142.706840800,1,0
142.706901400,1,1
142.706918800,1,0
142.706927400,1,1
142.706936200,1,0
142.706996800,1,1
142.707014200,1,0
142.707057600,1,1
142.707066200,1,0
142.707092200,1,1
142.707109600,1,0
142.707118200,1,1
142.707127000,1,0
142.707187600,1,1
142.707205000,1,0
142.707283000,1,1
142.707300400,1,0
142.707309000,1,1
142.707317600,1,0
142.707343600,1,1
142.707352400,1,0
142.707378200,1,1
142.707413000,1,0
142.707430200,1,1
142.707439000,1,0
142.707491000,1,1
142.707508400,1,0
142.707586200,1,1
142.707603800,1,0
142.707681600,1,1
142.707699000,1,0
142.707751000,1,1
142.707759800,1,0
142.707777000,1,1
142.707794400,1,0
142.707803000,1,1
142.707811800,1,0
142.707872400,1,1
142.707889800,1,0
142.707967800,1,1
142.707985200,1,0
142.707993800,1,1
142.708002600,1,0
142.708037000,1,1
142.708045800,1,0
142.708063200,1,1
142.708080600,1,0
142.708097800,1,1
142.708106600,1,0
142.708158400,1,1
142.708176000,1,0
142.708253800,1,1
142.708288600,1,0
142.708366600,1,1
142.708384000,1,0
142.708401200,1,1
142.708410000,1,0
142.708418600,1,1
142.708427400,1,0
142.708435800,1,1
142.708444600,1,0
142.708461800,1,1
142.708479400,1,0
142.708487800,1,1
142.708496600,1,0
142.708557200,1,1
142.708574600,1,0
142.708583200,1,1
142.708592000,1,0
142.708652600,1,1
142.708670000,1,0
142.708678600,1,1
142.708696000,1,0
142.708704600,1,1
142.708713400,1,0
142.708722000,1,1
142.708730800,1,0
142.708748000,1,1
142.708765400,1,0
142.708774000,1,1
142.708782800,1,0
142.708843400,1,1
142.708860800,1,0
142.708869400,1,1
142.708878200,1,0
142.708938800,1,1
142.708956200,1,0
142.708982000,1,1
142.708999400,1,0
142.709008000,1,1
142.709016800,1,0
142.709034000,1,1
142.709051600,1,0
142.709060000,1,1
142.709068800,1,0
142.709129400,1,1
142.709164200,1,0
142.709190200,1,1
142.709198800,1,0
142.709242200,1,1
142.709259600,1,0
142.709302800,1,1
142.709320200,1,0
142.709337600,1,1
142.709355000,1,0
142.709363600,1,1
142.709372200,1,0
142.709432800,1,1
142.709450200,1,0
142.709476200,1,1
142.709485000,1,0
142.709502200,1,1
142.709519600,1,0
142.709528200,1,1
142.709545600,1,0
142.709571600,1,1
142.709580400,1,0
142.709588800,1,1
142.709606400,1,0
142.709623600,1,1
142.709641000,1,0
142.709649600,1,1
142.709658400,1,0
142.709719000,1,1
142.709736400,1,0
142.709814200,1,1
142.709831600,1,0
142.709849000,1,1
142.709866400,1,0
142.709875000,1,1
142.709892400,1,0
142.709909600,1,1
142.709927000,1,0
142.709935600,1,1
142.709944400,1,0
142.710005000,1,1
142.710022400,1,0
142.710100400,1,1
142.710117800,1,0
142.710178400,1,1
142.710187200,1,0
142.710195800,1,1
142.710213200,1,0
142.710230400,1,1
142.710239200,1,0
142.710291000,1,1
142.710308400,1,0
142.710386400,1,1
142.710421200,1,0
142.710499200,1,1
142.710516600,1,0
142.710594400,1,1
142.710612000,1,0
142.710620400,1,1
142.710629200,1,0
142.710655200,1,1
142.710707200,1,0
142.710715800,1,1
142.710724600,1,0
142.710733200,1,1
142.710742000,1,0
142.710759200,1,1
142.710768000,1,0
142.710785200,1,1
142.711247200,0,1
142.711264600,1,1
142.711333800,0,1
142.711342400,1,1
142.711420200,0,1
142.711446200,1,1
142.711454800,0,1
142.711498200,1,1
142.711506800,0,1
142.711584600,1,1
142.711593400,0,1
142.711610600,1,1
142.711619400,0,1
142.711671200,1,1
142.711679800,0,1
142.711705800,1,1
142.711714600,0,1
142.711757800,1,1
142.711766400,0,1
142.711844400,1,1
142.711853000,0,1
142.711861600,1,1
142.711870200,0,1
142.711896200,1,1
142.711904800,0,1
142.711913600,1,1
142.711939600,0,1
142.711948200,1,1
142.711965400,0,1
142.711974200,1,1
142.711982800,0,1
142.712000000,1,1
142.733306600,1,0
142.733323800,1,1
142.733402000,1,0
142.733410400,1,1
142.733497200,1,0
142.733505800,1,1
142.733532000,1,0
142.733575200,1,1
142.733610000,1,0
142.733687800,1,1
142.733705400,1,0
142.733748600,1,1
142.733757400,1,0
142.733783200,1,1
142.733800600,1,0
142.733878600,1,1
142.733896000,1,0
142.733921800,1,1
142.733930600,1,0
142.733974000,1,1
142.733991400,1,0
142.734000000,1,1
142.734008600,1,0
142.734069200,1,1
142.734086600,1,0
142.734104000,1,1
142.734112600,1,0
142.734164600,1,1
142.734182000,1,0
142.734260000,1,1
142.734277400,1,0
142.734355200,1,1
142.734372600,1,0
142.734390000,1,1
142.734398600,1,0
142.734450600,1,1
142.734485400,1,0
142.734494000,1,1
142.734502800,1,0
142.734563200,1,1
142.734580800,1,0
142.734658600,1,1
142.734676000,1,0
142.734684600,1,1
142.734702000,1,0
142.734754000,1,1
142.734771400,1,0
142.734780000,1,1
142.734788800,1,0
142.734849400,1,1
142.734866800,1,0
142.734944600,1,1
142.734962200,1,0
142.734988000,1,1
142.734996800,1,0
142.735040000,1,1
142.735057400,1,0
142.735066000,1,1
142.735074800,1,0
142.735135400,1,1
142.735213600,1,0
142.735291400,1,1
142.735308800,1,0
142.735386800,1,1
142.735404200,1,0
142.735412800,1,1
142.735421600,1,0
142.735430200,1,1
142.735439000,1,0
142.735447400,1,1
142.735456200,1,0
142.735464800,1,1
142.735473600,1,0
142.735482200,1,1
142.735499600,1,0
142.735508200,1,1
142.735517000,1,0
142.735525400,1,1
142.735534200,1,0
142.735542800,1,1
142.735551600,1,0
142.735560200,1,1
142.735569000,1,0
142.735577400,1,1
143.684616400,0,1
143.684633800,1,1
143.684703000,0,1
143.684711600,1,1
143.684789600,0,1
143.684815600,1,1
143.684824200,0,1
143.684867400,1,1
143.684876000,0,1
143.684954000,1,1
143.684962600,0,1
143.684980000,1,1
143.684988600,0,1
143.685040600,1,1
143.685049200,0,1
143.685066400,1,1
143.685075200,0,1
143.685127000,1,1
143.685135800,0,1
143.685213600,1,1
143.685222200,0,1
143.685230800,1,1
143.685248200,0,1
143.685256800,1,1
143.685291400,0,1
143.685300200,1,1
143.685308800,0,1
143.685317400,1,1
143.685326000,0,1
143.685334800,1,1
143.685352000,0,1
143.685360600,1,1
143.685378000,0,1
143.685386600,1,1
143.706139800,1,0
143.706157200,1,1
143.706235200,1,0
143.706243800,1,1
143.706330600,1,0
143.706339200,1,1
143.706365200,1,0
143.706408400,1,1
143.706425800,1,0
143.706503800,1,1
143.706521200,1,0
143.706529800,1,1
143.706538600,1,0
143.706547200,1,1
143.706564600,1,0
143.706599200,1,1
143.706616600,1,0
143.706694400,1,1
143.706711800,1,0
143.706729000,1,1
143.706737800,1,0
143.706789800,1,1
143.706807200,1,0
143.706815800,1,1
143.706824600,1,0
143.706885000,1,1
143.706902600,1,0
143.706919800,1,1
143.706928600,1,0
143.706980400,1,1
143.706997800,1,0
143.707075800,1,1
143.707110400,1,0
143.707188400,1,1
143.707205800,1,0
143.707223000,1,1
143.707231800,1,0
143.707283800,1,1
143.707301200,1,0
143.707309800,1,1
143.707318400,1,0
143.707379000,1,1
143.707396400,1,0
143.707405000,1,1
143.707413800,1,0
143.707474400,1,1
143.707491800,1,0
143.707500400,1,1
143.707517800,1,0
143.707569600,1,1
143.707587200,1,0
143.707595600,1,1
143.707604400,1,0
143.707665000,1,1
143.707682400,1,0
143.707691000,1,1
143.707708400,1,0
143.707760400,1,1
143.707777800,1,0
143.707855600,1,1
143.707873000,1,0
143.707890400,1,1
143.707925000,1,0
143.707933600,1,1
143.707942400,1,0
143.707951000,1,1
143.707985800,1,0
143.708020400,1,1
143.708029000,1,0
143.708055000,1,1
143.708691400,0,1
143.708708600,1,1
143.708777800,0,1
143.708786400,1,1
143.708864400,0,1
143.708890400,1,1
143.708899000,0,1
143.708942200,1,1
143.708951000,0,1
143.709028800,1,1
143.709037400,0,1
143.709054800,1,1
143.709063400,0,1
143.709115400,1,1
143.709124000,0,1
143.709132600,1,1
143.709150000,0,1
143.709201800,1,1
143.709210600,0,1
143.709288400,1,1
143.709297000,0,1
143.709331600,1,1
143.709340400,0,1
143.709357600,1,1
143.709366400,0,1
143.709375000,1,1
143.709383600,0,1
143.709409600,1,1
143.709435600,0,1
143.709444200,1,1
143.709452800,0,1
143.709461400,1,1
143.731871600,1,0
143.731888800,1,1
143.731966800,1,0
143.731975400,1,1
143.732062200,1,0
143.732070800,1,1
143.732096800,1,0
143.732140200,1,1
143.732166200,1,0
143.732244200,1,1
143.732261600,1,0
143.732322200,1,1
143.732330800,1,0
143.732339400,1,1
143.732356800,1,0
143.732434800,1,1
143.732452200,1,0
143.732460800,1,1
143.732478200,1,0
143.732530200,1,1
143.732547600,1,0
143.732556200,1,1
143.732564800,1,0
143.732625400,1,1
143.732642800,1,0
143.732660000,1,1
143.732668800,1,0
143.732720800,1,1
143.732738200,1,0
143.732816000,1,1
143.732833600,1,0
143.732911400,1,1
143.732928800,1,0
143.732946000,1,1
143.732954800,1,0
143.733006800,1,1
143.733024200,1,0
143.733032800,1,1
143.733041600,1,0
143.733102000,1,1
143.733119600,1,0
143.733128000,1,1
143.733136800,1,0
143.733197400,1,1
143.733214800,1,0
143.733223400,1,1
143.733240800,1,0
143.733292800,1,1
143.733310200,1,0
143.733318800,1,1
143.733327400,1,0
143.733388000,1,1
143.733422800,1,0
143.733500800,1,1
143.733518200,1,0
143.733544000,1,1
143.733552800,1,0
143.733596000,1,1
143.733613600,1,0
143.733622000,1,1
143.733630800,1,0
143.733691400,1,1
143.733708800,1,0
143.733717400,1,1
143.733734800,1,0
143.733743400,1,1
143.733778200,1,0
143.733786800,1,1
143.733804200,1,0
143.733812800,1,1
143.733821600,1,0
143.733830200,1,1
143.733838800,1,0
143.733882200,1,1
143.733899600,1,0
143.733908200,1,1
143.733916800,1,0
143.733977400,1,1
143.733995000,1,0
143.734003400,1,1
143.734021000,1,0
143.734029400,1,1
143.734064200,1,0
143.734072800,1,1
143.734090200,1,0
143.734107400,1,1
143.734116200,1,0
143.734124800,1,1
143.734133600,1,0
143.734168200,1,1
143.734185600,1,0
143.734194200,1,1
143.734203000,1,0
143.734263400,1,1
143.734298200,1,0
143.734315400,1,1
143.734324200,1,0
143.734376200,1,1
143.734393600,1,0
143.734419400,1,1
143.734436800,1,0
143.734471400,1,1
143.734489000,1,0
143.734497400,1,1
143.734506200,1,0
143.734566800,1,1
143.734584200,1,0
143.734662200,1,1
143.734679600,1,0
143.734688200,1,1
143.734696800,1,0
143.734705400,1,1
143.734722800,1,0
143.734757400,1,1
143.734774800,1,0
143.734783400,1,1
143.734792200,1,0
143.734852800,1,1
143.734870200,1,0
143.734878800,1,1
143.734887600,1,0
143.734948000,1,1
143.734965600,1,0
143.735008800,1,1
143.735017600,1,0
143.735043400,1,1
143.735060800,1,0
143.735069400,1,1
143.735078200,1,0
143.735138800,1,1
143.735173600,1,0
143.735251400,1,1
143.735268800,1,0
143.735277400,1,1
143.735286200,1,0
143.735312000,1,1
143.735320800,1,0
143.735346800,1,1
143.735364200,1,0
143.735381400,1,1
143.735390200,1,0
143.735442000,1,1
143.735459400,1,0
143.735537400,1,1
143.735589400,1,0
143.735667400,1,1
143.735684800,1,0
143.735736800,1,1
143.735745400,1,0
143.735762800,1,1
143.735797400,1,0
143.735806000,1,1
143.735814800,1,0
143.735875400,1,1
143.735892800,1,0
143.735970800,1,1
143.735988200,1,0
143.735996800,1,1
143.736005400,1,0
143.736040000,1,1
143.736048800,1,0
143.736066000,1,1
143.736083400,1,0
143.736100800,1,1
143.736109400,1,0
143.736161400,1,1
143.736178800,1,0
143.736256800,1,1
143.736274200,1,0
143.736352000,1,1
143.736369400,1,0
143.736386800,1,1
143.736395400,1,0
143.736404000,1,1
143.736412800,1,0
143.736421400,1,1
143.736430200,1,0
143.736447400,1,1
143.736464800,1,0
143.736473400,1,1
143.736482200,1,0
143.736542800,1,1
143.736560200,1,0
143.736568800,1,1
143.736577400,1,0
143.736638000,1,1
143.736655400,1,0
143.736664000,1,1
143.736681400,1,0
143.736690000,1,1
143.736698800,1,0
143.736707400,1,1
143.736716200,1,0
143.736733400,1,1
143.736750800,1,0
143.736759400,1,1
143.736768200,1,0
143.736828600,1,1
143.736846200,1,0
143.736854600,1,1
143.736863400,1,0
143.736924000,1,1
143.737028200,1,0
143.737054000,1,1
143.737071400,1,0
143.737080000,1,1
143.737088800,1,0
143.737106000,1,1
143.737123400,1,0
143.737132000,1,1
143.737140800,1,0
143.737201400,1,1
143.737218800,1,0
143.737244600,1,1
143.737253400,1,0
143.737296600,1,1
143.737314000,1,0
143.737357400,1,1
143.737374800,1,0
143.737392000,1,1
143.737426800,1,0
143.737435400,1,1
143.737444000,1,0
143.737504600,1,1
143.737522200,1,0
143.737548000,1,1
143.737556800,1,0
143.737574000,1,1
143.737591400,1,0
143.737600000,1,1
143.737617400,1,0
143.737643400,1,1
143.737652000,1,0
143.737660600,1,1
143.737678000,1,0
143.737695400,1,1
143.737712800,1,0
143.737721400,1,1
143.737730000,1,0
143.737790600,1,1
143.737808000,1,0
143.737886000,1,1
143.737903400,1,0
143.737920600,1,1
143.737938000,1,0
143.737946600,1,1
143.737964000,1,0
143.737981200,1,1
143.737998800,1,0
143.738007200,1,1
143.738016000,1,0
143.738076600,1,1
143.738094000,1,0
143.738172000,1,1
143.738189400,1,0
143.738250000,1,1
143.738258600,1,0
143.738267200,1,1
143.738302000,1,0
143.738319200,1,1
143.738328000,1,0
143.738380000,1,1
143.738397400,1,0
143.738475200,1,1
143.738492600,1,0
143.738570600,1,1
143.738588000,1,0
143.738666000,1,1
143.738683400,1,0
143.738692000,1,1
143.738700600,1,0
143.738726600,1,1
143.738778600,1,0
143.738787200,1,1
143.738796000,1,0
143.738804600,1,1
143.738813400,1,0
143.738830600,1,1
143.738839400,1,0
143.738856600,1,1
143.739360400,0,1
143.739377600,1,1
143.739446800,0,1
143.739455600,1,1
143.739533400,0,1
143.739559400,1,1
143.739568000,0,1
143.739611200,1,1
143.739620000,0,1
143.739697800,1,1
143.739706400,0,1
143.739723800,1,1
143.739732400,0,1
143.739784400,1,1
143.739793000,0,1
143.739819000,1,1
143.739827600,0,1
143.739870800,1,1
143.739879600,0,1
143.739957400,1,1
143.739966000,0,1
143.739974800,1,1
143.739983400,0,1
143.740009400,1,1
143.740018000,0,1
143.740026600,1,1
143.740052600,0,1
143.740061200,1,1
143.740078600,0,1
143.740087200,1,1
143.740096000,0,1
143.740113200,1,1
143.761355400,1,0
143.761372600,1,1
143.761450800,1,0
143.761459200,1,1
143.761546000,1,0
143.761554600,1,1
143.761580800,1,0
143.761624000,1,1
143.761641400,1,0
143.761719200,1,1
143.761736800,1,0
143.761780000,1,1
143.761788800,1,0
143.761814600,1,1
143.761832000,1,0
143.761910000,1,1
143.761927400,1,0
143.761953400,1,1
143.761962000,1,0
143.762005400,1,1
143.762022800,1,0
143.762031400,1,1
143.762040000,1,0
143.762100600,1,1
143.762118200,1,0
143.762135400,1,1
143.762144200,1,0
143.762196000,1,1
143.762230800,1,0
143.762308800,1,1
143.762326200,1,0
143.762404000,1,1
143.762421400,1,0
143.762438800,1,1
143.762447400,1,0
143.762499400,1,1
143.762516800,1,0
143.762525400,1,1
143.762534200,1,0
143.762594800,1,1
143.762612200,1,0
143.762690000,1,1
143.762707400,1,0
143.762716000,1,1
143.762733400,1,0
143.762785400,1,1
143.762802800,1,0
143.762811400,1,1
143.762820200,1,0
143.762880800,1,1
143.762898200,1,0
143.762976000,1,1
143.762993400,1,0
143.763019400,1,1
143.763028200,1,0
143.763071400,1,1
143.763106200,1,0
143.763114800,1,1
143.763123400,1,0
143.763184000,1,1
143.763201400,1,0
143.763279400,1,1
143.763296800,1,0
143.763374800,1,1
143.763392200,1,0
143.763400800,1,1
143.763409600,1,0
143.763418000,1,1
143.763426800,1,0
143.763435400,1,1
143.763444200,1,0
143.763452800,1,1
143.763461600,1,0
143.763470000,1,1
143.763487600,1,0
143.763496000,1,1
143.763504800,1,0
143.763513400,1,1
143.763522200,1,0
143.763530800,1,1
143.763539600,1,0
143.763548000,1,1
143.763556800,1,0
143.763565400,1,1
143.764153400,0,1
143.764170800,1,1
143.764240000,0,1
143.764248600,1,1
143.764326600,0,1
143.764335200,1,1
143.764352400,0,1
143.764404400,1,1
143.764413000,0,1
143.764491000,1,1
143.764499600,0,1
143.764534200,1,1
143.764542800,0,1
143.764577400,1,1
143.764586200,0,1
143.764603400,1,1
143.764612000,0,1
143.764664000,1,1
143.764672600,0,1
143.764690000,1,1
143.764698600,0,1
143.764750600,1,1
143.764759200,0,1
143.764767800,1,1
143.764776600,0,1
143.764837000,1,1
143.764845800,0,1
143.764871600,1,1
143.764880400,0,1
143.764923600,1,1
143.764932200,0,1
143.764941000,1,1
143.764958200,0,1
143.765010200,1,1
143.765018800,0,1
143.765027400,1,1
143.765036200,0,1
143.765096600,1,1
143.765105400,0,1
143.765114000,1,1
143.765131400,0,1
143.765183200,1,1
143.765191800,0,1
143.765269800,1,1
143.765278400,0,1
143.765287000,1,1
143.765304400,0,1
143.765313000,1,1
143.765321600,0,1
143.765330400,1,1
143.765365000,0,1
143.765382200,1,1
143.765391000,0,1
143.765416800,1,1
143.765434200,0,1
143.765442800,1,1
143.786715800,1,0
143.786733200,1,1
143.786811200,1,0
143.786819800,1,1
143.786923800,1,0
143.786932400,1,1
143.786958600,1,0
143.787001800,1,1
143.787019200,1,0
143.787097200,1,1
143.787114600,1,0
143.787123200,1,1
143.787131800,1,0
143.787140400,1,1
143.787157800,1,0
143.787192400,1,1
143.787209800,1,0
143.787287800,1,1
143.787305200,1,0
143.787322400,1,1
143.787331200,1,0
143.787383200,1,1
143.787417800,1,0
143.787426400,1,1
143.787435200,1,0
143.787495800,1,1
143.787513200,1,0
143.787530400,1,1
143.787539200,1,0
143.787591200,1,1
143.787608600,1,0
143.787686400,1,1
143.787703800,1,0
143.787781800,1,1
143.787799200,1,0
143.787816400,1,1
143.787825200,1,0
143.787877200,1,1
143.787894600,1,0
143.787903200,1,1
143.787911800,1,0
143.787972400,1,1
143.787989800,1,0
143.788015800,1,1
143.788024600,1,0
143.788067800,1,1
143.788085200,1,0
143.788093800,1,1
143.788111200,1,0
143.788163000,1,1
143.788180600,1,0
143.788189000,1,1
143.788197800,1,0
143.788258400,1,1
143.788275800,1,0
143.788284400,1,1
143.788301800,1,0
143.788353800,1,1
143.788371200,1,0
143.788449000,1,1
143.788466600,1,0
143.788475000,1,1
143.788483800,1,0
143.788492400,1,1
143.788535800,1,0
143.788544400,1,1
143.788561800,1,0
143.788570400,1,1
143.788613800,1,0
143.788622400,1,1
144.688594200,0,1
144.688611600,1,1
144.688680800,0,1
144.688689400,1,1
144.688767200,0,1
144.688793200,1,1
144.688802000,0,1
144.688845200,1,1
144.688853800,0,1
144.688931800,1,1
144.688940400,0,1
144.688957600,1,1
144.688966400,0,1
144.689018200,1,1
144.689027000,0,1
144.689044200,1,1
144.689052800,0,1
144.689104800,1,1
144.689113400,0,1
144.689191400,1,1
144.689200000,0,1
144.689208600,1,1
144.689226000,0,1
144.689234600,1,1
144.689269200,0,1
144.689277800,1,1
144.689286600,0,1
144.689295200,1,1
144.689303800,0,1
144.689312400,1,1
144.689329800,0,1
144.689338400,1,1
144.689355800,0,1
144.689364400,1,1
144.713997600,1,0
144.714014800,1,1
144.714093000,1,0
144.714101600,1,1
144.714197000,1,0
144.714205600,1,1
144.714231600,1,0
144.714274800,1,1
144.714292400,1,0
144.714370200,1,1
144.714387600,1,0
144.714396200,1,1
144.714405000,1,0
144.714413600,1,1
144.714431000,1,0
144.714465600,1,1
144.714483000,1,0
144.714561000,1,1
144.714578400,1,0
144.714595600,1,1
144.714604400,1,0
144.714656200,1,1
144.714673600,1,0
144.714682200,1,1
144.714691000,1,0
144.714751600,1,1
144.714769000,1,0
144.714786400,1,1
144.714795000,1,0
144.714847000,1,1
144.714864400,1,0
144.714942400,1,1
144.714959800,1,0
144.715037600,1,1
144.715072400,1,0
144.715089800,1,1
144.715098400,1,0
144.715150400,1,1
144.715167800,1,0
144.715176400,1,1
144.715185200,1,0
144.715245800,1,1
144.715263200,1,0
144.715289000,1,1
144.715297800,1,0
144.715341000,1,1
144.715358400,1,0
144.715367000,1,1
144.715384400,1,0
144.715436400,1,1
144.715453800,1,0
144.715462400,1,1
144.715471200,1,0
144.715531800,1,1
144.715549200,1,0
144.715557800,1,1
144.715575200,1,0
144.715627000,1,1
144.715644600,1,0
144.715722400,1,1
144.715739800,1,0
144.715748400,1,1
144.715757200,1,0
144.715765800,1,1
144.715809200,1,0
144.715817800,1,1
144.715835200,1,0
144.715843800,1,1
144.715887200,1,0
144.715895800,1,1
144.716623800,0,1
144.716641200,1,1
144.716710400,0,1
144.716719000,1,1
144.716797000,0,1
144.716822800,1,1
144.716831600,0,1
144.716874800,1,1
144.716883400,0,1
144.716961400,1,1
144.716970000,0,1
144.716987200,1,1
144.716996000,0,1
144.717047800,1,1
144.717056600,0,1
144.717065200,1,1
144.717082400,0,1
144.717134400,1,1
144.717143000,0,1
144.717221000,1,1
144.717229600,0,1
144.717264200,1,1
144.717272800,0,1
144.717290200,1,1
144.717298800,0,1
144.717307400,1,1
144.717316200,0,1
144.717342000,1,1
144.717368000,0,1
144.717376800,1,1
144.717385400,0,1
144.717394000,1,1
144.739843600,1,0
144.739861000,1,1
144.739939000,1,0
144.739947600,1,1
144.740034400,1,0
144.740043000,1,1
144.740069000,1,0
144.740112400,1,1
144.740129800,1,0
144.740207800,1,1
144.740225200,1,0
144.740285800,1,1
144.740294400,1,0
144.740303000,1,1
144.740320600,1,0
144.740398400,1,1
144.740415800,1,0
144.740424400,1,1
144.740441800,1,0
144.740493800,1,1
144.740511200,1,0
144.740519800,1,1
144.740528600,1,0
144.740589200,1,1
144.740632600,1,0
144.740649800,1,1
144.740658600,1,0
144.740710600,1,1
144.740728000,1,0
144.740805800,1,1
144.740823400,1,0
144.740901200,1,1
144.740918600,1,0
144.740936000,1,1
144.740944600,1,0
144.740996600,1,1
144.741014000,1,0
144.741022600,1,1
144.741031400,1,0
144.741092000,1,1
144.741135400,1,0
144.741144000,1,1
144.741152800,1,0
144.741213400,1,1
144.741230800,1,0
144.741239400,1,1
144.741256800,1,0
144.741308600,1,1
144.741326200,1,0
144.741334800,1,1
144.741343400,1,0
144.741404000,1,1
144.741421400,1,0
144.741499400,1,1
144.741516800,1,0
144.741542800,1,1
144.741551600,1,0
144.741594800,1,1
144.741629600,1,0
144.741638000,1,1
144.741646800,1,0
144.741707400,1,1
144.741724800,1,0
144.741733400,1,1
144.741750800,1,0
144.741759400,1,1
144.741794200,1,0
144.741802800,1,1
144.741820200,1,0
144.741828800,1,1
144.741837600,1,0
144.741846200,1,1
144.741854800,1,0
144.741898200,1,1
144.741915600,1,0
144.741924200,1,1
144.741932800,1,0
144.741993400,1,1
144.742011000,1,0
144.742019400,1,1
144.742037000,1,0
144.742045400,1,1
144.742080200,1,0
144.742088800,1,1
144.742106200,1,0
144.742123600,1,1
144.742132200,1,0
144.742140800,1,1
144.742149600,1,0
144.742184200,1,1
144.742201600,1,0
144.742210200,1,1
144.742219000,1,0
144.742279600,1,1
144.742297000,1,0
144.742314200,1,1
144.742323000,1,0
144.742374800,1,1
144.742392400,1,0
144.742418200,1,1
144.742435600,1,0
144.742470200,1,1
144.742505000,1,0
144.742513600,1,1
144.742522400,1,0
144.742583000,1,1
144.742600400,1,0
144.742678200,1,1
144.742695800,1,0
144.742704200,1,1
144.742713000,1,0
144.742721600,1,1
144.742739000,1,0
144.742773600,1,1
144.742791000,1,0
144.742799600,1,1
144.742808400,1,0
144.742869000,1,1
144.742886400,1,0
144.742895000,1,1
144.742903800,1,0
144.742964400,1,1
144.742981800,1,0
144.743025000,1,1
144.743033800,1,0
144.743059600,1,1
144.743077200,1,0
144.743085600,1,1
144.743094400,1,0
144.743155000,1,1
144.743172400,1,0
144.743250400,1,1
144.743267800,1,0
144.743276400,1,1
144.743285200,1,0
144.743311000,1,1
144.743319800,1,0
144.743345800,1,1
144.743363200,1,0
144.743380400,1,1
144.743389200,1,0
144.743441000,1,1
144.743458600,1,0
144.743536400,1,1
144.743553800,1,0
144.743631800,1,1
144.743649200,1,0
144.743701200,1,1
144.743710000,1,0
144.743727200,1,1
144.743762000,1,0
144.743770600,1,1
144.743779200,1,0
144.743839800,1,1
144.743857400,1,0
144.743935200,1,1
144.743952600,1,0
144.743961200,1,1
144.743970000,1,0
144.744004600,1,1
144.744013400,1,0
144.744030600,1,1
144.744048000,1,0
144.744065200,1,1
144.744074000,1,0
144.744126000,1,1
144.744143400,1,0
144.744221200,1,1
144.744238800,1,0
144.744316600,1,1
144.744334000,1,0
144.744351200,1,1
144.744360000,1,0
144.744368600,1,1
144.744377400,1,0
144.744386000,1,1
144.744394800,1,0
144.744412000,1,1
144.744429400,1,0
144.744438000,1,1
144.744446800,1,0
144.744507400,1,1
144.744524800,1,0
144.744533400,1,1
144.744542000,1,0
144.744602600,1,1
144.744637400,1,0
144.744646000,1,1
144.744663400,1,0
144.744672000,1,1
144.744680800,1,0
144.744689400,1,1
144.744698000,1,0
144.744715400,1,1
144.744732800,1,0
144.744741400,1,1
144.744750000,1,0
144.744810600,1,1
144.744828200,1,0
144.744836600,1,1
144.744845400,1,0
144.744906000,1,1
144.744923400,1,0
144.744949400,1,1
144.744966800,1,0
144.744975400,1,1
144.744984200,1,0
144.745001400,1,1
144.745018800,1,0
144.745027400,1,1
144.745036200,1,0
144.745096800,1,1
144.745114200,1,0
144.745140000,1,1
144.745148800,1,0
144.745192000,1,1
144.745209600,1,0
144.745252800,1,1
144.745270200,1,0
144.745287400,1,1
144.745304800,1,0
144.745313400,1,1
144.745322200,1,0
144.745382800,1,1
144.745408800,1,0
144.745434800,1,1
144.745443600,1,0
144.745460800,1,1
144.745478200,1,0
144.745486800,1,1
144.745512800,1,0
144.745538800,1,1
144.745547600,1,0
144.745556200,1,1
144.745573600,1,0
144.745590800,1,1
144.745608200,1,0
144.745616800,1,1
144.745625600,1,0
144.745686200,1,1
144.745703600,1,0
144.745781400,1,1
144.745799000,1,0
144.745816200,1,1
144.745833600,1,0
144.745842200,1,1
144.745859600,1,0
144.745876800,1,1
144.745894200,1,0
144.745902800,1,1
144.745911600,1,0
144.745972200,1,1
144.745989600,1,0
144.746067400,1,1
144.746085000,1,0
144.746145400,1,1
144.746154200,1,0
144.746162800,1,1
144.746180200,1,0
144.746197400,1,1
144.746206200,1,0
144.746258200,1,1
144.746275600,1,0
144.746353600,1,1
144.746388200,1,0
144.746466200,1,1
144.746527000,1,0
144.746604800,1,1
144.746648200,1,0
144.746656800,1,1
144.746665600,1,0
144.746691600,1,1
144.746743600,1,0
144.746752200,1,1
144.746761000,1,0
144.746769600,1,1
144.746778200,1,0
144.746795600,1,1
144.746804200,1,0
144.746821600,1,1
144.747301600,0,1
144.747318800,1,1
144.747388000,0,1
144.747396600,1,1
144.747474600,0,1
144.747500600,1,1
144.747509200,0,1
144.747552400,1,1
144.747561200,0,1
144.747639000,1,1
144.747647600,0,1
144.747665000,1,1
144.747673600,0,1
144.747725600,1,1
144.747734200,0,1
144.747760200,1,1
144.747768800,0,1
144.747812000,1,1
144.747820800,0,1
144.747898600,1,1
144.747907200,0,1
144.747916000,1,1
144.747924600,0,1
144.747950600,1,1
144.747959200,0,1
144.747967800,1,1
144.747993800,0,1
144.748002400,1,1
144.748019800,0,1
144.748028400,1,1
144.748037000,0,1
144.748054400,1,1
144.769311200,1,0
144.769328600,1,1
144.769406600,1,0
144.769415200,1,1
144.769502000,1,0
144.769510400,1,1
144.769536600,1,0
144.769579800,1,1
144.769597200,1,0
144.769675200,1,1
144.769692600,1,0
144.769735800,1,1
144.769744600,1,0
144.769770400,1,1
144.769788000,1,0
144.769865800,1,1
144.769883200,1,0
144.769909200,1,1
144.769918000,1,0
144.769961200,1,1
144.769978600,1,0
144.769987200,1,1
144.769996000,1,0
144.770056400,1,1
144.770074000,1,0
144.770091200,1,1
144.770100000,1,0
144.770151800,1,1
144.770186600,1,0
144.770264400,1,1
144.770282000,1,0
144.770359800,1,1
144.770377200,1,0
144.770394600,1,1
144.770403200,1,0
144.770455200,1,1
144.770472600,1,0
144.770481200,1,1
144.770490000,1,0
144.770550400,1,1
144.770568000,1,0
144.770645800,1,1
144.770663200,1,0
144.770671800,1,1
144.770689200,1,0
144.770741200,1,1
144.770758600,1,0
144.770767200,1,1
144.770775800,1,0
144.770836400,1,1
144.770853800,1,0
144.770931800,1,1
144.770949200,1,0
144.770975200,1,1
144.770983800,1,0
144.771027200,1,1
144.771061800,1,0
144.771070400,1,1
144.771079200,1,0
144.771139800,1,1
144.771157200,1,0
144.771235000,1,1
144.771252600,1,0
144.771330400,1,1
144.771347800,1,0
144.771356400,1,1
144.771365200,1,0
144.771373800,1,1
144.771382400,1,0
144.771391000,1,1
144.771399800,1,0
144.771408400,1,1
144.771417200,1,0
144.771425800,1,1
144.771443200,1,0
144.771451800,1,1
144.771460400,1,0
144.771469000,1,1
144.771477800,1,0
144.771486400,1,1
144.771495200,1,0
144.771503800,1,1
144.771512400,1,0
144.771521000,1,1
145.720644800,0,1
145.720662200,1,1
145.720731400,0,1
145.720740000,1,1
145.720818000,0,1
145.720843800,1,1
145.720852600,0,1
145.720895800,1,1
145.720904400,0,1
145.720982400,1,1
145.720991000,0,1
145.721008400,1,1
145.721017000,0,1
145.721068800,1,1
145.721077600,0,1
145.721094800,1,1
145.721103600,0,1
145.721155400,1,1
145.721164000,0,1
145.721242000,1,1
145.721250600,0,1
145.721259200,1,1
145.721276600,0,1
145.721285200,1,1
145.721319800,0,1
145.721328600,1,1
145.721337200,0,1
145.721345800,1,1
145.721354400,0,1
145.721363200,1,1
145.721380400,0,1
145.721389000,1,1
145.721406400,0,1
145.721415000,1,1
145.742005000,1,0
145.742022200,1,1
145.742100400,1,0
145.742109000,1,1
145.742213000,1,0
145.742221600,1,1
145.742247800,1,0
145.742291000,1,1
145.742308400,1,0
145.742386400,1,1
145.742403800,1,0
145.742412400,1,1
145.742421200,1,0
145.742429600,1,1
145.742447200,1,0
145.742481600,1,1
145.742499200,1,0
145.742577000,1,1
145.742594400,1,0
145.742611600,1,1
145.742620400,1,0
145.742672400,1,1
145.742689800,1,0
145.742698400,1,1
145.742707200,1,0
145.742767800,1,1
145.742785200,1,0
145.742802400,1,1
145.742811200,1,0
145.742863000,1,1
145.742880400,1,0
145.742958400,1,1
145.742975800,1,0
145.743053800,1,1
145.743071200,1,0
145.743088400,1,1
145.743097200,1,0
145.743149000,1,1
145.743166400,1,0
145.743175000,1,1
145.743183800,1,0
145.743244400,1,1
145.743261800,1,0
145.743287800,1,1
145.743296400,1,0
145.743339800,1,1
145.743357200,1,0
145.743365800,1,1
145.743383200,1,0
145.743435000,1,1
145.743469800,1,0
145.743478400,1,1
145.743487200,1,0
145.743547800,1,1
145.743565200,1,0
145.743573800,1,1
145.743591200,1,0
145.743643200,1,1
145.743660600,1,0
145.743738400,1,1
145.743755800,1,0
145.743764400,1,1
145.743773200,1,0
145.743781800,1,1
145.743825200,1,0
145.743833800,1,1
145.743851200,1,0
145.743859800,1,1
145.743903200,1,0
145.743911800,1,1
145.744477400,0,1
145.744494600,1,1
145.744564000,0,1
145.744572600,1,1
145.744650400,0,1
145.744676400,1,1
145.744685000,0,1
145.744728400,1,1
145.744737000,0,1
145.744814800,1,1
145.744823600,0,1
145.744840800,1,1
145.744849600,0,1
145.744901400,1,1
145.744910000,0,1
145.744918800,1,1
145.744936000,0,1
145.744988000,1,1
145.744996600,0,1
145.745074400,1,1
145.745083200,0,1
145.745117800,1,1
145.745126400,0,1
145.745143800,1,1
145.745152400,0,1
145.745161000,1,1
145.745169600,0,1
145.745195600,1,1
145.745221600,0,1
145.745230200,1,1
145.745239000,0,1
145.745247600,1,1
145.767722400,1,0
145.767739600,1,1
145.767817800,1,0
145.767826400,1,1
145.767913200,1,0
145.767921600,1,1
145.767947800,1,0
145.767991000,1,1
145.768025800,1,0
145.768103600,1,1
145.768121200,1,0
145.768181600,1,1
145.768190400,1,0
145.768199000,1,1
145.768216400,1,0
145.768294400,1,1
145.768311800,1,0
145.768320400,1,1
145.768337800,1,0
145.768389600,1,1
145.768407200,1,0
145.768415800,1,1
145.768424400,1,0
145.768485000,1,1
145.768502400,1,0
145.768519800,1,1
145.768528400,1,0
145.768580400,1,1
145.768597800,1,0
145.768675800,1,1
145.768693200,1,0
145.768771000,1,1
145.768788400,1,0
145.768805800,1,1
145.768814400,1,0
145.768866400,1,1
145.768883800,1,0
145.768892400,1,1
145.768901200,1,0
145.768961800,1,1
145.768979200,1,0
145.768987800,1,1
145.768996600,1,0
145.769057000,1,1
145.769074600,1,0
145.769083000,1,1
145.769100600,1,0
145.769152400,1,1
145.769169800,1,0
145.769178400,1,1
145.769187200,1,0
145.769247800,1,1
145.769282600,1,0
145.769360400,1,1
145.769377800,1,0
145.769403800,1,1
145.769412600,1,0
145.769455800,1,1
145.769473200,1,0
145.769481800,1,1
145.769490600,1,0
145.769551200,1,1
145.769568600,1,0
145.769577200,1,1
145.769594600,1,0
145.769603200,1,1
145.769638000,1,0
145.769646400,1,1
145.769664000,1,0
145.769672400,1,1
145.769681200,1,0
145.769689800,1,1
145.769698600,1,0
145.769741800,1,1
145.769759200,1,0
145.769767800,1,1
145.769776600,1,0
145.769837200,1,1
145.769854600,1,0
145.769863200,1,1
145.769880600,1,0
145.769889200,1,1
145.769924000,1,0
145.769932600,1,1
145.769950000,1,0
145.769967200,1,1
145.769976000,1,0
145.769984600,1,1
145.769993200,1,0
145.770027800,1,1
145.770045200,1,0
145.770053800,1,1
145.770062600,1,0
145.770123200,1,1
145.770158000,1,0
145.770175200,1,1
145.770184000,1,0
145.770235800,1,1
145.770253400,1,0
145.770279200,1,1
145.770296600,1,0
145.770331200,1,1
145.770348600,1,0
145.770357200,1,1
145.770366000,1,0
145.770426600,1,1
145.770444000,1,0
145.770522000,1,1
145.770539400,1,0
145.770548000,1,1
145.770556800,1,0
145.770565200,1,1
145.770582800,1,0
145.770617200,1,1
145.770634800,1,0
145.770643200,1,1
145.770652000,1,0
145.770712600,1,1
145.770730000,1,0
145.770738600,1,1
145.770747400,1,0
145.770808000,1,1
145.770825400,1,0
145.770868600,1,1
145.770877400,1,0
145.770903400,1,1
145.770920800,1,0
145.770929400,1,1
145.770938000,1,0
145.770998600,1,1
145.771033400,1,0
145.771111400,1,1
145.771128800,1,0
145.771137400,1,1
145.771146200,1,0
145.771172000,1,1
145.771180800,1,0
145.771206800,1,1
145.771224200,1,0
145.771241400,1,1
145.771250200,1,0
145.771302000,1,1
145.771319400,1,0
145.771397400,1,1
145.771414800,1,0
145.771492800,1,1
145.771510200,1,0
145.771562200,1,1
145.771570800,1,0
145.771588200,1,1
145.771605600,1,0
145.771614200,1,1
145.771622800,1,0
145.771683400,1,1
145.771700800,1,0
145.771778800,1,1
145.771796200,1,0
145.771804800,1,1
145.771813600,1,0
145.771848200,1,1
145.771857000,1,0
145.771874200,1,1
145.771917600,1,0
145.771934800,1,1
145.771943600,1,0
145.771995600,1,1
145.772013000,1,0
145.772090800,1,1
145.772108400,1,0
145.772186200,1,1
145.772203600,1,0
145.772220800,1,1
145.772229600,1,0
145.772238200,1,1
145.772247000,1,0
145.772255600,1,1
145.772264400,1,0
145.772281600,1,1
145.772299000,1,0
145.772307600,1,1
145.772316400,1,0
145.772376800,1,1
145.772411600,1,0
145.772420200,1,1
145.772429000,1,0
145.772489600,1,1
145.772507000,1,0
145.772515600,1,1
145.772533000,1,0
145.772541600,1,1
145.772550400,1,0
145.772559000,1,1
145.772567600,1,0
145.772585000,1,1
145.772602400,1,0
145.772611000,1,1
145.772619600,1,0
145.772680200,1,1
145.772697600,1,0
145.772706200,1,1
145.772715000,1,0
145.772775600,1,1
145.772793000,1,0
145.772819000,1,1
145.772836400,1,0
145.772845000,1,1
145.772853600,1,0
145.772871000,1,1
145.772888400,1,0
145.772897000,1,1
145.772905600,1,0
145.772966200,1,1
145.772983600,1,0
145.773009600,1,1
145.773018400,1,0
145.773061600,1,1
145.773079000,1,0
145.773122200,1,1
145.773139800,1,0
145.773157000,1,1
145.773174400,1,0
145.773183000,1,1
145.773191800,1,0
145.773252200,1,1
145.773287000,1,0
145.773313000,1,1
145.773321600,1,0
145.773339000,1,1
145.773356400,1,0
145.773365000,1,1
145.773382400,1,0
145.773408200,1,1
145.773417000,1,0
145.773425600,1,1
145.773443000,1,0
145.773460200,1,1
145.773477600,1,0
145.773486200,1,1
145.773495000,1,0
145.773555600,1,1
145.773573000,1,0
145.773651000,1,1
145.773668400,1,0
145.773685600,1,1
145.773703000,1,0
145.773711600,1,1
145.773729000,1,0
145.773746200,1,1
145.773763600,1,0
145.773772200,1,1
145.773781000,1,0
145.773841600,1,1
145.773859000,1,0
145.773937000,1,1
145.773954400,1,0
145.774015000,1,1
145.774023800,1,0
145.774032200,1,1
145.774049800,1,0
145.774067000,1,1
145.774075800,1,0
145.774127600,1,1
145.774162400,1,0
145.774240200,1,1
145.774257800,1,0
145.774335600,1,1
145.774353000,1,0
145.774431000,1,1
145.774448400,1,0
145.774457000,1,1
145.774465600,1,0
145.774491600,1,1
145.774543600,1,0
145.774552200,1,1
145.774561000,1,0
145.774569600,1,1
145.774578400,1,0
145.774595600,1,1
145.774604400,1,0
145.774621600,1,1
145.775068600,0,1
145.775085800,1,1
145.775155000,0,1
145.775163800,1,1
145.775241600,0,1
145.775267600,1,1
145.775276200,0,1
145.775319400,1,1
145.775328200,0,1
145.775406000,1,1
145.775414600,0,1
145.775432000,1,1
145.775440600,0,1
145.775492600,1,1
145.775501200,0,1
145.775527200,1,1
145.775535800,0,1
145.775579000,1,1
145.775587800,0,1
145.775665600,1,1
145.775674200,0,1
145.775683000,1,1
145.775691600,0,1
145.775717600,1,1
145.775726200,0,1
145.775734800,1,1
145.775760800,0,1
145.775769400,1,1
145.775786800,0,1
145.775795400,1,1
145.775804000,0,1
145.775821400,1,1
145.797208800,1,0
145.797226000,1,1
145.797304200,1,0
145.797312800,1,1
145.797399400,1,0
145.797408000,1,1
145.797434200,1,0
145.797477400,1,1
145.797494800,1,0
145.797572800,1,1
145.797590200,1,0
145.797633400,1,1
145.797642200,1,0
145.797668000,1,1
145.797685400,1,0
145.797763400,1,1
145.797780800,1,0
145.797806600,1,1
145.797815400,1,0
145.797858600,1,1
145.797876200,1,0
145.797884600,1,1
145.797893400,1,0
145.797954000,1,1
145.797997400,1,0
145.798014600,1,1
145.798023400,1,0
145.798075400,1,1
145.798092800,1,0
145.798170600,1,1
145.798188200,1,0
145.798266000,1,1
145.798283400,1,0
145.798300800,1,1
145.798309400,1,0
145.798361400,1,1
145.798378800,1,0
145.798387400,1,1
145.798396200,1,0
145.798456800,1,1
145.798474200,1,0
145.798552000,1,1
145.798569600,1,0
145.798578000,1,1
145.798595600,1,0
145.798647400,1,1
145.798664800,1,0
145.798673400,1,1
145.798682200,1,0
145.798742800,1,1
145.798760200,1,0
145.798838000,1,1
145.798855600,1,0
145.798881400,1,1
145.798890200,1,0
145.798933400,1,1
145.798950800,1,0
145.798959400,1,1
145.798968200,1,0
145.799028800,1,1
145.799046200,1,0
145.799124000,1,1
145.799141600,1,0
145.799219400,1,1
145.799236800,1,0
145.799245400,1,1
145.799254200,1,0
145.799262800,1,1
145.799271400,1,0
145.799280000,1,1
145.799288800,1,0
145.799297400,1,1
145.799306200,1,0
145.799314800,1,1
145.799349600,1,0
145.799358000,1,1
145.799366800,1,0
145.799375400,1,1
145.799384200,1,0
145.799392800,1,1
145.799401600,1,0
145.799410000,1,1
145.799418800,1,0
145.799427400,1,1
146.748567600,0,1
146.748585000,1,1
146.748654200,0,1
146.748662800,1,1
146.748740800,0,1
146.748766800,1,1
146.748775400,0,1
146.748818600,1,1
146.748827200,0,1
146.748905200,1,1
146.748913800,0,1
146.748931200,1,1
146.748939800,0,1
146.748991800,1,1
146.749000400,0,1
146.749017600,1,1
146.749026400,0,1
146.749078200,1,1
146.749086800,0,1
146.749164800,1,1
146.749173400,0,1
146.749182000,1,1
146.749199400,0,1
146.749208000,1,1
146.749242600,0,1
146.749251400,1,1
146.749260000,0,1
146.749268600,1,1
146.749277200,0,1
146.749286000,1,1
146.749303200,0,1
146.749311800,1,1
146.749329200,0,1
146.749337800,1,1
146.769936600,1,0
146.769953800,1,1
146.770032000,1,0
146.770040600,1,1
146.770127400,1,0
146.770135800,1,1
146.770162000,1,0
146.770205200,1,1
146.770222600,1,0
146.770300600,1,1
146.770318000,1,0
146.770326600,1,1
146.770335200,1,0
146.770343800,1,1
146.770361200,1,0
146.770395800,1,1
146.770413200,1,0
146.770491200,1,1
146.770508600,1,0
146.770525800,1,1
146.770534600,1,0
146.770586600,1,1
146.770604000,1,0
146.770612600,1,1
146.770621200,1,0
146.770681800,1,1
146.770699200,1,0
146.770716600,1,1
146.770725200,1,0
146.770777200,1,1
146.770812000,1,0
146.770889800,1,1
146.770907400,1,0
146.770985200,1,1
146.771002600,1,0
146.771019800,1,1
146.771028600,1,0
146.771080600,1,1
146.771098000,1,0
146.771106600,1,1
146.771115400,1,0
146.771175800,1,1
146.771193400,1,0
146.771219200,1,1
146.771228000,1,0
146.771271200,1,1
146.771288600,1,0
146.771297200,1,1
146.771314600,1,0
146.771366600,1,1
146.771384000,1,0
146.771392600,1,1
146.771401400,1,0
146.771461800,1,1
146.771479400,1,0
146.771487800,1,1
146.771505400,1,0
146.771557200,1,1
146.771574600,1,0
146.771652600,1,1
146.771687200,1,0
146.771695800,1,1
146.771704600,1,0
146.771713200,1,1
146.771756600,1,0
146.771765200,1,1
146.771782600,1,0
146.771791200,1,1
146.771834600,1,0
146.771843200,1,1
146.772400200,0,1
146.772417600,1,1
146.772486800,0,1
146.772495400,1,1
146.772573200,0,1
146.772599200,1,1
146.772607800,0,1
146.772651200,1,1
146.772659800,0,1
146.772737600,1,1
146.772746400,0,1
146.772763600,1,1
146.772772400,0,1
146.772824200,1,1
146.772832800,0,1
146.772841600,1,1
146.772858800,0,1
146.772910800,1,1
146.772919400,0,1
146.772997400,1,1
146.773006000,0,1
146.773040600,1,1
146.773049200,0,1
146.773066600,1,1
146.773075200,0,1
146.773083800,1,1
146.773092600,0,1
146.773118400,1,1
146.773144400,0,1
146.773153000,1,1
146.773161800,0,1
146.773170400,1,1
146.795668600,1,0
146.795685800,1,1
146.795764000,1,0
146.795772600,1,1
146.795868000,1,0
146.795876600,1,1
146.795902600,1,0
146.795945800,1,1
146.795963200,1,0
146.796041200,1,1
146.796058600,1,0
146.796119200,1,1
146.796128000,1,0
146.796136600,1,1
146.796154000,1,0
146.796231800,1,1
146.796249400,1,0
146.796257800,1,1
146.796275400,1,0
146.796327200,1,1
146.796344600,1,0
146.796353200,1,1
146.796362000,1,0
146.796422600,1,1
146.796440000,1,0
146.796457200,1,1
146.796466000,1,0
146.796518000,1,1
146.796535400,1,0
146.796613200,1,1
146.796630600,1,0
146.796708600,1,1
146.796752000,1,0
146.796769200,1,1
146.796778000,1,0
146.796830000,1,1
146.796847400,1,0
146.796856000,1,1
146.796864800,1,0
146.796925200,1,1
146.796942800,1,0
146.796951200,1,1
146.796960000,1,0
146.797020600,1,1
146.797038000,1,0
146.797046600,1,1
146.797064000,1,0
146.797116000,1,1
146.797133400,1,0
146.797142000,1,1
146.797150800,1,0
146.797211200,1,1
146.797246000,1,0
146.797324000,1,1
146.797341400,1,0
146.797367400,1,1
146.797376000,1,0
146.797419400,1,1
146.797436800,1,0
146.797445400,1,1
146.797454000,1,0
146.797514600,1,1
146.797532000,1,0
146.797540600,1,1
146.797558000,1,0
146.797566600,1,1
146.797601400,1,0
146.797610000,1,1
146.797627400,1,0
146.797636000,1,1
146.797644800,1,0
146.797653400,1,1
146.797662200,1,0
146.797705400,1,1
146.797722800,1,0
146.797731400,1,1
146.797740200,1,0
146.797800800,1,1
146.797818200,1,0
146.797826800,1,1
146.797844200,1,0
146.797852800,1,1
146.797887400,1,0
146.797896000,1,1
146.797913400,1,0
146.797930800,1,1
146.797939400,1,0
146.797948000,1,1
146.797956800,1,0
146.797991400,1,1
146.798008800,1,0
146.798017400,1,1
146.798026200,1,0
146.798086800,1,1
146.798121600,1,0
146.798138800,1,1
146.798147600,1,0
146.798199400,1,1
146.798216800,1,0
146.798242800,1,1
146.798260200,1,0
146.798294800,1,1
146.798312200,1,0
146.798320800,1,1
146.798329600,1,0
146.798390200,1,1
146.798407600,1,0
146.798485400,1,1
146.798503000,1,0
146.798511400,1,1
146.798520200,1,0
146.798528800,1,1
146.798546200,1,0
146.798580800,1,1
146.798598200,1,0
146.798606800,1,1
146.798615600,1,0
146.798676200,1,1
146.798693600,1,0
146.798702200,1,1
146.798711000,1,0
146.798771600,1,1
146.798789000,1,0
146.798832200,1,1
146.798841000,1,0
146.798867000,1,1
146.798884400,1,0
146.798893000,1,1
146.798901600,1,0
146.798962200,1,1
146.798997000,1,0
146.799075000,1,1
146.799092400,1,0
146.799101000,1,1
146.799109800,1,0
146.799135600,1,1
146.799144400,1,0
146.799170400,1,1
146.799187800,1,0
146.799205000,1,1
146.799213800,1,0
146.799265600,1,1
146.799283200,1,0
146.799361000,1,1
146.799378400,1,0
146.799456400,1,1
146.799473800,1,0
146.799525800,1,1
146.799534600,1,0
146.799551800,1,1
146.799569200,1,0
146.799577800,1,1
146.799586600,1,0
146.799647200,1,1
146.799664600,1,0
146.799742600,1,1
146.799760000,1,0
146.799768600,1,1
146.799777200,1,0
146.799811800,1,1
146.799820600,1,0
146.799838000,1,1
146.799855400,1,0
146.799872600,1,1
146.799881400,1,0
146.799933200,1,1
146.799950800,1,0
146.800028600,1,1
146.800046000,1,0
146.800124000,1,1
146.800141400,1,0
146.800158800,1,1
146.800167400,1,0
146.800176000,1,1
146.800184800,1,0
146.800193400,1,1
146.800202200,1,0
146.800219400,1,1
146.800254200,1,0
146.800262800,1,1
146.800271400,1,0
146.800332000,1,1
146.800349600,1,0
146.800358000,1,1
146.800366800,1,0
146.800427400,1,1
146.800444800,1,0
146.800453400,1,1
146.800470800,1,0
146.800479400,1,1
146.800488200,1,0
146.800496800,1,1
146.800505600,1,0
146.800522800,1,1
146.800540200,1,0
146.800548800,1,1
146.800557600,1,0
146.800618200,1,1
146.800635600,1,0
146.800644200,1,1
146.800653000,1,0
146.800713600,1,1
146.800731000,1,0
146.800756800,1,1
146.800774200,1,0
146.800782800,1,1
146.800791600,1,0
146.800808800,1,1
146.800826400,1,0
146.800834800,1,1
146.800843600,1,0
146.800904200,1,1
146.800921600,1,0
146.800947600,1,1
146.800956400,1,0
146.800999600,1,1
146.801017000,1,0
146.801060200,1,1
146.801077800,1,0
146.801095000,1,1
146.801129800,1,0
146.801138200,1,1
146.801147000,1,0
146.801207600,1,1
146.801225000,1,0
146.801251000,1,1
146.801259800,1,0
146.801277000,1,1
146.801294400,1,0
146.801303000,1,1
146.801320400,1,0
146.801346400,1,1
146.801355200,1,0
146.801363800,1,1
146.801381200,1,0
146.801398400,1,1
146.801415800,1,0
146.801424400,1,1
146.801433200,1,0
146.801493800,1,1
146.801511200,1,0
146.801589000,1,1
146.801606600,1,0
146.801623800,1,1
146.801641200,1,0
146.801649800,1,1
146.801667200,1,0
146.801684400,1,1
146.801701800,1,0
146.801710400,1,1
146.801719200,1,0
146.801779800,1,1
146.801797200,1,0
146.801875200,1,1
146.801979200,1,0
146.802039800,1,1
146.802048600,1,0
146.802057200,1,1
146.802074600,1,0
146.802091800,1,1
146.802100600,1,0
146.802152600,1,1
146.802170000,1,0
146.802248000,1,1
146.802265400,1,0
146.802343200,1,1
146.802378000,1,0
146.802456000,1,1
146.802473400,1,0
146.802482000,1,1
146.802490800,1,0
146.802516600,1,1
146.802568800,1,0
146.802577400,1,1
146.802586000,1,0
146.802594600,1,1
146.802603400,1,0
146.802620600,1,1
146.802629400,1,0
146.802646600,1,1
146.803103800,0,1
146.803121200,1,1
146.803190400,0,1
146.803199000,1,1
146.803277000,0,1
146.803302800,1,1
146.803311600,0,1
146.803354800,1,1
146.803363400,0,1
146.803441400,1,1
146.803450000,0,1
146.803467200,1,1
146.803476000,0,1
146.803527800,1,1
146.803536600,0,1
146.803562400,1,1
146.803571200,0,1
146.803614400,1,1
146.803623000,0,1
146.803701000,1,1
146.803709600,0,1
146.803718200,1,1
146.803727000,0,1
146.803752800,1,1
146.803761600,0,1
146.803770200,1,1
146.803796200,0,1
146.803804800,1,1
146.803822200,0,1
146.803830800,1,1
146.803839400,0,1
146.803856800,1,1
146.825138000,1,0
146.825155200,1,1
146.825233200,1,0
146.825241800,1,1
146.825328600,1,0
146.825337200,1,1
146.825363200,1,0
146.825406400,1,1
146.825432600,1,0
146.825510400,1,1
146.825527800,1,0
146.825571200,1,1
146.825579800,1,0
146.825605800,1,1
146.825623200,1,0
146.825701200,1,1
146.825718600,1,0
146.825744400,1,1
146.825753200,1,0
146.825796400,1,1
146.825813800,1,0
146.825822400,1,1
146.825831200,1,0
146.825891800,1,1
146.825909200,1,0
146.825926400,1,1
146.825935200,1,0
146.825987200,1,1
146.826004600,1,0
146.826082400,1,1
146.826099800,1,0
146.826177800,1,1
146.826195200,1,0
146.826212400,1,1
146.826221200,1,0
146.826273000,1,1
146.826290600,1,0
146.826299000,1,1
146.826307800,1,0
146.826368400,1,1
146.826385800,1,0
146.826463800,1,1
146.826481200,1,0
146.826489800,1,1
146.826507200,1,0
146.826559000,1,1
146.826576400,1,0
146.826585000,1,1
146.826593800,1,0
146.826654400,1,1
146.826689000,1,0
146.826767000,1,1
146.826784400,1,0
146.826810400,1,1
146.826819000,1,0
146.826862400,1,1
146.826879800,1,0
146.826888400,1,1
146.826897000,1,0
146.826957600,1,1
146.826975000,1,0
146.827053000,1,1
146.827070400,1,0
146.827148200,1,1
146.827165800,1,0
146.827174400,1,1
146.827183000,1,0
146.827191600,1,1
146.827200400,1,0
146.827209000,1,1
146.827217800,1,0
146.827226400,1,1
146.827235000,1,0
146.827243600,1,1
146.827261000,1,0
146.827269600,1,1
146.827278400,1,0
146.827287000,1,1
146.827295800,1,0
146.827304400,1,1
146.827313000,1,0
146.827321600,1,1
146.827330400,1,0
146.827339000,1,1
147.097938400,0,1
147.097955600,1,1
147.098025000,0,1
147.098033600,1,1
147.098111400,0,1
147.098120000,1,1
147.098137400,0,1
147.098189400,1,1
147.098198000,0,1
147.098275800,1,1
147.098284600,0,1
147.098293200,1,1
147.098327800,0,1
147.098362400,1,1
147.098371000,0,1
147.098379800,1,1
147.098388400,0,1
147.098449000,1,1
147.098457600,0,1
147.098466200,1,1
147.098483600,0,1
147.098535400,1,1
147.098544200,0,1
147.098552800,1,1
147.098570200,0,1
147.098587400,1,1
147.098613400,0,1
147.098622000,1,1
147.098630600,0,1
147.098648000,1,1
147.098656600,0,1
147.098665200,1,1
147.098674000,0,1
147.098708600,1,1
147.098717200,0,1
147.098725800,1,1
147.098734600,0,1
147.098743200,1,1
147.098760400,0,1
147.098777800,1,1
147.098786400,0,1
147.098795000,1,1
147.098803800,0,1
147.098812400,1,1
147.098821000,0,1
147.098838400,1,1
147.098873000,0,1
147.098881600,1,1
147.098890200,0,1
147.098942200,1,1
147.098950800,0,1
147.098968200,1,1
147.098976800,0,1
147.099002800,1,1
147.099011400,0,1
147.099037400,1,1
147.099046000,0,1
147.099054800,1,1
147.099063400,0,1
147.099072000,1,1
147.099080600,0,1
147.099089400,1,1
147.099098000,0,1
147.099115200,1,1
147.099132600,0,1
147.099141200,1,1
147.099150000,0,1
147.099167200,1,1
147.099184600,0,1
147.099193200,1,1
147.099219200,0,1
147.099227800,1,1
147.099236400,0,1
147.099245000,1,1
147.099253800,0,1
147.099271000,1,1
147.099279800,0,1
147.099288400,1,1
147.099305600,0,1
147.099314400,1,1
147.099323000,0,1
147.099331600,1,1
147.099349000,0,1
147.099374800,1,1
147.099392200,0,1
147.099400800,1,1
147.099409600,0,1
147.099418200,1,1
147.099426800,0,1
147.099435400,1,1
147.099444200,0,1
147.099461400,1,1
147.099478800,0,1
147.099487400,1,1
147.099496000,0,1
147.099574000,1,1
147.099582600,0,1
147.099660400,1,1
147.099669200,0,1
147.099695000,1,1
147.099703800,0,1
147.099712400,1,1
147.099721000,0,1
147.099747000,1,1
147.099755600,0,1
147.099764400,1,1
147.099773000,0,1
147.099790200,1,1
147.099807600,0,1
147.099833600,1,1
147.123721000,1,0
147.123738200,1,1
147.123816200,1,0
147.123824800,1,1
147.123920200,1,0
147.123928800,1,1
147.123955000,1,0
147.123998200,1,1
147.124015600,1,0
147.124093600,1,1
147.124111000,1,0
147.124119400,1,1
147.124137000,1,0
147.124162800,1,1
147.124180200,1,0
147.124188800,1,1
147.124206200,1,0
147.124284200,1,1
147.124301600,1,0
147.124310200,1,1
147.124318800,1,0
147.124379400,1,1
147.124396800,1,0
147.124405400,1,1
147.124414200,1,0
147.124474800,1,1
147.124492200,1,0
147.124509400,1,1
147.124518200,1,0
147.124570200,1,1
147.124587600,1,0
147.124665400,1,1
147.124682800,1,0
147.124760800,1,1
147.124795400,1,0
147.124812800,1,1
147.124821400,1,0
147.124873400,1,1
147.124890800,1,0
147.124899400,1,1
147.124908200,1,0
147.124968600,1,1
147.124986200,1,0
147.125064000,1,1
147.125081400,1,0
147.125090000,1,1
147.125107400,1,0
147.125159400,1,1
147.125176800,1,0
147.125185400,1,1
147.125202800,1,0
147.125220000,1,1
147.125246000,1,0
147.125254600,1,1
147.125272000,1,0
147.125289400,1,1
147.125298000,1,0
147.125306600,1,1
147.125315400,1,0
147.125350000,1,1
147.125367400,1,0
147.125376000,1,1
147.125384800,1,0
147.125393200,1,1
147.125410800,1,0
147.125428000,1,1
147.125436800,1,0
147.125445200,1,1
147.125462800,1,0
147.125471200,1,1
147.125480000,1,0
147.125497200,1,1
147.125532000,1,0
147.125540600,1,1
147.125558000,1,0
147.125610000,1,1
147.125618600,1,0
147.125636000,1,1
147.125670600,1,0
147.125696600,1,1
147.125705400,1,0
147.125731200,1,1
147.125740000,1,0
147.125748600,1,1
147.125766000,1,0
147.125774600,1,1
147.125783200,1,0
147.125791800,1,1
147.125800600,1,0
147.125817800,1,1
147.125835200,1,0
147.125843800,1,1
147.125861200,1,0
147.125878600,1,1
147.125896000,1,0
147.125904600,1,1
147.125930600,1,0
147.125939200,1,1
147.125956600,1,0
147.125965200,1,1
147.125974000,1,0
147.125991200,1,1
147.126000000,1,0
147.126008600,1,1
147.126026000,1,0
147.126034600,1,1
147.126052000,1,0
147.126060400,1,1
147.126078000,1,0
147.126103800,1,1
147.126121200,1,0
147.126129800,1,1
147.126147200,1,0
147.126155800,1,1
147.126164600,1,0
147.126173200,1,1
147.126181800,1,0
147.126199200,1,1
147.126216600,1,0
147.126225200,1,1
147.126242600,1,0
147.126320400,1,1
147.126337800,1,0
147.126363800,1,1
147.126372600,1,0
147.126415800,1,1
147.126433200,1,0
147.126441800,1,1
147.126459200,1,0
147.126476400,1,1
147.126502600,1,0
147.126511200,1,1
147.126545800,1,0
147.126580400,1,1
147.126589200,1,0
147.126623800,1,1
147.126641200,1,0
147.126649800,1,1
147.126658600,1,0
147.126667200,1,1
147.126675800,1,0
147.126684400,1,1
147.126693200,1,0
147.126701800,1,1
147.126710600,1,0
147.126719200,1,1
147.126736600,1,0
147.126753800,1,1
147.126779800,1,0
147.126788400,1,1
147.126805800,1,0
147.126814400,1,1
147.126831800,1,0
147.126840400,1,1
147.126849200,1,0
147.126866400,1,1
147.126875200,1,0
147.126883800,1,1
147.126901200,1,0
147.126909800,1,1
147.126927200,1,0
147.126935800,1,1
147.126953200,1,0
147.126979000,1,1
147.126996600,1,0
147.127005000,1,1
147.127022600,1,0
147.127031000,1,1
147.127065800,1,0
147.127074400,1,1
147.127091800,1,0
147.127100400,1,1
147.127117800,1,0
147.127135000,1,1
147.127143800,1,0
147.127161000,1,1
147.127187200,1,0
147.127195800,1,1
147.127213200,1,0
147.127230400,1,1
147.127256600,1,0
147.127265000,1,1
147.127282400,1,0
147.127291000,1,1
147.127308400,1,0
147.127386400,1,1
147.127429800,1,0
147.127438400,1,1
147.127447200,1,0
147.127455800,1,1
147.127464400,1,0
147.127507800,1,1
147.127525200,1,0
147.127533800,1,1
147.127551200,1,0
147.127568400,1,1
147.127594400,1,0
147.127603000,1,1
147.127620400,1,0
147.127637800,1,1
147.127646400,1,0
147.127655000,1,1
147.127663800,1,0
147.127698400,1,1
147.127715800,1,0
147.127724400,1,1
147.127733200,1,0
147.127776400,1,1
147.127785200,1,0
147.127793800,1,1
147.127811200,1,0
147.127819800,1,1
147.127837200,1,0
147.127871600,1,1
147.127880400,1,0
147.127889000,1,1
147.127932400,1,0
147.127975600,1,1
147.127993200,1,0
147.128010400,1,1
147.128027800,1,0
147.128036400,1,1
147.128045200,1,0
147.128062400,1,1
147.128088400,1,0
147.128105600,1,1
147.128123200,1,0
147.128131600,1,1
147.128140400,1,0
147.128149000,1,1
147.128157800,1,0
147.128166400,1,1
147.128183800,1,0
147.128201000,1,1
147.128218400,1,0
147.128227000,1,1
147.128235800,1,0
147.128261600,1,1
147.128279200,1,0
147.128296400,1,1
147.128313800,1,0
147.128322400,1,1
147.128357200,1,0
147.128365600,1,1
147.128374400,1,0
147.128391600,1,1
147.128426400,1,0
147.128435000,1,1
147.128443800,1,0
147.128469600,1,1
147.128487000,1,0
147.128504400,1,1
147.128521800,1,0
147.128530400,1,1
147.128547800,1,0
147.128565000,1,1
147.128582400,1,0
147.128599600,1,1
147.128617000,1,0
147.128695000,1,1
147.128712400,1,0
147.128721000,1,1
147.128747000,1,0
147.128790400,1,1
147.128807800,1,0
147.128816400,1,1
147.128825000,1,0
147.128885600,1,1
147.128903000,1,0
147.128981000,1,1
147.128998400,1,0
147.129033000,1,1
147.129041600,1,0
147.129076200,1,1
147.129093600,1,0
147.129102200,1,1
147.129111000,1,0
147.129171600,1,1
147.129189000,1,0
147.129197600,1,1
147.129215000,1,0
147.129266800,1,1
147.129301600,1,0
147.129310200,1,1
147.129319000,1,0
147.129336200,1,1
147.129345000,1,0
147.129379600,1,1
147.129397000,1,0
147.129405600,1,1
147.129414200,1,0
147.129474800,1,1
147.129492200,1,0
147.129500800,1,1
147.129518200,1,0
147.129570200,1,1
147.129587600,1,0
147.129604800,1,1
147.129613600,1,0
147.129622200,1,1
147.129631000,1,0
147.129665400,1,1
147.129683000,1,0
147.129691400,1,1
147.129700200,1,0
147.129760800,1,1
147.129778200,1,0
147.129856200,1,1
147.129873600,1,0
147.129882200,1,1
147.129899600,1,0
147.129908000,1,1
147.129916800,1,0
147.129951400,1,1
147.129968800,1,0
147.129977400,1,1
147.129986200,1,0
147.130046800,1,1
147.130064200,1,0
147.130142000,1,1
147.130176800,1,0
147.130202800,1,1
147.130220200,1,0
147.130254800,1,1
147.130272200,1,0
147.130280800,1,1
147.130289400,1,0
147.130350000,1,1
147.130367400,1,0
147.130384600,1,1
147.130393400,1,0
147.130410600,1,1
147.130419400,1,0
147.130445400,1,1
147.130462800,1,0
147.130471400,1,1
147.130480000,1,0
147.130488600,1,1
147.130506000,1,0
147.130540600,1,1
147.130558000,1,0
147.130566600,1,1
147.130584000,1,0
147.130601200,1,1
147.130627400,1,0
147.130636000,1,1
147.130653400,1,0
147.130662000,1,1
147.130670800,1,0
147.130679200,1,1
147.130696800,1,0
147.130731200,1,1
147.130748800,1,0
147.130766000,1,1
147.130783400,1,0
147.130792000,1,1
147.130809400,1,0
147.130826600,1,1
147.130844000,1,0
147.130878600,1,1
147.130904600,1,0
147.130922000,1,1
147.130939400,1,0
147.130974000,1,1
147.131000000,1,0
147.131017200,1,1
147.131034600,1,0
147.131077800,1,1
147.131095400,1,0
147.131112600,1,1
147.131130000,1,0
147.131173200,1,1
147.131190600,1,0
147.131207800,1,1
147.131225400,1,0
147.131233800,1,1
147.131242600,1,0
147.131268600,1,1
147.131286000,1,0
147.131303200,1,1
147.131320600,1,0
147.131363800,1,1
147.131381200,1,0
147.131398600,1,1
147.131433200,1,0
147.131476600,1,1
147.131494000,1,0
147.131511200,1,1
147.131528600,1,0
147.131537200,1,1
147.131546000,1,0
147.131571800,1,1
147.131589200,1,0
147.131606400,1,1
147.131624000,1,0
147.131632400,1,1
147.131650000,1,0
147.131667200,1,1
147.131684600,1,0
147.131701800,1,1
147.131719200,1,0
147.131736400,1,1
147.131753800,1,0
147.131762400,1,1
147.131779800,1,0
147.131797200,1,1
147.131814600,1,0
147.131823200,1,1
147.131831800,1,0
147.131849200,1,1
147.131875200,1,0
147.131892400,1,1
147.131909800,1,0
147.131987800,1,1
147.132005200,1,0
147.132013800,1,1
147.132048600,1,0
147.132083000,1,1
147.132100600,1,0
147.132109000,1,1
147.132126600,1,0
147.132143800,1,1
147.132169800,1,0
147.132178400,1,1
147.132195800,1,0
147.132213000,1,1
147.132230400,1,0
147.132273800,1,1
147.132308400,1,0
147.132351600,1,1
147.132369200,1,0
147.132386400,1,1
147.132403800,1,0
147.132421000,1,1
147.132447000,1,0
147.132455600,1,1
147.132464400,1,0
147.132481600,1,1
147.132559800,1,0
147.132594400,1,1
147.132620400,1,0
147.132637600,1,1
147.132655000,1,0
147.132672400,1,1
147.132698400,1,0
147.132707000,1,1
147.132715800,1,0
147.132733000,1,1
147.132750400,1,0
147.132767600,1,1
147.132785000,1,0
147.132793600,1,1
147.132811000,1,0
147.132828200,1,1
147.132845800,1,0
147.132923600,1,1
147.132941000,1,0
147.132958200,1,1
147.132967000,1,0
147.132984200,1,1
147.132993000,1,0
147.133019000,1,1
147.133036400,1,0
147.133045000,1,1
147.133062400,1,0
147.133079600,1,1
147.133105800,1,0
147.133114200,1,1
147.133131800,1,0
147.133149000,1,1
147.133166400,1,0
147.133209600,1,1
147.133227000,1,0
147.133270200,1,1
147.133287600,1,0
147.133305000,1,1
147.133322400,1,0
147.133339600,1,1
147.133365600,1,0
147.133374200,1,1
147.133383000,1,0
147.133400200,1,1
147.133443600,1,0
147.133452200,1,1
147.133469600,1,0
147.133486800,1,1
147.133504400,1,0
147.133521600,1,1
147.133539000,1,0
147.133556200,1,1
147.133582400,1,0
147.133590800,1,1
147.133599600,1,0
147.133616800,1,1
147.133634200,1,0
147.133642800,1,1
147.133660200,1,0
147.133677600,1,1
147.133695000,1,0
147.133712200,1,1
147.133729600,1,0
147.133807400,1,1
147.133825000,1,0
147.133902800,1,1
147.133937600,1,0
147.133972200,1,1
147.133998200,1,0
147.134006800,1,1
147.134032800,1,0
147.134058800,1,1
147.134067600,1,0
147.134102000,1,1
148.771165600,0,1
148.771182800,1,1
148.771252000,0,1
148.771260600,1,1
148.771338600,0,1
148.771364600,1,1
148.771373200,0,1
148.771416400,1,1
148.771425200,0,1
148.771503000,1,1
148.771511600,0,1
148.771529000,1,1
148.771537600,0,1
148.771589600,1,1
148.771598200,0,1
148.771615600,1,1
148.771624200,0,1
148.771676000,1,1
148.771684800,0,1
148.771762600,1,1
148.771771200,0,1
148.771780000,1,1
148.771797200,0,1
148.771805800,1,1
148.771840600,0,1
148.771849200,1,1
148.771857800,0,1
148.771866400,1,1
148.771875200,0,1
148.771883800,1,1
148.771901000,0,1
148.771909800,1,1
148.771927000,0,1
148.771935600,1,1
148.795444600,1,0
148.795461800,1,1
148.795539800,1,0
148.795548400,1,1
148.795652400,1,0
148.795661000,1,1
148.795687000,1,0
148.795730400,1,1
148.795747800,1,0
148.795825600,1,1
148.795843000,1,0
148.795851600,1,1
148.795860400,1,0
148.795869000,1,1
148.795886400,1,0
148.795920800,1,1
148.795938400,1,0
148.796016200,1,1
148.796033600,1,0
148.796050800,1,1
148.796059600,1,0
148.796111400,1,1
148.796146200,1,0
148.796154800,1,1
148.796163600,1,0
148.796224000,1,1
148.796241400,1,0
148.796258800,1,1
148.796267400,1,0
148.796319400,1,1
148.796336800,1,0
148.796414600,1,1
148.796432000,1,0
148.796510000,1,1
148.796527400,1,0
148.796544600,1,1
148.796553400,1,0
148.796605200,1,1
148.796622600,1,0
148.796631200,1,1
148.796640000,1,0
148.796700400,1,1
148.796718000,1,0
148.796743800,1,1
148.796752600,1,0
148.796795800,1,1
148.796813200,1,0
148.796821800,1,1
148.796839200,1,0
148.796891000,1,1
148.796908400,1,0
148.796917000,1,1
148.796925800,1,0
148.796986400,1,1
148.797021000,1,0
148.797029600,1,1
148.797047000,1,0
148.797099000,1,1
148.797116400,1,0
148.797194200,1,1
148.797211600,1,0
148.797220200,1,1
148.797229000,1,0
148.797237600,1,1
148.797281000,1,0
148.797289600,1,1
148.797307000,1,0
148.797315600,1,1
148.797359000,1,0
148.797367400,1,1
148.801393200,0,1
148.801410400,1,1
148.801479800,0,1
148.801488400,1,1
148.801566200,0,1
148.801592200,1,1
148.801600800,0,1
148.801644200,1,1
148.801652800,0,1
148.801730600,1,1
148.801739400,0,1
148.801756600,1,1
148.801765400,0,1
148.801817200,1,1
148.801825800,0,1
148.801834600,1,1
148.801851800,0,1
148.801903800,1,1
148.801912400,0,1
148.801990200,1,1
148.801999000,0,1
148.802033600,1,1
148.802042200,0,1
148.802059600,1,1
148.802068200,0,1
148.802076800,1,1
148.802085400,0,1
148.802111400,1,1
148.802137400,0,1
148.802146000,1,1
148.802154800,0,1
148.802163400,1,1
148.826018400,1,0
148.826035600,1,1
148.826113600,1,0
148.826122200,1,1
148.826209000,1,0
148.826217600,1,1
148.826243600,1,0
148.826287000,1,1
148.826304400,1,0
148.826382200,1,1
148.826399600,1,0
148.826460200,1,1
148.826469000,1,0
148.826477600,1,1
148.826495000,1,0
148.826572800,1,1
148.826590200,1,0
148.826598800,1,1
148.826616200,1,0
148.826668200,1,1
148.826737600,1,0
148.826746000,1,1
148.826754800,1,0
148.826815400,1,1
148.826832800,1,0
148.826850000,1,1
148.826858800,1,0
148.826910600,1,1
148.826928200,1,0
148.827006000,1,1
148.827023400,1,0
148.827101200,1,1
148.827118800,1,0
148.827136000,1,1
148.827144600,1,0
148.827196600,1,1
148.827214000,1,0
148.827222600,1,1
148.827231400,1,0
148.827291800,1,1
148.827309400,1,0
148.827317800,1,1
148.827326600,1,0
148.827387200,1,1
148.827404600,1,0
148.827413200,1,1
148.827430600,1,0
148.827482600,1,1
148.827500000,1,0
148.827508400,1,1
148.827517200,1,0
148.827577800,1,1
148.827595200,1,0
148.827673200,1,1
148.827707800,1,0
148.827733800,1,1
148.827742600,1,0
148.827785800,1,1
148.827803200,1,0
148.827811800,1,1
148.827820600,1,0
148.827881000,1,1
148.827898400,1,0
148.827907000,1,1
148.827924400,1,0
148.827933000,1,1
148.827967800,1,0
148.827976400,1,1
148.827993800,1,0
148.828002400,1,1
148.828011200,1,0
148.828019800,1,1
148.828028400,1,0
148.828071600,1,1
148.828089200,1,0
148.828097600,1,1
148.828106400,1,0
148.828167000,1,1
148.828184400,1,0
148.828193000,1,1
148.828210400,1,0
148.828219000,1,1
148.828253800,1,0
148.828262200,1,1
148.828279800,1,0
148.828297000,1,1
148.828305600,1,0
148.828314200,1,1
148.828323000,1,0
148.828357600,1,1
148.828375000,1,0
148.828383600,1,1
148.828392400,1,0
148.828452800,1,1
148.828470400,1,0
148.828487600,1,1
148.828496400,1,0
148.828548200,1,1
148.828583000,1,0
148.828608800,1,1
148.828626200,1,0
148.828660800,1,1
148.828678200,1,0
148.828686800,1,1
148.828695600,1,0
148.828756200,1,1
148.828773600,1,0
148.828851400,1,1
148.828868800,1,0
148.828877400,1,1
148.828886200,1,0
148.828894800,1,1
148.828912200,1,0
148.828946800,1,1
148.828964200,1,0
148.828972800,1,1
148.828981400,1,0
148.829042000,1,1
148.829059400,1,0
148.829068000,1,1
148.829076800,1,0
148.829137400,1,1
148.829154800,1,0
148.829198000,1,1
148.829206800,1,0
148.829232600,1,1
148.829250000,1,0
148.829258600,1,1
148.829267400,1,0
148.829328000,1,1
148.829345400,1,0
148.829423200,1,1
148.829440600,1,0
148.829449200,1,1
148.829458000,1,0
148.829483800,1,1
148.829492600,1,0
148.829518600,1,1
148.829536000,1,0
148.829553200,1,1
148.829562000,1,0
148.829613800,1,1
148.829631200,1,0
148.829709200,1,1
148.829726600,1,0
148.829804400,1,1
148.829830400,1,0
148.829882400,1,1
148.829891200,1,0
148.829908400,1,1
148.829925800,1,0
148.829934400,1,1
148.829943200,1,0
148.830003600,1,1
148.830021000,1,0
148.830099000,1,1
148.830116400,1,0
148.830125000,1,1
148.830133600,1,0
148.830168200,1,1
148.830177000,1,0
148.830194200,1,1
148.830211600,1,0
148.830228800,1,1
148.830237600,1,0
148.830289400,1,1
148.830307000,1,0
148.830384800,1,1
148.830402200,1,0
148.830480000,1,1
148.830497400,1,0
148.830514800,1,1
148.830523400,1,0
148.830532000,1,1
148.830540800,1,0
148.830549400,1,1
148.830558200,1,0
148.830575400,1,1
148.830592800,1,0
148.830601400,1,1
148.830610200,1,0
148.830670600,1,1
148.830688000,1,0
148.830696600,1,1
148.830705400,1,0
148.830766000,1,1
148.830783400,1,0
148.830792000,1,1
148.830809400,1,0
148.830818000,1,1
148.830826800,1,0
148.830835200,1,1
148.830844000,1,0
148.830861200,1,1
148.830878600,1,0
148.830887200,1,1
148.830896000,1,0
148.830956600,1,1
148.830974000,1,0
148.830982600,1,1
148.830991200,1,0
148.831051800,1,1
148.831086600,1,0
148.831112400,1,1
148.831130000,1,0
148.831138400,1,1
148.831147200,1,0
148.831164400,1,1
148.831181800,1,0
148.831190400,1,1
148.831199200,1,0
148.831259800,1,1
148.831277200,1,0
148.831303200,1,1
148.831311800,1,0
148.831355000,1,1
148.831372600,1,0
148.831415800,1,1
148.831433200,1,0
148.831450400,1,1
148.831467800,1,0
148.831476400,1,1
148.831485200,1,0
148.831545600,1,1
148.831563200,1,0
148.831589000,1,1
148.831597800,1,0
148.831615000,1,1
148.831632400,1,0
148.831641000,1,1
148.831658400,1,0
148.831684200,1,1
148.831693000,1,0
148.831701600,1,1
148.831719000,1,0
148.831736200,1,1
148.831753800,1,0
148.831762200,1,1
148.831771000,1,0
148.831831600,1,1
148.831849000,1,0
148.831927000,1,1
148.831961600,1,0
148.831978800,1,1
148.831996400,1,0
148.832004800,1,1
148.832022400,1,0
148.832039600,1,1
148.832057000,1,0
148.832065600,1,1
148.832074200,1,0
148.832134800,1,1
148.832152200,1,0
148.832230200,1,1
148.832247600,1,0
148.832308200,1,1
148.832317000,1,0
148.832325400,1,1
148.832343000,1,0
148.832360200,1,1
148.832368800,1,0
148.832420800,1,1
148.832438200,1,0
148.832516200,1,1
148.832533600,1,0
148.832611400,1,1
148.832628800,1,0
148.832706800,1,1
148.832724200,1,0
148.832732800,1,1
148.832741400,1,0
148.832767400,1,1
148.832819400,1,0
148.832828000,1,1
148.832836800,1,0
148.832845400,1,1
148.832854000,1,0
148.832871400,1,1
148.832880000,1,0
148.832897400,1,1
148.861952400,0,1
148.861969600,1,1
148.862039000,0,1
148.862047600,1,1
148.862125400,0,1
148.862151400,1,1
148.862160000,0,1
148.862203400,1,1
148.862212000,0,1
148.862289800,1,1
148.862298600,0,1
148.862315800,1,1
148.862324600,0,1
148.862376400,1,1
148.862385000,0,1
148.862411000,1,1
148.862419800,0,1
148.862463000,1,1
148.862471600,0,1
148.862549600,1,1
148.862558200,0,1
148.862566800,1,1
148.862575400,0,1
148.862601400,1,1
148.862610000,0,1
148.862618800,1,1
148.862644600,0,1
148.862653400,1,1
148.862670600,0,1
148.862679400,1,1
148.862688000,0,1
148.862705200,1,1
148.885718200,1,0
148.885735600,1,1
148.885813600,1,0
148.885822200,1,1
148.885908800,1,0
148.885917400,1,1
148.885943600,1,0
148.885986800,1,1
148.886004200,1,0
148.886082000,1,1
148.886099400,1,0
148.886142600,1,1
148.886151400,1,0
148.886177400,1,1
148.886194800,1,0
148.886272600,1,1
148.886290000,1,0
148.886316000,1,1
148.886324800,1,0
148.886368000,1,1
148.886385400,1,0
148.886394000,1,1
148.886402600,1,0
148.886463200,1,1
148.886480600,1,0
148.886498000,1,1
148.886506600,1,0
148.886558600,1,1
148.886576000,1,0
148.886653800,1,1
148.886688600,1,0
148.886766400,1,1
148.886783800,1,0
148.886801200,1,1
148.886809800,1,0
148.886861800,1,1
148.886879200,1,0
148.886887800,1,1
148.886896400,1,0
148.886957000,1,1
148.886974400,1,0
148.887052400,1,1
148.887069800,1,0
148.887078400,1,1
148.887095800,1,0
148.887147600,1,1
148.887165000,1,0
148.887173600,1,1
148.887182400,1,0
148.887243000,1,1
148.887260400,1,0
148.887338200,1,1
148.887355600,1,0
148.887381600,1,1
148.887390200,1,0
148.887433600,1,1
148.887451000,1,0
148.887459600,1,1
148.887468200,1,0
148.887528800,1,1
148.887546200,1,0
148.887624000,1,1
148.887641600,1,0
148.887719400,1,1
148.887736800,1,0
148.887745400,1,1
148.887754200,1,0
148.887762600,1,1
148.887771400,1,0
148.887780000,1,1
148.887788800,1,0
148.887797400,1,1
148.887806000,1,0
148.887814600,1,1
148.887832000,1,0
148.887840600,1,1
148.887849400,1,0
148.887858000,1,1
148.887866800,1,0
148.887875200,1,1
148.887884000,1,0
148.887892600,1,1
148.887901400,1,0
148.887910000,1,1
148.891271400,0,1
148.891288800,1,1
148.891358000,0,1
148.891366600,1,1
148.891444600,0,1
148.891453200,1,1
148.891470400,0,1
148.891522400,1,1
148.891531000,0,1
148.891609000,1,1
148.891617600,0,1
148.891652200,1,1
148.891660800,0,1
148.891695400,1,1
148.891704200,0,1
148.891721400,1,1
148.891730000,0,1
148.891782000,1,1
148.891790600,0,1
148.891808000,1,1
148.891816600,0,1
148.891868600,1,1
148.891877200,0,1
148.891885800,1,1
148.891894600,0,1
148.891955000,1,1
148.891963800,0,1
148.891972400,1,1
148.891989600,0,1
148.892041600,1,1
148.892050200,0,1
148.892059000,1,1
148.892076200,0,1
148.892128200,1,1
148.892136800,0,1
148.892145400,1,1
148.892154200,0,1
148.892214600,1,1
148.892223400,0,1
148.892232000,1,1
148.892240600,0,1
148.892301200,1,1
148.892309800,0,1
148.892387800,1,1
148.892396400,0,1
148.892413800,1,1
148.892422400,0,1
148.892431000,1,1
148.892439600,0,1
148.892448400,1,1
148.892483000,0,1
148.892509000,1,1
148.892517600,0,1
148.892526200,1,1
148.892534800,0,1
148.892543600,1,1
148.916078600,1,0
148.916095800,1,1
148.916173800,1,0
148.916182400,1,1
148.916269200,1,0
148.916277800,1,1
148.916303800,1,0
148.916347000,1,1
148.916373000,1,0
148.916451000,1,1
148.916468400,1,0
148.916477000,1,1
148.916485800,1,0
148.916494200,1,1
148.916511800,1,0
148.916546200,1,1
148.916563600,1,0
148.916641600,1,1
148.916659000,1,0
148.916676200,1,1
148.916685000,1,0
148.916736800,1,1
148.916754200,1,0
148.916762800,1,1
148.916771600,1,0
148.916832200,1,1
148.916875600,1,0
148.916892800,1,1
148.916901600,1,0
148.916953400,1,1
148.916970800,1,0
148.917048800,1,1
148.917066200,1,0
148.917144000,1,1
148.917161400,1,0
148.917178800,1,1
148.917187400,1,0
148.917239400,1,1
148.917256800,1,0
148.917265400,1,1
148.917274200,1,0
148.917334600,1,1
148.917369400,1,0
148.917378000,1,1
148.917395400,1,0
148.917447200,1,1
148.917464800,1,0
148.917473200,1,1
148.917490600,1,0
148.917542600,1,1
148.917560000,1,0
148.917568600,1,1
148.917577400,1,0
148.917637800,1,1
148.917655200,1,0
148.917663800,1,1
148.917672600,1,0
148.917733200,1,1
148.917750600,1,0
148.917828400,1,1
148.917845800,1,0
148.917871800,1,1
148.917915200,1,0
148.917923800,1,1
148.917941200,1,0
148.917949800,1,1
148.917958600,1,0
148.917975800,1,1
148.917984600,1,0
148.917993200,1,1
148.918010600,1,0
148.918019000,1,1
152.570602600,0,1
152.570619800,1,1
152.570689000,0,1
152.570697800,1,1
152.570775600,0,1
152.570801600,1,1
152.570810200,0,1
152.570853600,1,1
152.570862200,0,1
152.570940000,1,1
152.570948800,0,1
152.570966000,1,1
152.570974600,0,1
152.571026600,1,1
152.571035200,0,1
152.571052600,1,1
152.571061200,0,1
152.571113200,1,1
152.571121800,0,1
152.571199600,1,1
152.571208400,0,1
152.571217000,1,1
152.571234200,0,1
152.571243000,1,1
152.571277600,0,1
152.571286200,1,1
152.571294800,0,1
152.571303600,1,1
152.571312200,0,1
152.571320800,1,1
152.571338200,0,1
152.571346800,1,1
152.571364000,0,1
152.571372800,1,1
152.595489800,1,0
152.595507000,1,1
152.595585200,1,0
152.595593800,1,1
152.595697800,1,0
152.595706400,1,1
152.595732400,1,0
152.595775600,1,1
152.595793000,1,0
152.595871000,1,1
152.595888400,1,0
152.595897000,1,1
152.595905800,1,0
152.595914400,1,1
152.595931800,1,0
152.595966200,1,1
152.595983800,1,0
152.596061600,1,1
152.596079000,1,0
152.596096200,1,1
152.596105000,1,0
152.596157000,1,1
152.596174400,1,0
152.596183000,1,1
152.596191600,1,0
152.596252200,1,1
152.596269600,1,0
152.596287000,1,1
152.596295600,1,0
152.596347600,1,1
152.596365000,1,0
152.596442800,1,1
152.596460400,1,0
152.596538200,1,1
152.596573000,1,0
152.596590200,1,1
152.596599000,1,0
152.596650800,1,1
152.596668200,1,0
152.596676800,1,1
152.596685600,1,0
152.596746200,1,1
152.596763600,1,0
152.596772200,1,1
152.596789600,1,0
152.596841600,1,1
152.596859000,1,0
152.596867600,1,1
152.596885000,1,0
152.596936800,1,1
152.596954200,1,0
152.596962800,1,1
152.596971600,1,0
152.597032200,1,1
152.597049600,1,0
152.597058200,1,1
152.597067000,1,0
152.597127400,1,1
152.597145000,1,0
152.597222800,1,1
152.597240200,1,0
152.597266200,1,1
152.597309600,1,0
152.597318200,1,1
152.597335600,1,0
152.597344200,1,1
152.597352800,1,0
152.597370200,1,1
152.597378800,1,0
152.597387400,1,1
152.597404800,1,0
152.597413400,1,1
153.096553800,0,1
153.096571200,1,1
153.096640400,0,1
153.096649000,1,1
153.096727000,0,1
153.096753000,1,1
153.096761600,0,1
153.096804800,1,1
153.096813400,0,1
153.096891400,1,1
153.096900000,0,1
153.096917400,1,1
153.096926000,0,1
153.096978000,1,1
153.096986600,0,1
153.096995200,1,1
153.097012600,0,1
153.097064400,1,1
153.097073200,0,1
153.097151000,1,1
153.097159600,0,1
153.097194200,1,1
153.097203000,0,1
153.097220200,1,1
153.097228800,0,1
153.097237600,1,1
153.097246200,0,1
153.097272200,1,1
153.097298200,0,1
153.097306800,1,1
153.097315400,0,1
153.097324000,1,1
153.122693400,1,0
153.122710600,1,1
153.122788600,1,0
153.122797200,1,1
153.122884000,1,0
153.122892600,1,1
153.122918600,1,0
153.122962000,1,1
153.122996600,1,0
153.123074600,1,1
153.123092000,1,0
153.123152600,1,1
153.123161400,1,0
153.123170000,1,1
153.123187400,1,0
153.123265200,1,1
153.123282600,1,0
153.123291200,1,1
153.123308600,1,0
153.123360600,1,1
153.123378000,1,0
153.123386600,1,1
153.123395400,1,0
153.123455800,1,1
153.123473400,1,0
153.123490600,1,1
153.123499200,1,0
153.123551200,1,1
153.123568600,1,0
153.123646600,1,1
153.123664000,1,0
153.123741800,1,1
153.123759200,1,0
153.123776600,1,1
153.123785200,1,0
153.123837200,1,1
153.123854600,1,0
153.123863200,1,1
153.123872000,1,0
153.123932600,1,1
153.123950000,1,0
153.123958600,1,1
153.123967200,1,0
153.124027800,1,1
153.124045200,1,0
153.124053800,1,1
153.124071200,1,0
153.124123200,1,1
153.124140600,1,0
153.124149200,1,1
153.124158000,1,0
153.124218400,1,1
153.124253200,1,0
153.124331200,1,1
153.124348600,1,0
153.124374400,1,1
153.124383200,1,0
153.124426400,1,1
153.124444000,1,0
153.124452400,1,1
153.124461200,1,0
153.124521800,1,1
153.124539200,1,0
153.124547800,1,1
153.124565200,1,0
153.124573800,1,1
153.124608600,1,0
153.124617200,1,1
153.124634600,1,0
153.124643200,1,1
153.124652000,1,0
153.124660400,1,1
153.124669200,1,0
153.124712400,1,1
153.124730000,1,0
153.124738400,1,1
153.124747200,1,0
153.124807800,1,1
153.124825200,1,0
153.124833800,1,1
153.124851200,1,0
153.124859800,1,1
153.124894600,1,0
153.124903200,1,1
153.124920600,1,0
153.124937800,1,1
153.124946600,1,0
153.124955200,1,1
153.124963800,1,0
153.124998400,1,1
153.125015800,1,0
153.125024400,1,1
153.125033200,1,0
153.125093800,1,1
153.125128600,1,0
153.125145800,1,1
153.125154600,1,0
153.125206400,1,1
153.125223800,1,0
153.125249800,1,1
153.125267200,1,0
153.125301800,1,1
153.125319200,1,0
153.125327800,1,1
153.125336400,1,0
153.125397000,1,1
153.125414400,1,0
153.125492400,1,1
153.125509800,1,0
153.125518400,1,1
153.125527200,1,0
153.125535800,1,1
153.125553200,1,0
153.125587800,1,1
153.125605200,1,0
153.125613800,1,1
153.125622400,1,0
153.125683000,1,1
153.125700400,1,0
153.125709000,1,1
153.125717800,1,0
153.125778400,1,1
153.125795800,1,0
153.125839000,1,1
153.125847800,1,0
153.125873600,1,1
153.125891200,1,0
153.125899600,1,1
153.125908400,1,0
153.125969000,1,1
153.126003800,1,0
153.126081600,1,1
153.126099200,1,0
153.126107600,1,1
153.126116400,1,0
153.126142400,1,1
153.126151000,1,0
153.126177000,1,1
153.126194400,1,0
153.126211600,1,1
153.126220400,1,0
153.126272400,1,1
153.126289800,1,0
153.126367600,1,1
153.126385000,1,0
153.126463000,1,1
153.126480400,1,0
153.126532400,1,1
153.126541000,1,0
153.126558400,1,1
153.126575800,1,0
153.126584400,1,1
153.126593000,1,0
153.126653600,1,1
153.126671000,1,0
153.126749000,1,1
153.126766400,1,0
153.126775000,1,1
153.126783800,1,0
153.126818200,1,1
153.126827000,1,0
153.126844200,1,1
153.126879000,1,0
153.126896200,1,1
153.126905000,1,0
153.126957000,1,1
153.126974400,1,0
153.127052200,1,1
153.127069600,1,0
153.127147600,1,1
153.127165000,1,0
153.127182200,1,1
153.127191000,1,0
153.127199600,1,1
153.127208400,1,0
153.127216800,1,1
153.127225600,1,0
153.127242800,1,1
153.127260400,1,0
153.127268800,1,1
153.127277600,1,0
153.127338200,1,1
153.127355600,1,0
153.127364200,1,1
153.127373000,1,0
153.127433600,1,1
153.127451000,1,0
153.127459600,1,1
153.127477000,1,0
153.127485600,1,1
153.127494200,1,0
153.127502800,1,1
153.127511600,1,0
153.127528800,1,1
153.127546200,1,0
153.127554800,1,1
153.127563600,1,0
153.127624200,1,1
153.127641600,1,0
153.127650200,1,1
153.127658800,1,0
153.127719400,1,1
153.127736800,1,0
153.127762800,1,1
153.127780200,1,0
153.127788800,1,1
153.127797600,1,0
153.127814800,1,1
153.127832200,1,0
153.127840800,1,1
153.127849600,1,0
153.127910200,1,1
153.127927600,1,0
153.127953400,1,1
153.127962200,1,0
153.128005400,1,1
153.128022800,1,0
153.128066000,1,1
153.128083600,1,0
153.128100800,1,1
153.128135400,1,0
153.128144000,1,1
153.128152800,1,0
153.128213400,1,1
153.128230800,1,0
153.128256800,1,1
153.128265400,1,0
153.128282600,1,1
153.128300200,1,0
153.128308600,1,1
153.128326200,1,0
153.128352000,1,1
153.128360800,1,0
153.128369400,1,1
153.128386800,1,0
153.128404000,1,1
153.128421400,1,0
153.128430000,1,1
153.128438800,1,0
153.128499400,1,1
153.128516800,1,0
153.128594600,1,1
153.128612000,1,0
153.128629200,1,1
153.128646800,1,0
153.128655200,1,1
153.128672800,1,0
153.128690000,1,1
153.128707400,1,0
153.128716000,1,1
153.128724800,1,0
153.128785200,1,1
153.128802800,1,0
153.128880600,1,1
153.128898000,1,0
153.128958600,1,1
153.128967400,1,0
153.128976000,1,1
153.129010600,1,0
153.129028000,1,1
153.129036600,1,0
153.129088600,1,1
153.129106000,1,0
153.129183800,1,1
153.129201400,1,0
153.129279200,1,1
153.129296600,1,0
153.129374600,1,1
153.129392000,1,0
153.129400600,1,1
153.129409200,1,0
153.129435200,1,1
153.129487200,1,0
153.129495800,1,1
153.129504600,1,0
153.129513200,1,1
153.129522000,1,0
153.129539200,1,1
153.129548000,1,0
153.129565200,1,1
153.130061400,0,1
153.130078600,1,1
153.130147800,0,1
153.130156600,1,1
153.130234400,0,1
153.130260400,1,1
153.130269000,0,1
153.130312200,1,1
153.130321000,0,1
153.130398800,1,1
153.130407400,0,1
153.130424800,1,1
153.130433400,0,1
153.130485400,1,1
153.130494000,0,1
153.130520000,1,1
153.130528600,0,1
153.130572000,1,1
153.130580600,0,1
153.130658400,1,1
153.130667200,0,1
153.130675800,1,1
153.130684400,0,1
153.130710400,1,1
153.130719000,0,1
153.130727600,1,1
153.130753600,0,1
153.130762200,1,1
153.130779600,0,1
153.130788200,1,1
153.130797000,0,1
153.130814200,1,1
153.152134600,1,0
153.152151800,1,1
153.152229800,1,0
153.152238400,1,1
153.152325200,1,0
153.152333800,1,1
153.152359800,1,0
153.152403000,1,1
153.152437800,1,0
153.152515800,1,1
153.152533200,1,0
153.152576400,1,1
153.152585200,1,0
153.152611000,1,1
153.152628400,1,0
153.152706400,1,1
153.152723800,1,0
153.152749800,1,1
153.152758400,1,0
153.152801800,1,1
153.152819200,1,0
153.152827800,1,1
153.152836400,1,0
153.152897000,1,1
153.152914400,1,0
153.152931800,1,1
153.152940400,1,0
153.152992400,1,1
153.153009800,1,0
153.153087600,1,1
153.153105200,1,0
153.153183000,1,1
153.153200400,1,0
153.153217600,1,1
153.153226400,1,0
153.153278400,1,1
153.153313000,1,0
153.153321600,1,1
153.153330400,1,0
153.153391000,1,1
153.153408400,1,0
153.153486200,1,1
153.153503800,1,0
153.153512200,1,1
153.153529800,1,0
153.153581600,1,1
153.153599000,1,0
153.153607600,1,1
153.153616400,1,0
153.153677000,1,1
153.153694400,1,0
153.153772200,1,1
153.153789800,1,0
153.153815600,1,1
153.153824400,1,0
153.153867600,1,1
153.153885000,1,0
153.153893600,1,1
153.153902400,1,0
153.153963000,1,1
153.153980400,1,0
153.154058200,1,1
153.154075600,1,0
153.154153600,1,1
153.154171000,1,0
153.154179600,1,1
153.154188400,1,0
153.154197000,1,1
153.154205600,1,0
153.154214200,1,1
153.154223000,1,0
153.154231600,1,1
153.154240400,1,0
153.154249000,1,1
153.154266400,1,0
153.154275000,1,1
153.154283600,1,0
153.154292200,1,1
153.154301000,1,0
153.154309600,1,1
153.154318400,1,0
153.154326800,1,1
153.154335600,1,0
153.154344200,1,1
153.154906400,0,1
153.154923600,1,1
153.154993000,0,1
153.155001600,1,1
153.155079400,0,1
153.155105400,1,1
153.155114000,0,1
153.155157400,1,1
153.155166000,0,1
153.155243800,1,1
153.155252600,0,1
153.155269800,1,1
153.155278400,0,1
153.155330400,1,1
153.155339000,0,1
153.155356400,1,1
153.155365000,0,1
153.155417000,1,1
153.155425600,0,1
153.155503400,1,1
153.155512200,0,1
153.155520800,1,1
153.155538000,0,1
153.155546800,1,1
153.155581400,0,1
153.155590000,1,1
153.155598600,0,1
153.155607400,1,1
153.155616000,0,1
153.155624600,1,1
153.155642000,0,1
153.155650600,1,1
153.155668000,0,1
153.155676600,1,1
153.177169200,1,0
153.177186400,1,1
153.177264400,1,0
153.177273000,1,1
153.177359800,1,0
153.177368400,1,1
153.177394400,1,0
153.177437600,1,1
153.177455000,1,0
153.177533000,1,1
153.177550400,1,0
153.177559000,1,1
153.177567800,1,0
153.177576200,1,1
153.177593800,1,0
153.177628200,1,1
153.177645800,1,0
153.177723600,1,1
153.177741000,1,0
153.177758200,1,1
153.177767000,1,0
153.177819000,1,1
153.177836400,1,0
153.177845000,1,1
153.177853600,1,0
153.177914200,1,1
153.177931600,1,0
153.177949000,1,1
153.177957600,1,0
153.178009600,1,1
153.178027000,1,0
153.178105000,1,1
153.178122400,1,0
153.178200200,1,1
153.178217600,1,0
153.178235000,1,1
153.178243600,1,0
153.178295600,1,1
153.178313000,1,0
153.178321600,1,1
153.178330400,1,0
153.178391000,1,1
153.178408400,1,0
153.178417000,1,1
153.178434400,1,0
153.178486200,1,1
153.178503600,1,0
153.178512200,1,1
153.178529600,1,0
153.178581600,1,1
153.178616200,1,0
153.178624800,1,1
153.178633600,1,0
153.178694200,1,1
153.178711600,1,0
153.178720200,1,1
153.178729000,1,0
153.178789400,1,1
153.178807000,1,0
153.178884800,1,1
153.178902200,1,0
153.178928200,1,1
153.178971600,1,0
153.178980200,1,1
153.178997600,1,0
153.179006200,1,1
153.179014800,1,0
153.179032200,1,1
153.179040800,1,0
153.179049400,1,1
153.179066800,1,0
153.179075400,1,1
153.179621600,0,1
153.179638800,1,1
153.179708200,0,1
153.179716800,1,1
153.179794600,0,1
153.179820600,1,1
153.179829200,0,1
153.179872600,1,1
153.179881200,0,1
153.179959000,1,1
153.179967800,0,1
153.179985000,1,1
153.179993800,0,1
153.180045600,1,1
153.180054200,0,1
153.180063000,1,1
153.180080200,0,1
153.180132200,1,1
153.180140800,0,1
153.180218600,1,1
153.180227400,0,1
153.180262000,1,1
153.180270600,0,1
153.180288000,1,1
153.180296600,0,1
153.180305200,1,1
153.180313800,0,1
153.180339800,1,1
153.180365800,0,1
153.180374400,1,1
153.180383200,0,1
153.180391800,1,1
153.202839800,1,0
153.202857000,1,1
153.202935200,1,0
153.202943800,1,1
153.203047800,1,0
153.203056400,1,1
153.203082600,1,0
153.203125800,1,1
153.203143200,1,0
153.203221000,1,1
153.203238600,1,0
153.203299000,1,1
153.203307800,1,0
153.203316400,1,1
153.203333800,1,0
153.203411800,1,1
153.203429200,1,0
153.203437800,1,1
153.203455200,1,0
153.203507000,1,1
153.203524600,1,0
153.203533000,1,1
153.203541800,1,0
153.203602400,1,1
153.203619800,1,0
153.203637200,1,1
153.203645800,1,0
153.203697800,1,1
153.203715200,1,0
153.203793200,1,1
153.203810600,1,0
153.203888400,1,1
153.203923200,1,0
153.203940400,1,1
153.203949200,1,0
153.204001200,1,1
153.204018600,1,0
153.204027200,1,1
153.204035800,1,0
153.204096400,1,1
153.204113800,1,0
153.204122400,1,1
153.204131200,1,0
153.204191800,1,1
153.204209200,1,0
153.204217800,1,1
153.204235200,1,0
153.204287200,1,1
153.204304600,1,0
153.204313200,1,1
153.204321800,1,0
153.204382400,1,1
153.204399800,1,0
153.204477800,1,1
153.204495200,1,0
153.204521200,1,1
153.204529800,1,0
153.204573200,1,1
153.204590600,1,0
153.204599200,1,1
153.204607800,1,0
153.204668400,1,1
153.204685800,1,0
153.204694400,1,1
153.204711800,1,0
153.204720400,1,1
153.204755200,1,0
153.204763800,1,1
153.204798600,1,0
153.204807000,1,1
153.204815800,1,0
153.204824400,1,1
153.204833200,1,0
153.204876400,1,1
153.204893800,1,0
153.204902400,1,1
153.204911200,1,0
153.204971800,1,1
153.204989200,1,0
153.204997800,1,1
153.205015200,1,0
153.205023800,1,1
153.205058600,1,0
153.205067000,1,1
153.205084600,1,0
153.205101800,1,1
153.205110600,1,0
153.205119000,1,1
153.205127800,1,0
153.205162400,1,1
153.205179800,1,0
153.205188400,1,1
153.205197200,1,0
153.205257800,1,1
153.205275200,1,0
153.205292400,1,1
153.205301200,1,0
153.205353000,1,1
153.205370400,1,0
153.205396400,1,1
153.205413800,1,0
153.205448400,1,1
153.205465800,1,0
153.205474400,1,1
153.205483200,1,0
153.205543800,1,1
153.205561200,1,0
153.205639000,1,1
153.205673800,1,0
153.205682400,1,1
153.205691200,1,0
153.205699800,1,1
153.205717200,1,0
153.205751800,1,1
153.205769200,1,0
153.205777800,1,1
153.205786600,1,0
153.205847000,1,1
153.205864600,1,0
153.205873000,1,1
153.205881800,1,0
153.205942400,1,1
153.205959800,1,0
153.206003000,1,1
153.206011800,1,0
153.206037800,1,1
153.206055200,1,0
153.206063800,1,1
153.206072600,1,0
153.206133000,1,1
153.206150600,1,0
153.206228400,1,1
153.206245800,1,0
153.206254400,1,1
153.206263200,1,0
153.206289000,1,1
153.206297800,1,0
153.206323800,1,1
153.206341200,1,0
153.206358400,1,1
153.206367200,1,0
153.206419000,1,1
153.206436400,1,0
153.206514400,1,1
153.206531800,1,0
153.206609800,1,1
153.206627200,1,0
153.206679000,1,1
153.206687800,1,0
153.206705000,1,1
153.206722400,1,0
153.206731000,1,1
153.206739800,1,0
153.206800400,1,1
153.206817800,1,0
153.206895600,1,1
153.206921800,1,0
153.206930400,1,1
153.206939200,1,0
153.206973600,1,1
153.206982400,1,0
153.206999600,1,1
153.207017200,1,0
153.207034400,1,1
153.207043200,1,0
153.207095000,1,1
153.207112400,1,0
153.207190400,1,1
153.207207800,1,0
153.207285600,1,1
153.207303000,1,0
153.207320400,1,1
153.207329000,1,0
153.207337600,1,1
153.207346400,1,0
153.207355000,1,1
153.207363800,1,0
153.207381000,1,1
153.207398400,1,0
153.207407000,1,1
153.207415800,1,0
153.207476400,1,1
153.207493800,1,0
153.207502400,1,1
153.207511200,1,0
153.207571600,1,1
153.207589200,1,0
153.207597600,1,1
153.207615200,1,0
153.207623600,1,1
153.207632400,1,0
153.207641000,1,1
153.207649800,1,0
153.207667000,1,1
153.207684400,1,0
153.207693000,1,1
153.207701800,1,0
153.207762400,1,1
153.207779800,1,0
153.207788400,1,1
153.207797000,1,0
153.207857600,1,1
153.207875000,1,0
153.207901000,1,1
153.207918400,1,0
153.207927000,1,1
153.207935800,1,0
153.207953000,1,1
153.207970400,1,0
153.207979000,1,1
153.207987800,1,0
153.208048200,1,1
153.208065800,1,0
153.208091600,1,1
153.208100400,1,0
153.208143600,1,1
153.208178400,1,0
153.208221600,1,1
153.208239000,1,0
153.208256200,1,1
153.208273600,1,0
153.208282200,1,1
153.208291000,1,0
153.208351600,1,1
153.208386400,1,0
153.208412200,1,1
153.208421000,1,0
153.208438200,1,1
153.208455600,1,0
153.208464200,1,1
153.208481600,1,0
153.208507600,1,1
153.208516400,1,0
153.208525000,1,1
153.208542400,1,0
153.208559600,1,1
153.208577000,1,0
153.208585600,1,1
153.208594400,1,0
153.208654800,1,1
153.208681000,1,0
153.208758800,1,1
153.208776200,1,0
153.208793600,1,1
153.208811000,1,0
153.208819600,1,1
153.208837000,1,0
153.208854200,1,1
153.208871600,1,0
153.208880200,1,1
153.208889000,1,0
153.208949600,1,1
153.208967000,1,0
153.209044800,1,1
153.209062200,1,0
153.209122800,1,1
153.209131600,1,0
153.209140200,1,1
153.209157600,1,0
153.209174800,1,1
153.209183600,1,0
153.209235400,1,1
153.209252800,1,0
153.209330800,1,1
153.209348200,1,0
153.209426200,1,1
153.209443600,1,0
153.209521400,1,1
153.209538800,1,0
153.209547400,1,1
153.209556200,1,0
153.209582000,1,1
153.209634200,1,0
153.209642800,1,1
153.209651400,1,0
153.209660000,1,1
153.209668800,1,0
153.209686000,1,1
153.209694800,1,0
153.209712000,1,1
153.210160800,0,1
153.210178200,1,1
153.210247400,0,1
153.210256000,1,1
153.210333800,0,1
153.210359800,1,1
153.210368600,0,1
153.210411800,1,1
153.210420400,0,1
153.210498400,1,1
153.210507000,0,1
153.210524200,1,1
153.210533000,0,1
153.210584800,1,1
153.210593600,0,1
153.210619400,1,1
153.210628200,0,1
153.210671400,1,1
153.210680000,0,1
153.210758000,1,1
153.210766600,0,1
153.210775200,1,1
153.210783800,0,1
153.210809800,1,1
153.210818400,0,1
153.210827200,1,1
153.210853200,0,1
153.210861800,1,1
153.210879000,0,1
153.210887800,1,1
153.210896400,0,1
153.210913600,1,1
153.232313800,1,0
153.232331200,1,1
153.232409200,1,0
153.232417800,1,1
153.232504600,1,0
153.232513200,1,1
153.232539200,1,0
153.232582400,1,1
153.232608600,1,0
153.232686400,1,1
153.232703800,1,0
153.232747200,1,1
153.232755800,1,0
153.232781800,1,1
153.232799200,1,0
153.232877200,1,1
153.232894600,1,0
153.232920400,1,1
153.232929200,1,0
153.232972400,1,1
153.232990000,1,0
153.232998400,1,1
153.233007200,1,0
153.233067800,1,1
153.233085200,1,0
153.233102400,1,1
153.233111200,1,0
153.233163200,1,1
153.233180600,1,0
153.233258400,1,1
153.233276000,1,0
153.233353800,1,1
153.233371200,1,0
153.233388400,1,1
153.233397200,1,0
153.233449200,1,1
153.233466600,1,0
153.233475200,1,1
153.233483800,1,0
153.233544400,1,1
153.233561800,1,0
153.233639800,1,1
153.233657200,1,0
153.233665800,1,1
153.233683200,1,0
153.233735200,1,1
153.233752600,1,0
153.233761200,1,1
153.233769800,1,0
153.233830400,1,1
153.233865200,1,0
153.233943200,1,1
153.233960600,1,0
153.233986400,1,1
153.233995200,1,0
153.234038400,1,1
153.234055800,1,0
153.234064400,1,1
153.234073200,1,0
153.234133800,1,1
153.234151200,1,0
153.234229200,1,1
153.234246600,1,0
153.234324400,1,1
153.234341800,1,0
153.234350400,1,1
153.234359200,1,0
153.234367800,1,1
153.234376600,1,0
153.234385200,1,1
153.234393800,1,0
153.234402400,1,1
153.234411200,1,0
153.234419800,1,1
153.234437200,1,0
153.234445800,1,1
153.234454600,1,0
153.234463200,1,1
153.234471800,1,0
153.234480400,1,1
153.234489200,1,0
153.234497800,1,1
153.234506600,1,0
153.234515200,1,1
153.235083800,0,1
153.235101000,1,1
153.235170200,0,1
153.235179000,1,1
153.235256800,0,1
153.235282800,1,1
153.235291400,0,1
153.235334600,1,1
153.235343400,0,1
153.235421200,1,1
153.235429800,0,1
153.235447200,1,1
153.235455800,0,1
153.235507800,1,1
153.235516400,0,1
153.235525000,1,1
153.235533800,0,1
153.235542400,1,1
153.235551000,0,1
153.235594200,1,1
153.235603000,0,1
153.235680800,1,1
153.235689400,0,1
153.235706800,1,1
153.235715400,0,1
153.235741400,1,1
153.235776000,0,1
153.235793400,1,1
153.235802000,0,1
153.235810600,1,1
153.257577800,1,0
153.257595000,1,1
153.257673200,1,0
153.257681800,1,1
153.257768400,1,0
153.257777000,1,1
153.257803200,1,0
153.257846400,1,1
153.257863800,1,0
153.257941800,1,1
153.257959200,1,0
153.257967800,1,1
153.257985200,1,0
153.257993800,1,1
153.258011200,1,0
153.258037200,1,1
153.258054600,1,0
153.258132400,1,1
153.258150000,1,0
153.258158400,1,1
153.258167200,1,0
153.258175800,1,1
153.258184600,1,0
153.258227800,1,1
153.258245200,1,0
153.258253800,1,1
153.258262600,1,0
153.258323200,1,1
153.258340600,1,0
153.258357800,1,1
153.258366600,1,0
153.258418400,1,1
153.258436000,1,0
153.258513800,1,1
153.258548600,1,0
153.258626400,1,1
153.258644000,1,0
153.258652400,1,1
153.258678600,1,0
153.258721800,1,1
153.258739200,1,0
153.258756400,1,1
153.258765200,1,0
153.258817200,1,1
153.258834600,1,0
153.258851800,1,1
153.258860600,1,0
153.258912600,1,1
153.258930000,1,0
153.258973200,1,1
153.258982000,1,0
153.258990600,1,1
153.259025200,1,0
153.259059800,1,1
153.259068600,1,0
153.259103200,1,1
153.259120600,1,0
153.259146600,1,1
153.259155200,1,0
153.259198600,1,1
153.259216000,1,0
153.259293800,1,1
153.259311400,1,0
153.259389200,1,1
153.259432600,1,0
153.259441200,1,1
153.259450000,1,0
153.259458600,1,1
153.259467400,1,0
153.259484600,1,1
153.259493400,1,0
153.259510600,1,1
153.259528000,1,0
153.259597200,1,1
153.259623400,1,0
153.259632000,1,1
153.259640600,1,0
153.259649200,1,1
153.259666600,1,0
153.259701200,1,1
153.259736000,1,0
153.259753200,1,1
153.259762000,1,0
153.259814000,1,1
153.259831400,1,0
153.259848600,1,1
153.259857400,1,0
153.259909200,1,1
153.259926800,1,0
153.259970000,1,1
153.259978800,1,0
153.259987400,1,1
153.260022000,1,0
153.260039400,1,1
153.260065400,1,0
153.260100000,1,1
153.260117400,1,0
153.260143400,1,1
153.260152200,1,0
153.260195400,1,1
153.260212800,1,0
153.260290800,1,1
153.260308200,1,0
153.260386000,1,1
153.260403600,1,0
153.260412000,1,1
153.260420800,1,0
153.260429400,1,1
153.260438200,1,0
153.260455400,1,1
153.260464200,1,0
153.260481400,1,1
153.260498800,1,0
153.260568200,1,1
153.260594200,1,0
153.260672200,1,1
153.260689600,1,0
153.260698200,1,1
153.260707000,1,0
153.260724200,1,1
153.260733000,1,0
153.260750200,1,1
153.260802400,1,0
153.260819600,1,1
153.260828400,1,0
153.260836800,1,1
153.260845600,1,0
153.260880200,1,1
153.261538400,0,1
153.261555600,1,1
153.261624800,0,1
153.261633600,1,1
153.261711400,0,1
153.261737400,1,1
153.261746000,0,1
153.261789400,1,1
153.261798000,0,1
153.261875800,1,1
153.261884600,0,1
153.261901800,1,1
153.261910400,0,1
153.261962400,1,1
153.261971000,0,1
153.261979600,1,1
153.261997000,0,1
153.262005600,1,1
153.262014400,0,1
153.262049000,1,1
153.262057600,0,1
153.262135400,1,1
153.262144200,0,1
153.262152800,1,1
153.262161400,0,1
153.262204600,1,1
153.262230600,0,1
153.262239400,1,1
153.262248000,0,1
153.262256600,1,1
153.262265200,0,1
153.262274000,1,1
153.287376400,1,0
153.287393600,1,1
153.287471800,1,0
153.287480200,1,1
153.287567000,1,0
153.287575600,1,1
153.287601800,1,0
153.287645000,1,1
153.287662400,1,0
153.287740200,1,1
153.287757800,1,0
153.287766200,1,1
153.287783800,1,0
153.287835600,1,1
153.287870400,1,0
153.287879000,1,1
153.287896400,1,0
153.287948200,1,1
153.287965600,1,0
153.287974200,1,1
153.287991600,1,0
153.288000200,1,1
153.288009000,1,0
153.288043600,1,1
153.288061000,1,0
153.288139000,1,1
153.288156400,1,0
153.288165000,1,1
153.288173600,1,0
153.288191000,1,1
153.288199600,1,0
153.288217000,1,1
153.288225600,1,0
153.288234200,1,1
153.288251600,1,0
153.288269000,1,1
153.288286400,1,0
153.288295000,1,1
153.288312400,1,0
153.288329600,1,1
153.940514600,0,1
153.940532000,1,1
153.940601200,0,1
153.940609800,1,1
153.940687600,0,1
153.940713600,1,1
153.940722400,0,1
153.940765600,1,1
153.940774200,0,1
153.940852200,1,1
153.940860800,0,1
153.940878000,1,1
153.940886800,0,1
153.940938600,1,1
153.942427200,0,1
153.942444400,1,1
153.942453000,0,1
153.942505000,1,1
153.942513600,0,1
153.942591600,1,1
153.942600200,0,1
153.942608800,1,1
153.942626200,0,1
153.942634800,1,1
153.942669400,0,1
153.942678000,1,1
153.942686800,0,1
153.942695400,1,1
153.942704000,0,1
153.942712600,1,1
153.942730000,0,1
153.942738600,1,1
153.942756000,0,1
153.942764600,1,1
153.964244000,1,0
153.964261200,1,1
153.964339400,1,0
153.964347800,1,1
153.964434600,1,0
153.964443200,1,1
153.964469200,1,0
153.964512400,1,1
153.964529800,1,0
153.964607800,1,1
153.964625200,1,0
153.964633800,1,1
153.964642400,1,0
153.964651000,1,1
153.964668400,1,0
153.964703000,1,1
153.964720400,1,0
153.964798200,1,1
153.964815600,1,0
153.964832800,1,1
153.964841600,1,0
153.964893600,1,1
153.964911000,1,0
153.964919400,1,1
153.964928200,1,0
153.964988800,1,1
153.965006200,1,0
153.965023400,1,1
153.965032200,1,0
153.965084000,1,1
153.965101400,1,0
153.965179400,1,1
153.965196800,1,0
153.965274600,1,1
153.965292000,1,0
153.965309200,1,1
153.965318000,1,0
153.965369800,1,1
153.965387200,1,0
153.965395800,1,1
153.965404600,1,0
153.965465200,1,1
153.965499800,1,0
153.965508400,1,1
153.965525800,1,0
153.965577800,1,1
153.965595200,1,0
153.965603600,1,1
153.965621200,1,0
153.965673000,1,1
153.965690400,1,0
153.965699000,1,1
153.965707800,1,0
153.965768200,1,1
153.965785600,1,0
153.965794200,1,1
153.965803000,1,0
153.965863400,1,1
153.965880800,1,0
153.965958800,1,1
153.965976200,1,0
153.966002000,1,1
153.966045400,1,0
153.966054000,1,1
153.966071400,1,0
153.966080000,1,1
153.966088800,1,0
153.966106000,1,1
153.966114800,1,0
153.966123200,1,1
153.966140600,1,0
153.966149200,1,1
153.968596200,0,1
153.968613400,1,1
153.968682800,0,1
153.968691400,1,1
153.968769200,0,1
153.968795200,1,1
153.968803800,0,1
153.968847200,1,1
153.968855800,0,1
153.968933600,1,1
153.968942400,0,1
153.968959600,1,1
153.968968200,0,1
153.969020200,1,1
153.969028800,0,1
153.969037600,1,1
153.969054800,0,1
153.969106800,1,1
153.969115400,0,1
153.969193200,1,1
153.969202000,0,1
153.969236600,1,1
153.969245200,0,1
153.969262600,1,1
153.969271200,0,1
153.969279800,1,1
153.969288400,0,1
153.969314400,1,1
153.969340400,0,1
153.969349000,1,1
153.969357800,0,1
153.969366400,1,1
153.995006400,1,0
153.995023600,1,1
153.995101600,1,0
153.995110200,1,1
153.995197000,1,0
153.995205600,1,1
153.995231600,1,0
153.995274800,1,1
153.995292200,1,0
153.995370000,1,1
153.995387400,1,0
153.995448000,1,1
153.995456800,1,0
153.995465400,1,1
153.995482800,1,0
153.995560600,1,1
153.995578000,1,0
153.995586600,1,1
153.995604000,1,0
153.995655800,1,1
153.995673200,1,0
153.995681800,1,1
153.995690600,1,0
153.995751200,1,1
153.995768600,1,0
153.995785800,1,1
153.995794600,1,0
153.995846400,1,1
153.995863800,1,0
153.995941600,1,1
153.995959000,1,0
153.996037000,1,1
153.996054400,1,0
153.996071600,1,1
153.996080400,1,0
153.996132200,1,1
153.996167000,1,0
153.996175400,1,1
153.996184200,1,0
153.996244800,1,1
153.996262200,1,0
153.996270800,1,1
153.996279600,1,0
153.996340000,1,1
153.996357400,1,0
153.996366000,1,1
153.996383400,1,0
153.996435400,1,1
153.996452800,1,0
153.996461400,1,1
153.996470000,1,0
153.996530600,1,1
153.996548000,1,0
153.996625800,1,1
153.996643200,1,0
153.996669200,1,1
153.996678000,1,0
153.996721200,1,1
153.996738600,1,0
153.996747200,1,1
153.996755800,1,0
153.996816400,1,1
153.996833800,1,0
153.996842400,1,1
153.996859800,1,0
153.996868400,1,1
153.996903000,1,0
153.996911600,1,1
153.996929000,1,0
153.996937600,1,1
153.996946400,1,0
153.996955000,1,1
153.996963600,1,0
153.997006800,1,1
153.997024400,1,0
153.997032800,1,1
153.997041600,1,0
153.997102200,1,1
153.997119600,1,0
153.997128200,1,1
153.997145600,1,0
153.997154200,1,1
153.997188800,1,0
153.997197400,1,1
153.997214800,1,0
153.997232000,1,1
153.997240800,1,0
153.997249400,1,1
153.997258200,1,0
153.997292800,1,1
153.997310200,1,0
153.997318600,1,1
153.997327400,1,0
153.997388000,1,1
153.997422800,1,0
153.997440000,1,1
153.997448600,1,0
153.997500600,1,1
153.997518000,1,0
153.997543800,1,1
153.997561200,1,0
153.997595800,1,1
153.997613200,1,0
153.997621800,1,1
153.997630600,1,0
153.997691200,1,1
153.997708600,1,0
153.997786400,1,1
153.997803800,1,0
153.997812400,1,1
153.997821200,1,0
153.997829600,1,1
153.997847200,1,0
153.997881600,1,1
153.997899000,1,0
153.997907600,1,1
153.997916400,1,0
153.997977000,1,1
153.997994400,1,0
153.998003000,1,1
153.998011600,1,0
153.998072200,1,1
153.998089600,1,0
153.998132800,1,1
153.998141600,1,0
153.998167400,1,1
153.998184800,1,0
153.998193400,1,1
153.998202200,1,0
153.998262800,1,1
153.998297400,1,0
153.998375400,1,1
153.998392800,1,0
153.998401400,1,1
153.998410000,1,0
153.998436000,1,1
153.998444800,1,0
153.998470600,1,1
153.998488000,1,0
153.998505200,1,1
153.998514000,1,0
153.998565800,1,1
153.998583400,1,0
153.998661200,1,1
153.998678600,1,0
153.998756400,1,1
153.998773800,1,0
153.998825600,1,1
153.998834400,1,0
153.998851600,1,1
153.998869000,1,0
153.998877600,1,1
153.998886400,1,0
153.998947000,1,1
153.998964400,1,0
153.999042200,1,1
153.999059600,1,0
153.999068200,1,1
153.999077000,1,0
153.999111400,1,1
153.999120200,1,0
153.999137400,1,1
153.999172200,1,0
153.999189400,1,1
153.999198200,1,0
153.999250000,1,1
153.999267400,1,0
153.999345400,1,1
153.999362800,1,0
153.999440600,1,1
153.999458000,1,0
153.999475200,1,1
153.999484000,1,0
153.999492600,1,1
153.999501400,1,0
153.999509800,1,1
153.999518600,1,0
153.999535800,1,1
153.999553200,1,0
153.999561800,1,1
153.999570600,1,0
153.999631200,1,1
153.999648600,1,0
153.999657200,1,1
153.999665800,1,0
153.999726400,1,1
153.999743800,1,0
153.999752400,1,1
153.999769800,1,0
153.999778400,1,1
153.999787200,1,0
153.999795800,1,1
153.999804400,1,0
153.999821600,1,1
153.999839200,1,0
153.999847600,1,1
153.999856400,1,0
153.999917000,1,1
153.999951800,1,0
153.999960200,1,1
153.999969000,1,0
154.000029600,1,1
154.000047000,1,0
154.000072800,1,1
154.000090200,1,0
154.000098800,1,1
154.000107600,1,0
154.000124800,1,1
154.000142200,1,0
154.000150800,1,1
154.000159600,1,0
154.000220000,1,1
154.000237600,1,0
154.000263400,1,1
154.000272200,1,0
154.000315400,1,1
154.000332800,1,0
154.000376000,1,1
154.000393400,1,0
154.000410600,1,1
154.000428000,1,0
154.000436600,1,1
154.000445400,1,0
154.000506000,1,1
154.000523400,1,0
154.000549200,1,1
154.000558000,1,0
154.000575200,1,1
154.000592600,1,0
154.000601200,1,1
154.000618600,1,0
154.000644400,1,1
154.000653200,1,0
154.000661800,1,1
154.000679200,1,0
154.000696400,1,1
154.000713800,1,0
154.000722400,1,1
154.000731200,1,0
154.000791800,1,1
154.000809200,1,0
154.000887000,1,1
154.000930400,1,0
154.000947600,1,1
154.000965000,1,0
154.000973600,1,1
154.000991000,1,0
154.001008200,1,1
154.001025600,1,0
154.001034200,1,1
154.001043000,1,0
154.001103400,1,1
154.001121000,1,0
154.001198800,1,1
154.001216200,1,0
154.001276800,1,1
154.001285400,1,0
154.001294000,1,1
154.001311400,1,0
154.001328800,1,1
154.001337400,1,0
154.001389400,1,1
154.001424000,1,0
154.001502000,1,1
154.001519400,1,0
154.001597200,1,1
154.001614600,1,0
154.001692400,1,1
154.001709800,1,0
154.001718400,1,1
154.001727200,1,0
154.001753200,1,1
154.001900400,1,0
154.001909000,1,1
154.001917800,1,0
154.001926400,1,1
154.001935000,1,0
154.001952400,1,1
154.001961000,1,0
154.001978400,1,1
154.002969000,0,1
154.002986400,1,1
154.003055600,0,1
154.003064200,1,1
154.003142200,0,1
154.003168000,1,1
154.003176800,0,1
154.003220000,1,1
154.003228600,0,1
154.003306600,1,1
154.003315200,0,1
154.003332400,1,1
154.003341200,0,1
154.003393000,1,1
154.003401800,0,1
154.003427600,1,1
154.003436400,0,1
154.003479600,1,1
154.003488200,0,1
154.003566200,1,1
154.003574800,0,1
154.003583400,1,1
154.003592000,0,1
154.003618000,1,1
154.003626800,0,1
154.003635400,1,1
154.003661400,0,1
154.003670000,1,1
154.003687200,0,1
154.003696000,1,1
154.003704600,0,1
154.003722000,1,1
154.024478200,1,0
154.024495400,1,1
154.024582200,1,0
154.024590800,1,1
154.024677400,1,0
154.024686000,1,1
154.024712000,1,0
154.024755200,1,1
154.024772600,1,0
154.024850600,1,1
154.024868000,1,0
154.024911200,1,1
154.024919800,1,0
154.024945800,1,1
154.024963200,1,0
154.025041000,1,1
154.025058400,1,0
154.025084200,1,1
154.025093000,1,0
154.025136200,1,1
154.025153600,1,0
154.025162200,1,1
154.025171000,1,0
154.025231600,1,1
154.025249000,1,0
154.025266200,1,1
154.025275000,1,0
154.025326800,1,1
154.025344200,1,0
154.025422000,1,1
154.025439400,1,0
154.025517200,1,1
154.025534800,1,0
154.025552000,1,1
154.025560600,1,0
154.025612600,1,1
154.025630000,1,0
154.025638600,1,1
154.025647200,1,0
154.025707800,1,1
154.025725200,1,0
154.025803000,1,1
154.025837800,1,0
154.025846400,1,1
154.025863800,1,0
154.025915600,1,1
154.025933000,1,0
154.025941600,1,1
154.025950400,1,0
154.026010800,1,1
154.026028200,1,0
154.026106200,1,1
154.026123600,1,0
154.026149400,1,1
154.026158200,1,0
154.026201400,1,1
154.026218800,1,0
154.026227400,1,1
154.026236200,1,0
154.026296600,1,1
154.026314000,1,0
154.026392000,1,1
154.026409400,1,0
154.026487200,1,1
154.026504600,1,0
154.026513200,1,1
154.026522000,1,0
154.026530400,1,1
154.026539200,1,0
154.026547800,1,1
154.026556600,1,0
154.026565200,1,1
154.026573800,1,0
154.026582400,1,1
154.026599800,1,0
154.026608400,1,1
154.026617200,1,0
154.026625800,1,1
154.026634600,1,0
154.026643000,1,1
154.026651800,1,0
154.026660400,1,1
154.026669200,1,0
154.026677800,1,1
154.027156400,0,1
154.027173600,1,1
154.027243000,0,1
154.027251600,1,1
154.027329400,0,1
154.027338000,1,1
154.027355400,0,1
154.027407400,1,1
154.027416000,0,1
154.027493800,1,1
154.027502600,0,1
154.027537200,1,1
154.027545800,0,1
154.027580400,1,1
154.027589000,0,1
154.027606400,1,1
154.027615000,0,1
154.027667000,1,1
154.027675600,0,1
154.027692800,1,1
154.027701600,0,1
154.027753400,1,1
154.027762200,0,1
154.027770800,1,1
154.027779400,0,1
154.027840000,1,1
154.027848600,0,1
154.027874600,1,1
154.027883200,0,1
154.027926600,1,1
154.027935200,0,1
154.027943800,1,1
154.027961200,0,1
154.028013000,1,1
154.028021800,0,1
154.028030400,1,1
154.028039000,0,1
154.028099600,1,1
154.028108200,0,1
154.028117000,1,1
154.028125600,0,1
154.028186200,1,1
154.028194800,0,1
154.028272800,1,1
154.028281400,0,1
154.028290000,1,1
154.028298600,0,1
154.028307400,1,1
154.028324600,0,1
154.028350600,1,1
154.028367800,0,1
154.028445800,1,1
154.049832200,1,0
154.049849400,1,1
154.049927400,1,0
154.049936000,1,1
154.050022800,1,0
154.050031200,1,1
154.050057400,1,0
154.050100600,1,1
154.050118000,1,0
154.050195800,1,1
154.050213400,1,0
154.050221800,1,1
154.050230600,1,0
154.050239200,1,1
154.050256600,1,0
154.050291200,1,1
154.050308600,1,0
154.050386400,1,1
154.050403800,1,0
154.050421200,1,1
154.050429800,1,0
154.050481800,1,1
154.050499200,1,0
154.050507800,1,1
154.050516400,1,0
154.050577000,1,1
154.050594400,1,0
154.050611600,1,1
154.050620400,1,0
154.050672400,1,1
154.050689800,1,0
154.050767600,1,1
154.050785000,1,0
154.050863000,1,1
154.050880400,1,0
154.050897600,1,1
154.050906400,1,0
154.050958200,1,1
154.050975600,1,0
154.050984200,1,1
154.050993000,1,0
154.051053600,1,1
154.051071000,1,0
154.051096800,1,1
154.051105600,1,0
154.051148800,1,1
154.051166200,1,0
154.051174800,1,1
154.051192200,1,0
154.051244000,1,1
154.051261600,1,0
154.051270000,1,1
154.051278800,1,0
154.051339400,1,1
154.051374200,1,0
154.051382600,1,1
154.051391400,1,0
154.051452000,1,1
154.051469400,1,0
154.051547200,1,1
154.051564600,1,0
154.051573200,1,1
154.051590600,1,0
154.051599200,1,1
154.051616600,1,0
154.051642600,1,1
154.051660000,1,0
154.051668600,1,1
154.051677200,1,0
154.051685800,1,1
154.051720600,1,0
154.051729200,1,1
154.950489800,0,1
154.950507000,1,1
154.950576400,0,1
154.950585000,1,1
154.950662800,0,1
154.950688800,1,1
154.950697400,0,1
154.950740800,1,1
154.950749400,0,1
154.950827200,1,1
154.950836000,0,1
154.950853200,1,1
154.950862000,0,1
154.950913800,1,1
154.950922400,0,1
154.950939800,1,1
154.950948400,0,1
154.951000400,1,1
154.951009000,0,1
154.951087000,1,1
154.951095600,0,1
154.951104200,1,1
154.951121600,0,1
154.951130200,1,1
154.951164800,0,1
154.951173400,1,1
154.951182000,0,1
154.951190800,1,1
154.951199400,0,1
154.951208000,1,1
154.951225400,0,1
154.951234000,1,1
154.951251400,0,1
154.951260000,1,1
154.971583800,1,0
154.971601000,1,1
154.971679000,1,0
154.971687600,1,1
154.971774200,1,0
154.971782800,1,1
154.971809000,1,0
154.971852200,1,1
154.971869600,1,0
154.971947400,1,1
154.971964800,1,0
154.971973400,1,1
154.971982200,1,0
154.971990800,1,1
154.972008200,1,0
154.972042600,1,1
154.972060000,1,0
154.972138000,1,1
154.972155400,1,0
154.972172600,1,1
154.972181400,1,0
154.972233200,1,1
154.972250600,1,0
154.972259200,1,1
154.972268000,1,0
154.972328400,1,1
154.972345800,1,0
154.972363200,1,1
154.972371800,1,0
154.972423800,1,1
154.972441200,1,0
154.972519000,1,1
154.972536400,1,0
154.972614200,1,1
154.972649000,1,0
154.972666200,1,1
154.972675000,1,0
154.972726800,1,1
154.972744400,1,0
154.972752800,1,1
154.972761600,1,0
154.972822200,1,1
154.972839600,1,0
154.972865400,1,1
154.972874200,1,0
154.972917400,1,1
154.972934800,1,0
154.972943400,1,1
154.972960800,1,0
154.973012800,1,1
154.973030200,1,0
154.973038800,1,1
154.973047400,1,0
154.973108000,1,1
154.973125400,1,0
154.973134000,1,1
154.973142800,1,0
154.973203200,1,1
154.973220600,1,0
154.973298600,1,1
154.973316000,1,0
154.973324600,1,1
154.973342000,1,0
154.973350600,1,1
154.973368000,1,0
154.973393800,1,1
154.973411200,1,0
154.973419800,1,1
154.973428600,1,0
154.973437200,1,1
154.973471800,1,0
154.973480400,1,1
154.973958800,0,1
154.973976200,1,1
154.974045400,0,1
154.974054000,1,1
154.974132000,0,1
154.974158000,1,1
154.974166600,0,1
154.974209800,1,1
154.974218400,0,1
154.974296400,1,1
154.974305000,0,1
154.974322400,1,1
154.974331000,0,1
154.974383000,1,1
154.974391600,0,1
154.974400200,1,1
154.974417600,0,1
154.974469400,1,1
154.974478200,0,1
154.974556000,1,1
154.974564600,0,1
154.974599200,1,1
154.974608000,0,1
154.974625200,1,1
154.974633800,0,1
154.974642600,1,1
154.974651200,0,1
154.974677200,1,1
154.974703000,0,1
154.974711800,1,1
154.974720400,0,1
154.974729000,1,1
154.997322800,1,0
154.997340000,1,1
154.997418000,1,0
154.997426600,1,1
154.997513400,1,0
154.997522000,1,1
154.997548000,1,0
154.997591200,1,1
154.997608600,1,0
154.997686400,1,1
154.997703800,1,0
154.997764400,1,1
154.997773200,1,0
154.997781800,1,1
154.997816400,1,0
154.997894200,1,1
154.997911800,1,0
154.997920200,1,1
154.997937600,1,0
154.997989600,1,1
154.998007000,1,0
154.998015600,1,1
154.998024200,1,0
154.998084800,1,1
154.998102200,1,0
154.998119400,1,1
154.998128200,1,0
154.998180000,1,1
154.998197600,1,0
154.998275400,1,1
154.998292800,1,0
154.998370600,1,1
154.998388000,1,0
154.998405200,1,1
154.998414000,1,0
154.998465800,1,1
154.998483400,1,0
154.998491800,1,1
154.998500600,1,0
154.998561200,1,1
154.998578600,1,0
154.998587200,1,1
154.998596000,1,0
154.998656400,1,1
154.998691200,1,0
154.998699800,1,1
154.998717200,1,0
154.998769000,1,1
154.998786400,1,0
154.998795000,1,1
154.998803800,1,0
154.998864200,1,1
154.998881600,1,0
154.998959600,1,1
154.998977000,1,0
154.999002800,1,1
154.999011600,1,0
154.999054800,1,1
154.999072200,1,0
154.999080800,1,1
154.999089600,1,0
154.999150000,1,1
154.999167400,1,0
154.999176000,1,1
154.999193400,1,0
154.999202000,1,1
154.999236800,1,0
154.999245400,1,1
154.999262800,1,0
154.999271400,1,1
154.999280000,1,0
154.999288600,1,1
154.999297400,1,0
154.999340600,1,1
154.999358000,1,0
154.999366600,1,1
154.999375400,1,0
154.999435800,1,1
154.999453200,1,0
154.999461800,1,1
154.999479200,1,0
154.999487800,1,1
154.999522600,1,0
154.999531200,1,1
154.999565800,1,0
154.999583000,1,1
154.999591800,1,0
154.999600400,1,1
154.999609200,1,0
154.999643600,1,1
154.999661200,1,0
154.999669600,1,1
154.999678400,1,0
154.999739000,1,1
154.999756400,1,0
154.999773600,1,1
154.999782400,1,0
154.999834200,1,1
154.999851600,1,0
154.999877600,1,1
154.999895000,1,0
154.999929400,1,1
154.999947000,1,0
154.999955400,1,1
154.999964200,1,0
155.000024800,1,1
155.000042200,1,0
155.000120000,1,1
155.000137400,1,0
155.000146000,1,1
155.000154800,1,0
155.000163400,1,1
155.000180800,1,0
155.000215200,1,1
155.000232800,1,0
155.000241200,1,1
155.000250000,1,0
155.000310600,1,1
155.000328000,1,0
155.000336600,1,1
155.000345400,1,0
155.000405800,1,1
155.000449200,1,0
155.000492400,1,1
155.000501200,1,0
155.000527000,1,1
155.000544400,1,0
155.000553000,1,1
155.000561800,1,0
155.000622400,1,1
155.000639800,1,0
155.000717600,1,1
155.000735000,1,0
155.000743600,1,1
155.000752400,1,0
155.000778200,1,1
155.000787000,1,0
155.000812800,1,1
155.000830200,1,0
155.000847400,1,1
155.000856200,1,0
155.000908200,1,1
155.000942800,1,0
155.001020800,1,1
155.001038200,1,0
155.001116000,1,1
155.001133400,1,0
155.001185200,1,1
155.001194000,1,0
155.001211200,1,1
155.001228600,1,0
155.001237200,1,1
155.001246000,1,0
155.001306600,1,1
155.001324000,1,0
155.001401800,1,1
155.001419200,1,0
155.001427800,1,1
155.001436600,1,0
155.001471000,1,1
155.001479800,1,0
155.001497000,1,1
155.001514400,1,0
155.001531600,1,1
155.001540400,1,0
155.001592200,1,1
155.001609800,1,0
155.001687600,1,1
155.001705000,1,0
155.001782800,1,1
155.001817600,1,0
155.001834800,1,1
155.001843600,1,0
155.001852000,1,1
155.001860800,1,0
155.001869400,1,1
155.001878200,1,0
155.001895400,1,1
155.001912800,1,0
155.001921400,1,1
155.001930200,1,0
155.001990600,1,1
155.002008000,1,0
155.002016600,1,1
155.002025400,1,0
155.002085800,1,1
155.002103400,1,0
155.002111800,1,1
155.002129200,1,0
155.002137800,1,1
155.002146600,1,0
155.002155200,1,1
155.002164000,1,0
155.002181200,1,1
155.002215800,1,0
155.002224400,1,1
155.002233200,1,0
155.002293800,1,1
155.002319800,1,0
155.002328400,1,1
155.002337200,1,0
155.002397600,1,1
155.002458400,1,0
155.002484200,1,1
155.002501600,1,0
155.002510200,1,1
155.002519000,1,0
155.002536200,1,1
155.002571000,1,0
155.002579400,1,1
155.002588200,1,0
155.002648800,1,1
155.002666200,1,0
155.002692000,1,1
155.002700800,1,0
155.002744000,1,1
155.002761400,1,0
155.002804600,1,1
155.002822000,1,0
155.002839200,1,1
155.002856600,1,0
155.002865200,1,1
155.002874000,1,0
155.002934600,1,1
155.002952000,1,0
155.002977800,1,1
155.002986600,1,0
155.003003800,1,1
155.003021200,1,0
155.003029800,1,1
155.003047200,1,0
155.003073200,1,1
155.003081800,1,0
155.003090400,1,1
155.003107800,1,0
155.003125000,1,1
155.003142400,1,0
155.003151000,1,1
155.003159800,1,0
155.003220400,1,1
155.003237800,1,0
155.003315600,1,1
155.003333000,1,0
155.003350200,1,1
155.003367600,1,0
155.003376200,1,1
155.003393600,1,0
155.003410800,1,1
155.003445600,1,0
155.003454200,1,1
155.003463000,1,0
155.003523400,1,1
155.003541000,1,0
155.003618800,1,1
155.003636200,1,0
155.003696600,1,1
155.003705400,1,0
155.003714000,1,1
155.003731400,1,0
155.003748600,1,1
155.003757400,1,0
155.003809200,1,1
155.003826600,1,0
155.003904600,1,1
155.003922000,1,0
155.003999800,1,1
155.004017200,1,0
155.004095000,1,1
155.004112400,1,0
155.004121000,1,1
155.004129800,1,0
155.004155600,1,1
155.004207800,1,0
155.004216200,1,1
155.004225000,1,0
155.004233600,1,1
155.004242400,1,0
155.004259600,1,1
155.004268400,1,0
155.004285600,1,1
155.004705800,0,1
155.004723000,1,1
155.004792400,0,1
155.004801000,1,1
155.004878800,0,1
155.004904800,1,1
155.004913400,0,1
155.004956800,1,1
155.004965400,0,1
155.005043200,1,1
155.005052000,0,1
155.005069200,1,1
155.005077800,0,1
155.005129800,1,1
155.005138400,0,1
155.005164400,1,1
155.005173000,0,1
155.005216400,1,1
155.005225000,0,1
155.005302800,1,1
155.005311600,0,1
155.005320200,1,1
155.005328800,0,1
155.005354800,1,1
155.005363400,0,1
155.005372200,1,1
155.005398000,0,1
155.005406800,1,1
155.005424000,0,1
155.005432600,1,1
155.005441400,0,1
155.005458600,1,1
155.026788400,1,0
155.026805600,1,1
155.026883600,1,0
155.026892200,1,1
155.026987600,1,0
155.026996200,1,1
155.027022200,1,0
155.027065400,1,1
155.027082800,1,0
155.027160800,1,1
155.027178200,1,0
155.027221400,1,1
155.027230200,1,0
155.027256000,1,1
155.027273400,1,0
155.027351200,1,1
155.027368600,1,0
155.027394600,1,1
155.027403400,1,0
155.027446600,1,1
155.027464000,1,0
155.027472600,1,1
155.027481200,1,0
155.027541800,1,1
155.027559200,1,0
155.027576400,1,1
155.027585200,1,0
155.027637000,1,1
155.027654400,1,0
155.027732400,1,1
155.027749800,1,0
155.027827600,1,1
155.027862400,1,0
155.027879600,1,1
155.027888400,1,0
155.027940200,1,1
155.027957600,1,0
155.027966200,1,1
155.027975000,1,0
155.028035400,1,1
155.028052800,1,0
155.028130800,1,1
155.028148200,1,0
155.028156800,1,1
155.028174200,1,0
155.028226000,1,1
155.028243400,1,0
155.028252000,1,1
155.028260800,1,0
155.028321400,1,1
155.028338800,1,0
155.028416600,1,1
155.028434000,1,0
155.028459800,1,1
155.028468600,1,0
155.028511800,1,1
155.028529200,1,0
155.028537800,1,1
155.028546600,1,0
155.028607200,1,1
155.028624600,1,0
155.028702400,1,1
155.028737200,1,0
155.028815000,1,1
155.028832400,1,0
155.028841000,1,1
155.028849800,1,0
155.028858200,1,1
155.028867000,1,0
155.028875600,1,1
155.028884400,1,0
155.028893000,1,1
155.028901600,1,0
155.028910200,1,1
155.028927600,1,0
155.028936200,1,1
155.028945000,1,0
155.028953600,1,1
155.028962400,1,0
155.028970800,1,1
155.028979600,1,0
155.028988200,1,1
155.028997000,1,0
155.029005600,1,1
155.978525400,0,1
155.978542600,1,1
155.978612000,0,1
155.978620600,1,1
155.978698400,0,1
155.978724400,1,1
155.978733000,0,1
155.978776400,1,1
155.978785000,0,1
155.978862800,1,1
155.978871600,0,1
155.978888800,1,1
155.978897400,0,1
155.978949400,1,1
155.978958000,0,1
155.978975400,1,1
155.978984000,0,1
155.979036000,1,1
155.979044600,0,1
155.979122400,1,1
155.979131200,0,1
155.979139800,1,1
155.979157200,0,1
155.979165800,1,1
155.979200400,0,1
155.979209000,1,1
155.979217600,0,1
155.979226400,1,1
155.979235000,0,1
155.979243600,1,1
155.979261000,0,1
155.979269600,1,1
155.979287000,0,1
155.979295600,1,1
156.004257000,1,0
156.004274200,1,1
156.004352200,1,0
156.004360800,1,1
156.004456200,1,0
156.004464600,1,1
156.004490800,1,0
156.004534000,1,1
156.004551400,1,0
156.004629200,1,1
156.004646600,1,0
156.004655200,1,1
156.004664000,1,0
156.004672600,1,1
156.004690000,1,0
156.004724600,1,1
156.004742000,1,0
156.004819800,1,1
156.004837200,1,0
156.004854400,1,1
156.004863200,1,0
156.004915000,1,1
156.004932400,1,0
156.004941000,1,1
156.004949800,1,0
156.005010400,1,1
156.005027800,1,0
156.005045000,1,1
156.005053800,1,0
156.005105600,1,1
156.005131600,1,0
156.005209600,1,1
156.005227000,1,0
156.005304800,1,1
156.005330800,1,0
156.005348200,1,1
156.005356800,1,0
156.005408800,1,1
156.005426200,1,0
156.005434800,1,1
156.005443400,1,0
156.005504000,1,1
156.005521400,1,0
156.005547400,1,1
156.005556000,1,0
156.005599200,1,1
156.005616800,1,0
156.005625200,1,1
156.005642600,1,0
156.005694600,1,1
156.005712000,1,0
156.005720600,1,1
156.005729400,1,0
156.005789800,1,1
156.005807200,1,0
156.005815800,1,1
156.005824600,1,0
156.005885200,1,1
156.005902600,1,0
156.005980400,1,1
156.005997800,1,0
156.006006400,1,1
156.006023800,1,0
156.006032400,1,1
156.006049800,1,0
156.006075600,1,1
156.006093200,1,0
156.006101600,1,1
156.006110400,1,0
156.006119000,1,1
156.006153800,1,0
156.006162400,1,1
156.006754000,0,1
156.006771400,1,1
156.006840600,0,1
156.006849200,1,1
156.006927200,0,1
156.006953000,1,1
156.006961800,0,1
156.007005000,1,1
156.007013600,0,1
156.007091600,1,1
156.007100200,0,1
156.007117400,1,1
156.007126200,0,1
156.007178000,1,1
156.007186800,0,1
156.007195400,1,1
156.007212600,0,1
156.007264600,1,1
156.007273200,0,1
156.007351200,1,1
156.007359800,0,1
156.007394400,1,1
156.007403000,0,1
156.007420400,1,1
156.007429000,0,1
156.007437600,1,1
156.007446400,0,1
156.007472200,1,1
156.007498200,0,1
156.007507000,1,1
156.007515600,0,1
156.007524200,1,1
156.029922400,1,0
156.029939600,1,1
156.030017600,1,0
156.030026200,1,1
156.030130200,1,0
156.030138800,1,1
156.030164800,1,0
156.030208000,1,1
156.030225600,1,0
156.030303400,1,1
156.030320800,1,0
156.030381400,1,1
156.030390000,1,0
156.030398600,1,1
156.030416000,1,0
156.030494000,1,1
156.030511400,1,0
156.030519800,1,1
156.030537200,1,0
156.030589200,1,1
156.030606600,1,0
156.030615200,1,1
156.030624000,1,0
156.030684400,1,1
156.030701800,1,0
156.030719200,1,1
156.030727800,1,0
156.030779800,1,1
156.030797200,1,0
156.030875000,1,1
156.030892400,1,0
156.030970400,1,1
156.031005000,1,0
156.031022200,1,1
156.031031000,1,0
156.031083000,1,1
156.031100400,1,0
156.031109000,1,1
156.031117600,1,0
156.031178200,1,1
156.031195600,1,0
156.031204200,1,1
156.031213000,1,0
156.031273400,1,1
156.031291000,1,0
156.031299400,1,1
156.031316800,1,0
156.031368800,1,1
156.031386200,1,0
156.031394800,1,1
156.031403600,1,0
156.031464000,1,1
156.031481400,1,0
156.031559400,1,1
156.031576800,1,0
156.031602600,1,1
156.031611400,1,0
156.031654600,1,1
156.031672000,1,0
156.031680600,1,1
156.031689400,1,0
156.031750000,1,1
156.031767400,1,0
156.031775800,1,1
156.031793400,1,0
156.031801800,1,1
156.031836600,1,0
156.031845200,1,1
156.031880000,1,0
156.031888600,1,1
156.031897200,1,0
156.031905800,1,1
156.031914600,1,0
156.031957800,1,1
156.031975200,1,0
156.031983800,1,1
156.031992600,1,0
156.032053000,1,1
156.032070600,1,0
156.032079000,1,1
156.032096400,1,0
156.032105000,1,1
156.032139800,1,0
156.032148400,1,1
156.032165800,1,0
156.032183000,1,1
156.032191800,1,0
156.032200400,1,1
156.032209000,1,0
156.032243600,1,1
156.032261000,1,0
156.032269600,1,1
156.032278400,1,0
156.032338800,1,1
156.032356400,1,0
156.032373600,1,1
156.032382200,1,0
156.032434200,1,1
156.032451600,1,0
156.032477400,1,1
156.032494800,1,0
156.032529400,1,1
156.032546800,1,0
156.032555400,1,1
156.032564200,1,0
156.032624600,1,1
156.032642200,1,0
156.032720000,1,1
156.032754800,1,0
156.032763200,1,1
156.032772000,1,0
156.032780600,1,1
156.032798000,1,0
156.032832600,1,1
156.032850000,1,0
156.032858600,1,1
156.032867400,1,0
156.032927800,1,1
156.032945200,1,0
156.032953800,1,1
156.032962600,1,0
156.033023200,1,1
156.033040600,1,0
156.033083800,1,1
156.033092600,1,0
156.033118400,1,1
156.033231200,1,0
156.033239600,1,1
156.033248400,1,0
156.033309000,1,1
156.033326400,1,0
156.033404200,1,1
156.033421600,1,0
156.033430200,1,1
156.033439000,1,0
156.033464800,1,1
156.033473600,1,0
156.033499600,1,1
156.033517000,1,0
156.033534200,1,1
156.033543000,1,0
156.033594800,1,1
156.033612200,1,0
156.033690000,1,1
156.033707400,1,0
156.033785400,1,1
156.033802800,1,0
156.033854600,1,1
156.033863400,1,0
156.033880600,1,1
156.033898000,1,0
156.033906600,1,1
156.033915400,1,0
156.033976000,1,1
156.034010600,1,0
156.034088400,1,1
156.034106000,1,0
156.034114400,1,1
156.034123200,1,0
156.034157800,1,1
156.034166600,1,0
156.034183800,1,1
156.034201200,1,0
156.034218400,1,1
156.034227200,1,0
156.034279000,1,1
156.034296400,1,0
156.034374400,1,1
156.034391800,1,0
156.034469600,1,1
156.034487000,1,0
156.034504200,1,1
156.034513000,1,0
156.034521600,1,1
156.034530200,1,0
156.034538800,1,1
156.034547600,1,0
156.034564800,1,1
156.034582200,1,0
156.034590800,1,1
156.034599600,1,0
156.034660000,1,1
156.034677400,1,0
156.034686000,1,1
156.034694800,1,0
156.034755400,1,1
156.034772800,1,0
156.034781400,1,1
156.034798800,1,0
156.034807200,1,1
156.034816000,1,0
156.034824600,1,1
156.034833400,1,0
156.034850600,1,1
156.034885400,1,0
156.034893800,1,1
156.034902600,1,0
156.034963200,1,1
156.034980600,1,0
156.034989200,1,1
156.034998000,1,0
156.035058400,1,1
156.035075800,1,0
156.035101800,1,1
156.035119200,1,0
156.035127800,1,1
156.035136400,1,0
156.035153800,1,1
156.035171200,1,0
156.035179800,1,1
156.035188400,1,0
156.035249000,1,1
156.035266400,1,0
156.035292200,1,1
156.035301000,1,0
156.035344200,1,1
156.035361600,1,0
156.035404800,1,1
156.035422200,1,0
156.035439600,1,1
156.035457000,1,0
156.035465600,1,1
156.035474200,1,0
156.035534800,1,1
156.035552200,1,0
156.035578000,1,1
156.035586800,1,0
156.035604000,1,1
156.035621400,1,0
156.035630000,1,1
156.035647400,1,0
156.035673400,1,1
156.035682200,1,0
156.035690600,1,1
156.035708200,1,0
156.035725400,1,1
156.035760000,1,0
156.035768600,1,1
156.035777400,1,0
156.035838000,1,1
156.035855400,1,0
156.035933200,1,1
156.035950600,1,0
156.035967800,1,1
156.035985200,1,0
156.035993800,1,1
156.036011200,1,0
156.036028600,1,1
156.036046000,1,0
156.036054400,1,1
156.036063200,1,0
156.036123800,1,1
156.036141200,1,0
156.036219000,1,1
156.036236600,1,0
156.036297000,1,1
156.036305800,1,0
156.036314400,1,1
156.036331800,1,0
156.036349000,1,1
156.036357800,1,0
156.036409600,1,1
156.036427000,1,0
156.036505000,1,1
156.036522400,1,0
156.036600200,1,1
156.036643600,1,0
156.036721400,1,1
156.036738800,1,0
156.036747400,1,1
156.036756200,1,0
156.036782000,1,1
156.036834200,1,0
156.036842800,1,1
156.036851400,1,0
156.036860000,1,1
156.036868800,1,0
156.036886000,1,1
156.036894800,1,0
156.036912000,1,1
156.037388400,0,1
156.037405800,1,1
156.037475000,0,1
156.037483600,1,1
156.037561600,0,1
156.037587400,1,1
156.037596200,0,1
156.037639400,1,1
156.037648000,0,1
156.037726000,1,1
156.037734600,0,1
156.037752000,1,1
156.037760600,0,1
156.037812400,1,1
156.037821200,0,1
156.037847000,1,1
156.037855800,0,1
156.037899000,1,1
156.037907600,0,1
156.037985600,1,1
156.037994200,0,1
156.038002800,1,1
156.038011600,0,1
156.038037400,1,1
156.038046200,0,1
156.038054800,1,1
156.038080800,0,1
156.038089400,1,1
156.038106800,0,1
156.038115400,1,1
156.038124000,0,1
156.038141400,1,1
156.059435000,1,0
156.059452200,1,1
156.059530200,1,0
156.059538800,1,1
156.059625600,1,0
156.059634200,1,1
156.059660200,1,0
156.059703400,1,1
156.059720800,1,0
156.059798800,1,1
156.059816200,1,0
156.059859400,1,1
156.059868200,1,0
156.059894000,1,1
156.059920200,1,0
156.059998000,1,1
156.060015400,1,0
156.060041200,1,1
156.060050000,1,0
156.060093200,1,1
156.060110600,1,0
156.060119200,1,1
156.060128000,1,0
156.060188600,1,1
156.060206000,1,0
156.060223200,1,1
156.060232000,1,0
156.060283800,1,1
156.060301200,1,0
156.060379200,1,1
156.060396600,1,0
156.060474400,1,1
156.060491800,1,0
156.060509200,1,1
156.060517800,1,0
156.060569800,1,1
156.060587200,1,0
156.060595800,1,1
156.060604600,1,0
156.060665000,1,1
156.060682400,1,0
156.060760400,1,1
156.060777800,1,0
156.060786400,1,1
156.060803800,1,0
156.060855600,1,1
156.060873000,1,0
156.060881600,1,1
156.060890400,1,0
156.060951000,1,1
156.060968400,1,0
156.061046200,1,1
156.061063600,1,0
156.061089600,1,1
156.061098400,1,0
156.061141600,1,1
156.061185000,1,0
156.061193600,1,1
156.061202200,1,0
156.061262800,1,1
156.061280200,1,0
156.061358200,1,1
156.061375600,1,0
156.061453400,1,1
156.061470800,1,0
156.061479400,1,1
156.061488200,1,0
156.061496800,1,1
156.061505400,1,0
156.061514000,1,1
156.061522800,1,0
156.061531400,1,1
156.061540200,1,0
156.061548600,1,1
156.061566200,1,0
156.061574600,1,1
156.061583400,1,0
156.061592000,1,1
156.061600800,1,0
156.061609400,1,1
156.061618000,1,0
156.061626600,1,1
156.061635400,1,0
156.061644000,1,1
157.010784000,0,1
157.010801400,1,1
157.010870600,0,1
157.010879200,1,1
157.010957000,0,1
157.010983000,1,1
157.010991600,0,1
157.011035000,1,1
157.011043600,0,1
157.011121400,1,1
157.011130200,0,1
157.011147400,1,1
157.011156200,0,1
157.011208000,1,1
157.011216600,0,1
157.011234000,1,1
157.011242600,0,1
157.011294600,1,1
157.011303200,0,1
157.011381200,1,1
157.011389800,0,1
157.011398400,1,1
157.011415800,0,1
157.011424400,1,1
157.011459000,0,1
157.011467600,1,1
157.011476400,0,1
157.011485000,1,1
157.011493600,0,1
157.011502200,1,1
157.011519600,0,1
157.011528200,1,1
157.011545600,0,1
157.011554200,1,1
157.032198800,1,0
157.032216000,1,1
157.032294000,1,0
157.032302600,1,1
157.032389400,1,0
157.032398000,1,1
157.032424000,1,0
157.032467400,1,1
157.032493400,1,0
157.032571400,1,1
157.032588800,1,0
157.032597400,1,1
157.032606200,1,0
157.032614600,1,1
157.032632200,1,0
157.032666600,1,1
157.032684200,1,0
157.032762000,1,1
157.032779400,1,0
157.032796800,1,1
157.032805400,1,0
157.032857400,1,1
157.032874800,1,0
157.032883400,1,1
157.032892200,1,0
157.032952800,1,1
157.032970200,1,0
157.032987400,1,1
157.032996200,1,0
157.033048000,1,1
157.033065600,1,0
157.033143400,1,1
157.033160800,1,0
157.033238800,1,1
157.033256200,1,0
157.033273400,1,1
157.033282200,1,0
157.033334000,1,1
157.033351600,1,0
157.033360000,1,1
157.033368800,1,0
157.033429400,1,1
157.033446800,1,0
157.033472800,1,1
157.033481600,1,0
157.033524800,1,1
157.033542200,1,0
157.033550800,1,1
157.033568200,1,0
157.033620200,1,1
157.033637600,1,0
157.033646200,1,1
157.033655000,1,0
157.033715400,1,1
157.033750200,1,0
157.033758800,1,1
157.033767600,1,0
157.033828200,1,1
157.033845600,1,0
157.033923600,1,1
157.033941000,1,0
157.033949600,1,1
157.033967000,1,0
157.033975600,1,1
157.033993000,1,0
157.034018800,1,1
157.034036400,1,0
157.034044800,1,1
157.034053600,1,0
157.034062200,1,1
157.034097000,1,0
157.034105600,1,1
157.034737600,0,1
157.034755000,1,1
157.034824200,0,1
157.034832800,1,1
157.034910800,0,1
157.034936800,1,1
157.034945400,0,1
157.034988600,1,1
157.034997400,0,1
157.035075200,1,1
157.035083800,0,1
157.035101200,1,1
157.035109800,0,1
157.035161800,1,1
157.035170400,0,1
157.035179000,1,1
157.035196400,0,1
157.035248200,1,1
157.035257000,0,1
157.035334800,1,1
157.035343400,0,1
157.035378000,1,1
157.035386800,0,1
157.035404000,1,1
157.035412600,0,1
157.035421400,1,1
157.035430000,0,1
157.035456000,1,1
157.035482000,0,1
157.035490600,1,1
157.035499200,0,1
157.035507800,1,1
157.057984200,1,0
157.058001400,1,1
157.058079600,1,0
157.058088200,1,1
157.058183600,1,0
157.058192200,1,1
157.058218200,1,0
157.058261400,1,1
157.058278800,1,0
157.058356800,1,1
157.058374200,1,0
157.058434800,1,1
157.058443600,1,0
157.058452200,1,1
157.058469600,1,0
157.058547400,1,1
157.058564800,1,0
157.058573400,1,1
157.058591000,1,0
157.058642800,1,1
157.058660200,1,0
157.058668800,1,1
157.058677600,1,0
157.058738200,1,1
157.058755600,1,0
157.058772800,1,1
157.058781600,1,0
157.058833400,1,1
157.058851000,1,0
157.058928800,1,1
157.058946200,1,0
157.059024200,1,1
157.059059000,1,0
157.059076200,1,1
157.059085000,1,0
157.059136800,1,1
157.059154200,1,0
157.059162800,1,1
157.059171600,1,0
157.059232200,1,1
157.059249600,1,0
157.059258200,1,1
157.059266800,1,0
157.059327400,1,1
157.059344800,1,0
157.059353400,1,1
157.059370800,1,0
157.059422800,1,1
157.059440200,1,0
157.059448800,1,1
157.059457600,1,0
157.059518200,1,1
157.059535600,1,0
157.059613400,1,1
157.059630800,1,0
157.059656800,1,1
157.059665600,1,0
157.059708800,1,1
157.059726200,1,0
157.059734800,1,1
157.059743600,1,0
157.059804200,1,1
157.059821600,1,0
157.059830200,1,1
157.059847600,1,0
157.059856200,1,1
157.059890800,1,0
157.059899400,1,1
157.059916800,1,0
157.059925400,1,1
157.059934200,1,0
157.059942800,1,1
157.059951600,1,0
157.059994800,1,1
157.060012200,1,0
157.060020800,1,1
157.060029600,1,0
157.060090000,1,1
157.060107600,1,0
157.060116000,1,1
157.060133600,1,0
157.060142000,1,1
157.060176800,1,0
157.060185400,1,1
157.060202800,1,0
157.060220000,1,1
157.060228800,1,0
157.060237400,1,1
157.060246200,1,0
157.060280800,1,1
157.060315400,1,0
157.060324000,1,1
157.060332800,1,0
157.060393400,1,1
157.060410800,1,0
157.060428000,1,1
157.060436800,1,0
157.060488800,1,1
157.060506200,1,0
157.060532000,1,1
157.060549400,1,0
157.060584000,1,1
157.060601400,1,0
157.060610000,1,1
157.060618800,1,0
157.060679400,1,1
157.060696800,1,0
157.060774800,1,1
157.060792200,1,0
157.060800800,1,1
157.060809400,1,0
157.060818000,1,1
157.060835400,1,0
157.060870000,1,1
157.060887400,1,0
157.060896000,1,1
157.060904800,1,0
157.060965400,1,1
157.060982800,1,0
157.060991400,1,1
157.061000200,1,0
157.061060800,1,1
157.061078200,1,0
157.061121400,1,1
157.061130200,1,0
157.061156000,1,1
157.061190800,1,0
157.061199400,1,1
157.061208200,1,0
157.061268800,1,1
157.061286200,1,0
157.061364000,1,1
157.061381600,1,0
157.061390000,1,1
157.061398800,1,0
157.061424800,1,1
157.061433600,1,0
157.061459400,1,1
157.061476800,1,0
157.061494000,1,1
157.061502800,1,0
157.061554800,1,1
157.061572200,1,0
157.061650200,1,1
157.061667600,1,0
157.061745400,1,1
157.061762800,1,0
157.061814800,1,1
157.061823600,1,0
157.061840800,1,1
157.061858200,1,0
157.061866800,1,1
157.061875600,1,0
157.061936200,1,1
157.061953600,1,0
157.062031600,1,1
157.062066200,1,0
157.062074800,1,1
157.062083600,1,0
157.062118200,1,1
157.062127000,1,0
157.062144200,1,1
157.062161600,1,0
157.062178800,1,1
157.062187600,1,0
157.062239600,1,1
157.062257000,1,0
157.062334800,1,1
157.062352400,1,0
157.062430200,1,1
157.062447600,1,0
157.062465000,1,1
157.062473600,1,0
157.062482200,1,1
157.062491000,1,0
157.062499600,1,1
157.062508400,1,0
157.062525600,1,1
157.062543000,1,0
157.062551600,1,1
157.062560400,1,0
157.062621000,1,1
157.062638400,1,0
157.062647000,1,1
157.062655800,1,0
157.062716400,1,1
157.062733800,1,0
157.062742400,1,1
157.062759800,1,0
157.062768400,1,1
157.062777000,1,0
157.062785600,1,1
157.062794400,1,0
157.062811600,1,1
157.062829000,1,0
157.062837600,1,1
157.062846400,1,0
157.062907000,1,1
157.062924400,1,0
157.062933000,1,1
157.062941800,1,0
157.063002400,1,1
157.063019800,1,0
157.063045600,1,1
157.063063200,1,0
157.063071600,1,1
157.063080400,1,0
157.063097800,1,1
157.063115200,1,0
157.063123800,1,1
157.063132400,1,0
157.063193000,1,1
157.063210400,1,0
157.063236400,1,1
157.063245200,1,0
157.063288400,1,1
157.063323200,1,0
157.063366400,1,1
157.063383800,1,0
157.063401000,1,1
157.063418600,1,0
157.063427000,1,1
157.063435800,1,0
157.063496400,1,1
157.063513800,1,0
157.063539800,1,1
157.063548600,1,0
157.063565800,1,1
157.063583200,1,0
157.063591800,1,1
157.063609200,1,0
157.063635200,1,1
157.063644000,1,0
157.063652400,1,1
157.063670000,1,0
157.063687200,1,1
157.063704600,1,0
157.063713200,1,1
157.063722000,1,0
157.063782600,1,1
157.063800000,1,0
157.063877800,1,1
157.063895200,1,0
157.063912600,1,1
157.063930000,1,0
157.063938600,1,1
157.063956000,1,0
157.063973200,1,1
157.063990600,1,0
157.063999200,1,1
157.064008000,1,0
157.064068600,1,1
157.064086000,1,0
157.064164000,1,1
157.064198800,1,0
157.064259400,1,1
157.064268000,1,0
157.064276600,1,1
157.064294000,1,0
157.064311400,1,1
157.064320000,1,0
157.064372000,1,1
157.064389400,1,0
157.064467400,1,1
157.064484800,1,0
157.064562800,1,1
157.064580200,1,0
157.064658000,1,1
157.064675400,1,0
157.064684000,1,1
157.064692800,1,0
157.064718800,1,1
157.064770800,1,0
157.064779400,1,1
157.064788200,1,0
157.064796800,1,1
157.064805600,1,0
157.064822800,1,1
157.064831600,1,0
157.064848800,1,1
157.065277000,0,1
157.065294200,1,1
157.065363400,0,1
157.065372200,1,1
157.065450000,0,1
157.065476000,1,1
157.065484600,0,1
157.065527800,1,1
157.065536600,0,1
157.065614400,1,1
157.065623000,0,1
157.065640400,1,1
157.065649000,0,1
157.065701000,1,1
157.065709600,0,1
157.065735600,1,1
157.065744200,0,1
157.065787400,1,1
157.065796200,0,1
157.065874000,1,1
157.065882600,0,1
157.065891400,1,1
157.065900000,0,1
157.065926000,1,1
157.065934600,0,1
157.065943200,1,1
157.065969200,0,1
157.065977800,1,1
157.065995200,0,1
157.066003800,1,1
157.066012400,0,1
157.066029800,1,1
157.087392800,1,0
157.087410200,1,1
157.087505600,1,0
157.087514200,1,1
157.087601000,1,0
157.087609400,1,1
157.087635600,1,0
157.087678800,1,1
157.087696200,1,0
157.087774200,1,1
157.087791600,1,0
157.087834800,1,1
157.087843600,1,0
157.087869600,1,1
157.087887000,1,0
157.087964800,1,1
157.087999600,1,0
157.088025600,1,1
157.088034200,1,0
157.088077600,1,1
157.088095000,1,0
157.088103600,1,1
157.088112200,1,0
157.088172800,1,1
157.088190200,1,0
157.088207600,1,1
157.088216200,1,0
157.088268200,1,1
157.088285600,1,0
157.088363600,1,1
157.088381000,1,0
157.088458800,1,1
157.088476200,1,0
157.088493600,1,1
157.088502200,1,0
157.088554200,1,1
157.088571600,1,0
157.088580200,1,1
157.088589000,1,0
157.088649600,1,1
157.088667000,1,0
157.088744800,1,1
157.088762400,1,0
157.088770800,1,1
157.088788400,1,0
157.088840200,1,1
157.088875000,1,0
157.088883600,1,1
157.088892400,1,0
157.088953000,1,1
157.088970400,1,0
157.089048200,1,1
157.089065600,1,0
157.089091600,1,1
157.089100400,1,0
157.089143600,1,1
157.089161000,1,0
157.089169600,1,1
157.089178400,1,0
157.089239000,1,1
157.089256400,1,0
157.089334200,1,1
157.089351800,1,0
157.089429600,1,1
157.089447000,1,0
157.089455600,1,1
157.089464400,1,0
157.089473000,1,1
157.089481800,1,0
157.089490200,1,1
157.089499000,1,0
157.089507600,1,1
157.089516400,1,0
157.089525000,1,1
157.089542400,1,0
157.089551000,1,1
157.089559800,1,0
157.089568400,1,1
157.089577000,1,0
157.089585600,1,1
157.089594400,1,0
157.089603000,1,1
157.089611800,1,0
157.089620400,1,1
158.038525400,0,1
158.038542600,1,1
158.038611800,0,1
158.038620600,1,1
158.038698400,0,1
158.038724400,1,1
158.038733000,0,1
158.038776200,1,1
158.038785000,0,1
158.038862800,1,1
158.038871400,0,1
158.038888800,1,1
158.038897400,0,1
158.038949400,1,1
158.038958000,0,1
158.038975400,1,1
158.038984000,0,1
158.039036000,1,1
158.039044600,0,1
158.039122400,1,1
158.039131200,0,1
158.039139800,1,1
158.039157000,0,1
158.039165800,1,1
158.039200400,0,1
158.039209000,1,1
158.039217600,0,1
158.039226200,1,1
158.039235000,0,1
158.039243600,1,1
158.039261000,0,1
158.039269600,1,1
158.039286800,0,1
158.039295600,1,1
158.060294600,1,0
158.060311800,1,1
158.060390000,1,0
158.060398600,1,1
158.060494000,1,0
158.060502600,1,1
158.060528600,1,0
158.060572000,1,1
158.060589400,1,0
158.060667200,1,1
158.060684800,1,0
158.060693200,1,1
158.060702000,1,0
158.060710600,1,1
158.060728000,1,0
158.060762600,1,1
158.060780000,1,0
158.060858000,1,1
158.060875400,1,0
158.060892600,1,1
158.060901400,1,0
158.060953400,1,1
158.060970800,1,0
158.060979400,1,1
158.060988000,1,0
158.061048600,1,1
158.061066000,1,0
158.061083400,1,1
158.061092000,1,0
158.061144000,1,1
158.061161400,1,0
158.061239400,1,1
158.061256800,1,0
158.061334600,1,1
158.061369400,1,0
158.061386600,1,1
158.061395400,1,0
158.061447400,1,1
158.061464800,1,0
158.061473400,1,1
158.061482200,1,0
158.061542800,1,1
158.061560200,1,0
158.061586000,1,1
158.061594800,1,0
158.061638000,1,1
158.061655400,1,0
158.061664000,1,1
158.061681600,1,0
158.061733400,1,1
158.061750800,1,0
158.061759400,1,1
158.061768200,1,0
158.061828800,1,1
158.061846200,1,0
158.061854800,1,1
158.061863600,1,0
158.061924200,1,1
158.061941600,1,0
158.062019400,1,1
158.062037000,1,0
158.062045400,1,1
158.062063000,1,0
158.062071400,1,1
158.062089000,1,0
158.062114800,1,1
158.062132200,1,0
158.062140800,1,1
158.062149600,1,0
158.062158200,1,1
158.062193000,1,0
158.062201400,1,1
158.062790600,0,1
158.062807800,1,1
158.062877200,0,1
158.062885800,1,1
158.062963600,0,1
158.062989600,1,1
158.062998200,0,1
158.063041600,1,1
158.063050200,0,1
158.063128000,1,1
158.063136800,0,1
158.063154000,1,1
158.063162600,0,1
158.063214600,1,1
158.063223200,0,1
158.063232000,1,1
158.063249200,0,1
158.063301200,1,1
158.063309800,0,1
158.063387600,1,1
158.063396400,0,1
158.063431000,1,1
158.063439600,0,1
158.063457000,1,1
158.063465600,0,1
158.063474200,1,1
158.063482800,0,1
158.063508800,1,1
158.063534800,0,1
158.063543400,1,1
158.063552000,0,1
158.063560800,1,1
158.086010600,1,0
158.086027800,1,1
158.086106000,1,0
158.086114600,1,1
158.086201400,1,0
158.086209800,1,1
158.086236000,1,0
158.086279200,1,1
158.086305400,1,0
158.086383200,1,1
158.086400600,1,0
158.086461200,1,1
158.086470000,1,0
158.086478600,1,1
158.086496000,1,0
158.086574000,1,1
158.086591400,1,0
158.086600000,1,1
158.086617400,1,0
158.086669200,1,1
158.086686800,1,0
158.086695200,1,1
158.086704000,1,0
158.086764600,1,1
158.086808000,1,0
158.086825400,1,1
158.086834000,1,0
158.086886000,1,1
158.086903400,1,0
158.086981400,1,1
158.086998800,1,0
158.087076600,1,1
158.087094200,1,0
158.087111400,1,1
158.087120200,1,0
158.087172000,1,1
158.087189400,1,0
158.087198000,1,1
158.087206800,1,0
158.087267400,1,1
158.087302200,1,0
158.087310800,1,1
158.087319600,1,0
158.087380000,1,1
158.087397600,1,0
158.087406000,1,1
158.087423600,1,0
158.087475400,1,1
158.087492800,1,0
158.087501400,1,1
158.087510200,1,0
158.087570800,1,1
158.087588200,1,0
158.087666000,1,1
158.087683600,1,0
158.087709400,1,1
158.087718200,1,0
158.087761400,1,1
158.087778800,1,0
158.087787400,1,1
158.087796200,1,0
158.087856800,1,1
158.087874200,1,0
158.087882800,1,1
158.087900200,1,0
158.087908800,1,1
158.087943600,1,0
158.087952000,1,1
158.087969600,1,0
158.087978000,1,1
158.087986800,1,0
158.087995400,1,1
158.088004200,1,0
158.088047400,1,1
158.088064800,1,0
158.088073400,1,1
158.088082200,1,0
158.088142800,1,1
158.088177600,1,0
158.088186000,1,1
158.088203600,1,0
158.088212000,1,1
158.088246800,1,0
158.088255400,1,1
158.088272800,1,0
158.088290000,1,1
158.088298800,1,0
158.088307400,1,1
158.088316200,1,0
158.088350800,1,1
158.088368200,1,0
158.088376800,1,1
158.088385400,1,0
158.088446000,1,1
158.088463600,1,0
158.088480800,1,1
158.088489600,1,0
158.088541400,1,1
158.088558800,1,0
158.088584800,1,1
158.088602200,1,0
158.088636800,1,1
158.088654200,1,0
158.088662800,1,1
158.088671600,1,0
158.088732000,1,1
158.088749600,1,0
158.088827400,1,1
158.088844800,1,0
158.088853400,1,1
158.088862200,1,0
158.088870800,1,1
158.088888200,1,0
158.088922800,1,1
158.088940200,1,0
158.088948800,1,1
158.088957600,1,0
158.089018200,1,1
158.089052800,1,0
158.089061400,1,1
158.089070200,1,0
158.089130800,1,1
158.089148200,1,0
158.089191400,1,1
158.089200200,1,0
158.089226200,1,1
158.089243600,1,0
158.089252200,1,1
158.089260800,1,0
158.089321400,1,1
158.089338800,1,0
158.089416800,1,1
158.089434200,1,0
158.089442800,1,1
158.089451600,1,0
158.089477400,1,1
158.089486200,1,0
158.089512200,1,1
158.089529600,1,0
158.089546800,1,1
158.089555600,1,0
158.089607400,1,1
158.089625000,1,0
158.089702800,1,1
158.089720200,1,0
158.089798200,1,1
158.089815600,1,0
158.089867600,1,1
158.089876200,1,0
158.089893600,1,1
158.089911000,1,0
158.089919600,1,1
158.089928200,1,0
158.089988800,1,1
158.090006200,1,0
158.090084200,1,1
158.090101600,1,0
158.090110200,1,1
158.090119000,1,0
158.090153600,1,1
158.090162400,1,0
158.090179600,1,1
158.090197000,1,0
158.090214200,1,1
158.090223000,1,0
158.090275000,1,1
158.090309600,1,0
158.090387600,1,1
158.090405000,1,0
158.090483000,1,1
158.090500400,1,0
158.090517600,1,1
158.090526400,1,0
158.090535000,1,1
158.090543800,1,0
158.090552200,1,1
158.090561000,1,0
158.090578200,1,1
158.090595800,1,0
158.090604200,1,1
158.090613000,1,0
158.090673600,1,1
158.090691000,1,0
158.090699600,1,1
158.090708400,1,0
158.090769000,1,1
158.090786400,1,0
158.090795000,1,1
158.090812400,1,0
158.090821000,1,1
158.090829800,1,0
158.090838400,1,1
158.090847000,1,0
158.090864400,1,1
158.090881800,1,0
158.090890400,1,1
158.090899000,1,0
158.090959600,1,1
158.090977000,1,0
158.090985600,1,1
158.090994400,1,0
158.091055000,1,1
158.091072400,1,0
158.091098400,1,1
158.091115800,1,0
158.091124400,1,1
158.091133200,1,0
158.091150400,1,1
158.091185200,1,0
158.091193800,1,1
158.091202400,1,0
158.091263000,1,1
158.091280400,1,0
158.091306400,1,1
158.091315200,1,0
158.091358400,1,1
158.091375800,1,0
158.091419000,1,1
158.091436400,1,0
158.091453800,1,1
158.091471200,1,0
158.091479800,1,1
158.091488600,1,0
158.091549000,1,1
158.091566600,1,0
158.091592400,1,1
158.091601200,1,0
158.091618400,1,1
158.091635800,1,0
158.091644400,1,1
158.091661800,1,0
158.091687800,1,1
158.091696600,1,0
158.091705000,1,1
158.091722600,1,0
158.091739800,1,1
158.091757200,1,0
158.091765800,1,1
158.091774600,1,0
158.091835200,1,1
158.091852600,1,0
158.091930400,1,1
158.091947800,1,0
158.091965200,1,1
158.091982600,1,0
158.091991200,1,1
158.092008600,1,0
158.092025800,1,1
158.092060600,1,0
158.092069200,1,1
158.092078000,1,0
158.092138400,1,1
158.092156000,1,0
158.092233800,1,1
158.092251200,1,0
158.092311800,1,1
158.092320600,1,0
158.092329200,1,1
158.092346600,1,0
158.092363800,1,1
158.092372600,1,0
158.092424600,1,1
158.092442000,1,0
158.092519800,1,1
158.092537200,1,0
158.092615200,1,1
158.092632600,1,0
158.092710600,1,1
158.092728000,1,0
158.092736600,1,1
158.092745200,1,0
158.092771200,1,1
158.092823200,1,0
158.092831800,1,1
158.092840600,1,0
158.092849200,1,1
158.092858000,1,0
158.092875200,1,1
158.092884000,1,0
158.092901200,1,1
158.099595200,0,1
158.099612400,1,1
158.099681600,0,1
158.099690400,1,1
158.099768200,0,1
158.099794200,1,1
158.099802800,0,1
158.099846000,1,1
158.099854800,0,1
158.099932600,1,1
158.099941200,0,1
158.099958600,1,1
158.099967200,0,1
158.100019200,1,1
158.100027800,0,1
158.100053800,1,1
158.100062400,0,1
158.100105600,1,1
158.100114400,0,1
158.100192200,1,1
158.100200800,0,1
158.100209600,1,1
158.100218200,0,1
158.100244200,1,1
158.100252800,0,1
158.100261400,1,1
158.100287400,0,1
158.100296000,1,1
158.100313400,0,1
158.100322000,1,1
158.100330800,0,1
158.100348000,1,1
158.125533600,1,0
158.125550800,1,1
158.125637600,1,0
158.125646200,1,1
158.125733000,1,0
158.125741600,1,1
158.125767600,1,0
158.125810800,1,1
158.125828200,1,0
158.125906200,1,1
158.125923600,1,0
158.125966800,1,1
158.125975600,1,0
158.126001400,1,1
158.126019000,1,0
158.126096800,1,1
158.126114200,1,0
158.126140200,1,1
158.126149000,1,0
158.126192200,1,1
158.126209600,1,0
158.126218200,1,1
158.126227000,1,0
158.126287600,1,1
158.126305000,1,0
158.126322200,1,1
158.126331000,1,0
158.126382800,1,1
158.126400200,1,0
158.126478200,1,1
158.126513000,1,0
158.126590800,1,1
158.126608200,1,0
158.126625400,1,1
158.126634200,1,0
158.126686200,1,1
158.126703600,1,0
158.126712200,1,1
158.126720800,1,0
158.126781400,1,1
158.126798800,1,0
158.126876800,1,1
158.126894200,1,0
158.126902800,1,1
158.126920200,1,0
158.126972200,1,1
158.126989600,1,0
158.126998200,1,1
158.127006800,1,0
158.127067400,1,1
158.127084800,1,0
158.127162800,1,1
158.127180200,1,0
158.127206200,1,1
158.127214800,1,0
158.127258200,1,1
158.127275600,1,0
158.127284200,1,1
158.127292800,1,0
158.127353400,1,1
158.127396800,1,0
158.127474800,1,1
158.127492200,1,0
158.127570000,1,1
158.127587600,1,0
158.127596000,1,1
158.127604800,1,0
158.127613400,1,1
158.127622200,1,0
158.127630800,1,1
158.127639600,1,0
158.127648000,1,1
158.127656800,1,0
158.127665400,1,1
158.127682800,1,0
158.127691400,1,1
158.127700200,1,0
158.127708800,1,1
158.127717600,1,0
158.127726000,1,1
158.127734800,1,0
158.127743400,1,1
158.127752200,1,0
158.127760800,1,1
159.076486800,0,1
159.076504200,1,1
159.076573400,0,1
159.076582000,1,1
159.076659800,0,1
159.076685800,1,1
159.076694600,0,1
159.076737800,1,1
159.076746400,0,1
159.076824400,1,1
159.076833000,0,1
159.076850200,1,1
159.076859000,0,1
159.076910800,1,1
159.076919600,0,1
159.076936800,1,1
159.076945400,0,1
159.076997400,1,1
159.077006000,0,1
159.077084000,1,1
159.077092600,0,1
159.077101200,1,1
159.077118600,0,1
159.077127200,1,1
159.077161800,0,1
159.077170400,1,1
159.077179200,0,1
159.077187800,1,1
159.077196400,0,1
159.077205000,1,1
159.077222400,0,1
159.077231000,1,1
159.077248400,0,1
159.077257000,1,1
159.098504000,1,0
159.098521400,1,1
159.098599400,1,0
159.098608000,1,1
159.098694800,1,0
159.098703400,1,1
159.098729400,1,0
159.098772600,1,1
159.098790200,1,0
159.098868000,1,1
159.098885400,1,0
159.098894000,1,1
159.098902800,1,0
159.098911400,1,1
159.098928800,1,0
159.098963400,1,1
159.098980800,1,0
159.099058800,1,1
159.099076200,1,0
159.099093400,1,1
159.099102200,1,0
159.099154000,1,1
159.099171400,1,0
159.099180000,1,1
159.099188800,1,0
159.099249400,1,1
159.099266800,1,0
159.099284000,1,1
159.099292800,1,0
159.099344800,1,1
159.099362200,1,0
159.099440000,1,1
159.099457600,1,0
159.099535400,1,1
159.099552800,1,0
159.099570200,1,1
159.099578800,1,0
159.099630800,1,1
159.099674200,1,0
159.099682800,1,1
159.099691600,1,0
159.099752200,1,1
159.099769600,1,0
159.099795400,1,1
159.099804200,1,0
159.099847400,1,1
159.099865000,1,0
159.099873400,1,1
159.099891000,1,0
159.099942800,1,1
159.099960200,1,0
159.099968800,1,1
159.099977600,1,0
159.100038200,1,1
159.100055600,1,0
159.100064200,1,1
159.100072800,1,0
159.100133400,1,1
159.100168200,1,0
159.100246200,1,1
159.100263600,1,0
159.100272200,1,1
159.100289600,1,0
159.100298200,1,1
159.100315600,1,0
159.100341400,1,1
159.100359000,1,0
159.100367400,1,1
159.100376200,1,0
159.100384800,1,1
159.100419600,1,0
159.100428200,1,1
159.100942400,0,1
159.100959800,1,1
159.101029000,0,1
159.101037600,1,1
159.101115600,0,1
159.101141400,1,1
159.101150200,0,1
159.101193400,1,1
159.101202000,0,1
159.101280000,1,1
159.101288600,0,1
159.101305800,1,1
159.101314600,0,1
159.101366400,1,1
159.101375200,0,1
159.101383800,1,1
159.101401000,0,1
159.101453000,1,1
159.101461600,0,1
159.101539600,1,1
159.101548200,0,1
159.101582800,1,1
159.101591400,0,1
159.101608800,1,1
159.101617400,0,1
159.101626000,1,1
159.101634800,0,1
159.101660600,1,1
159.101686600,0,1
159.101695200,1,1
159.101704000,0,1
159.101712600,1,1
159.124140400,1,0
159.124157800,1,1
159.124235800,1,0
159.124244400,1,1
159.124348600,1,0
159.124357000,1,1
159.124383200,1,0
159.124426400,1,1
159.124443800,1,0
159.124521800,1,1
159.124539200,1,0
159.124599800,1,1
159.124608600,1,0
159.124617000,1,1
159.124634600,1,0
159.124712400,1,1
159.124729800,1,0
159.124738400,1,1
159.124755800,1,0
159.124807800,1,1
159.124825200,1,0
159.124833800,1,1
159.124842600,1,0
159.124903200,1,1
159.124920600,1,0
159.124937800,1,1
159.124946600,1,0
159.124998400,1,1
159.125015800,1,0
159.125093800,1,1
159.125111200,1,0
159.125189200,1,1
159.125223800,1,0
159.125241200,1,1
159.125249800,1,0
159.125301800,1,1
159.125319200,1,0
159.125327800,1,1
159.125336600,1,0
159.125397200,1,1
159.125414600,1,0
159.125423200,1,1
159.125431800,1,0
159.125492400,1,1
159.125510000,1,0
159.125518400,1,1
159.125536000,1,0
159.125587800,1,1
159.125605200,1,0
159.125613800,1,1
159.125622600,1,0
159.125683200,1,1
159.125700600,1,0
159.125778600,1,1
159.125796000,1,0
159.125821800,1,1
159.125830600,1,0
159.125873800,1,1
159.125891200,1,0
159.125899800,1,1
159.125908600,1,0
159.125969200,1,1
159.125986600,1,0
159.125995200,1,1
159.126012600,1,0
159.126021200,1,1
159.126056000,1,0
159.126064600,1,1
159.126099200,1,0
159.126107800,1,1
159.126116600,1,0
159.126125200,1,1
159.126134000,1,0
159.126177200,1,1
159.126194600,1,0
159.126203200,1,1
159.126212000,1,0
159.126272600,1,1
159.126290000,1,0
159.126298600,1,1
159.126316000,1,0
159.126324600,1,1
159.126359200,1,0
159.126367800,1,1
159.126385200,1,0
159.126402600,1,1
159.126411200,1,0
159.126419800,1,1
159.126428600,1,0
159.126463200,1,1
159.126480600,1,0
159.126489200,1,1
159.126498000,1,0
159.126558600,1,1
159.126576000,1,0
159.126593200,1,1
159.126602000,1,0
159.126653800,1,1
159.126671200,1,0
159.126697200,1,1
159.126714600,1,0
159.126749200,1,1
159.126766600,1,0
159.126775200,1,1
159.126784000,1,0
159.126844600,1,1
159.126862000,1,0
159.126939800,1,1
159.126957200,1,0
159.126965800,1,1
159.126974600,1,0
159.126983200,1,1
159.127000600,1,0
159.127035200,1,1
159.127052600,1,0
159.127061200,1,1
159.127070000,1,0
159.127130600,1,1
159.127148000,1,0
159.127156600,1,1
159.127165400,1,0
159.127225800,1,1
159.127243200,1,0
159.127286600,1,1
159.127295200,1,0
159.127321200,1,1
159.127356000,1,0
159.127364600,1,1
159.127373200,1,0
159.127433800,1,1
159.127451400,1,0
159.127529200,1,1
159.127546600,1,0
159.127555200,1,1
159.127564000,1,0
159.127589800,1,1
159.127598600,1,0
159.127624600,1,1
159.127642000,1,0
159.127659200,1,1
159.127668000,1,0
159.127719800,1,1
159.127737400,1,0
159.127815200,1,1
159.127832600,1,0
159.127910600,1,1
159.127928000,1,0
159.127979800,1,1
159.127988600,1,0
159.128005800,1,1
159.128023400,1,0
159.128031800,1,1
159.128040600,1,0
159.128101200,1,1
159.128118600,1,0
159.128135800,1,1
159.128144600,1,0
159.128196600,1,1
159.128231400,1,0
159.128239800,1,1
159.128248600,1,0
159.128283200,1,1
159.128292000,1,0
159.128309200,1,1
159.128326600,1,0
159.128343800,1,1
159.128352600,1,0
159.128404600,1,1
159.128422000,1,0
159.128499800,1,1
159.128517400,1,0
159.128551800,1,1
159.128560600,1,0
159.128595200,1,1
159.128612600,1,0
159.128629800,1,1
159.128638600,1,0
159.128647200,1,1
159.128656000,1,0
159.128664600,1,1
159.128673400,1,0
159.128690600,1,1
159.128708000,1,0
159.128716600,1,1
159.128725400,1,0
159.128786000,1,1
159.128803400,1,0
159.128812000,1,1
159.128820600,1,0
159.128881200,1,1
159.128898600,1,0
159.128907200,1,1
159.128924600,1,0
159.128933200,1,1
159.128942000,1,0
159.128950600,1,1
159.128959400,1,0
159.128976600,1,1
159.128994000,1,0
159.129002600,1,1
159.129011400,1,0
159.129072000,1,1
159.129106600,1,0
159.129115200,1,1
159.129124000,1,0
159.129184600,1,1
159.129202000,1,0
159.129228000,1,1
159.129245400,1,0
159.129254000,1,1
159.129262600,1,0
159.129280000,1,1
159.129297400,1,0
159.129306000,1,1
159.129314600,1,0
159.129375200,1,1
159.129392600,1,0
159.129418600,1,1
159.129427400,1,0
159.129470600,1,1
159.129488000,1,0
159.129531200,1,1
159.129548600,1,0
159.129566000,1,1
159.129583400,1,0
159.129592000,1,1
159.129600600,1,0
159.129661200,1,1
159.129678600,1,0
159.129704600,1,1
159.129713400,1,0
159.129730600,1,1
159.129748000,1,0
159.129756600,1,1
159.129774000,1,0
159.129799800,1,1
159.129808600,1,0
159.129817200,1,1
159.129834600,1,0
159.129851800,1,1
159.129869400,1,0
159.129877800,1,1
159.129886600,1,0
159.129947200,1,1
159.129982000,1,0
159.130059800,1,1
159.130077200,1,0
159.130094600,1,1
159.130112000,1,0
159.130120600,1,1
159.130138000,1,0
159.130155200,1,1
159.130172600,1,0
159.130181200,1,1
159.130190000,1,0
159.130250600,1,1
159.130268000,1,0
159.130345800,1,1
159.130363200,1,0
159.130423800,1,1
159.130432600,1,0
159.130441200,1,1
159.130458600,1,0
159.130475800,1,1
159.130484600,1,0
159.130536600,1,1
159.130554000,1,0
159.130631800,1,1
159.130649400,1,0
159.130727200,1,1
159.130744600,1,0
159.130822600,1,1
159.130857400,1,0
159.130900600,1,1
159.130909400,1,0
159.130935200,1,1
159.130952600,1,0
159.130978600,1,1
159.130987400,1,0
159.130996000,1,1
159.131013400,1,0
159.131030600,1,1
159.136587400,0,1
159.136604600,1,1
159.136674000,0,1
159.136682600,1,1
159.136760400,0,1
159.136786400,1,1
159.136795000,0,1
159.136838400,1,1
159.136847000,0,1
159.136924800,1,1
159.136933600,0,1
159.136950800,1,1
159.136959400,0,1
159.137011400,1,1
159.137020000,0,1
159.137046000,1,1
159.137054600,0,1
159.137098000,1,1
159.137106600,0,1
159.137184400,1,1
159.137193200,0,1
159.137201800,1,1
159.137210400,0,1
159.137236400,1,1
159.137245000,0,1
159.137253800,1,1
159.137279600,0,1
159.137288400,1,1
159.137305600,0,1
159.137314200,1,1
159.137323000,0,1
159.137340200,1,1
159.158721200,1,0
159.158738400,1,1
159.158816600,1,0
159.158825200,1,1
159.158929200,1,0
159.158937800,1,1
159.158964000,1,0
159.159007200,1,1
159.159024600,1,0
159.159102600,1,1
159.159120000,1,0
159.159163200,1,1
159.159172000,1,0
159.159197800,1,1
159.159215200,1,0
159.159293200,1,1
159.159310600,1,0
159.159336600,1,1
159.159345200,1,0
159.159388600,1,1
159.159406000,1,0
159.159414600,1,1
159.159423200,1,0
159.159483800,1,1
159.159501200,1,0
159.159518600,1,1
159.159527200,1,0
159.159579200,1,1
159.159596600,1,0
159.159674600,1,1
159.159692000,1,0
159.159769800,1,1
159.159804600,1,0
159.159821800,1,1
159.159830600,1,0
159.159882400,1,1
159.159900000,1,0
159.159908400,1,1
159.159917200,1,0
159.159977800,1,1
159.159995200,1,0
159.160073200,1,1
159.160090600,1,0
159.160099200,1,1
159.160116600,1,0
159.160168400,1,1
159.160186000,1,0
159.160194400,1,1
159.160203200,1,0
159.160263800,1,1
159.160281200,1,0
159.160359200,1,1
159.160376600,1,0
159.160402400,1,1
159.160411200,1,0
159.160454400,1,1
159.160471800,1,0
159.160480400,1,1
159.160489200,1,0
159.160549800,1,1
159.160567200,1,0
159.160645200,1,1
159.160679800,1,0
159.160757800,1,1
159.160775200,1,0
159.160783800,1,1
159.160792600,1,0
159.160801200,1,1
159.160809800,1,0
159.160818400,1,1
159.160827200,1,0
159.160835800,1,1
159.160844600,1,0
159.160853200,1,1
159.160870600,1,0
159.160879200,1,1
159.160887800,1,0
159.160896400,1,1
159.160905200,1,0
159.160913800,1,1
159.160922600,1,0
159.160931000,1,1
159.160939800,1,0
159.160948400,1,1
160.124131800,0,1
160.124149200,1,1
160.124218400,0,1
160.124227000,1,1
160.124305000,0,1
160.124331000,1,1
160.124339600,0,1
160.124382800,1,1
160.124391600,0,1
160.124469400,1,1
160.124478000,0,1
160.124495400,1,1
160.124504000,0,1
160.124556000,1,1
160.124564600,0,1
160.124581800,1,1
160.124590600,0,1
160.124642400,1,1
160.124651200,0,1
160.124729000,1,1
160.124737600,0,1
160.124746400,1,1
160.124763600,0,1
160.124772200,1,1
160.124806800,0,1
160.124815600,1,1
160.124824200,0,1
160.124832800,1,1
160.124841400,0,1
160.124850200,1,1
160.124867400,0,1
160.124876200,1,1
160.124893400,0,1
160.124902000,1,1
160.146349800,1,0
160.146367000,1,1
160.146453800,1,0
160.146462400,1,1
160.146549200,1,0
160.146557600,1,1
160.146583800,1,0
160.146627000,1,1
160.146644400,1,0
160.146722400,1,1
160.146739800,1,0
160.146748400,1,1
160.146757200,1,0
160.146765600,1,1
160.146783200,1,0
160.146817600,1,1
160.146835200,1,0
160.146913000,1,1
160.146930400,1,0
160.146947600,1,1
160.146956400,1,0
160.147008400,1,1
160.147025800,1,0
160.147034400,1,1
160.147043000,1,0
160.147103600,1,1
160.147121000,1,0
160.147138400,1,1
160.147147000,1,0
160.147199000,1,1
160.147216400,1,0
160.147294400,1,1
160.147329000,1,0
160.147407000,1,1
160.147424400,1,0
160.147441600,1,1
160.147450400,1,0
160.147502400,1,1
160.147519800,1,0
160.147528200,1,1
160.147537000,1,0
160.147597600,1,1
160.147615000,1,0
160.147641000,1,1
160.147649800,1,0
160.147693000,1,1
160.147710400,1,0
160.147719000,1,1
160.147736400,1,0
160.147788200,1,1
160.147805800,1,0
160.147814200,1,1
160.147823000,1,0
160.147883600,1,1
160.147901000,1,0
160.147909600,1,1
160.147918400,1,0
160.147979000,1,1
160.147996400,1,0
160.148074200,1,1
160.148091600,1,0
160.148100200,1,1
160.148117600,1,0
160.148126200,1,1
160.148143600,1,0
160.148169600,1,1
160.148204400,1,0
160.148212800,1,1
160.148221600,1,0
160.148230200,1,1
160.148265000,1,0
160.148273600,1,1
160.148760600,0,1
160.148777800,1,1
160.148847200,0,1
160.148855800,1,1
160.148933600,0,1
160.148959600,1,1
160.148968200,0,1
160.149011600,1,1
160.149020200,0,1
160.149098000,1,1
160.149106800,0,1
160.149124000,1,1
160.149132600,0,1
160.149184600,1,1
160.149193200,0,1
160.149202000,1,1
160.149219200,0,1
160.149271200,1,1
160.149279800,0,1
160.149357600,1,1
160.149366400,0,1
160.149401000,1,1
160.149409600,0,1
160.149427000,1,1
160.149435600,0,1
160.149444200,1,1
160.149452800,0,1
160.149478800,1,1
160.149504800,0,1
160.149513400,1,1
160.149522200,0,1
160.149530800,1,1
160.172146600,1,0
160.172164000,1,1
160.172250600,1,0
160.172259200,1,1
160.172346000,1,0
160.172354600,1,1
160.172380600,1,0
160.172423800,1,1
160.172441400,1,0
160.172519200,1,1
160.172536600,1,0
160.172597200,1,1
160.172606000,1,0
160.172614600,1,1
160.172632000,1,0
160.172709800,1,1
160.172727200,1,0
160.172735800,1,1
160.172753200,1,0
160.172805200,1,1
160.172822600,1,0
160.172831200,1,1
160.172840000,1,0
160.172900400,1,1
160.172918000,1,0
160.172935200,1,1
160.172943800,1,0
160.172995800,1,1
160.173013200,1,0
160.173091200,1,1
160.173108600,1,0
160.173186400,1,1
160.173203800,1,0
160.173221200,1,1
160.173229800,1,0
160.173281800,1,1
160.173299200,1,0
160.173307800,1,1
160.173316600,1,0
160.173377000,1,1
160.173394600,1,0
160.173403000,1,1
160.173411800,1,0
160.173472400,1,1
160.173515800,1,0
160.173524400,1,1
160.173541800,1,0
160.173593600,1,1
160.173611200,1,0
160.173619600,1,1
160.173628400,1,0
160.173689000,1,1
160.173706400,1,0
160.173784400,1,1
160.173801800,1,0
160.173827600,1,1
160.173836400,1,0
160.173879600,1,1
160.173897200,1,0
160.173905600,1,1
160.173914400,1,0
160.173975000,1,1
160.174009800,1,0
160.174018400,1,1
160.174035800,1,0
160.174044400,1,1
160.174079200,1,0
160.174087600,1,1
160.174105000,1,0
160.174113600,1,1
160.174122400,1,0
160.174131000,1,1
160.174139800,1,0
160.174183000,1,1
160.174200400,1,0
160.174209000,1,1
160.174217800,1,0
160.174278200,1,1
160.174295800,1,0
160.174304200,1,1
160.174321800,1,0
160.174330200,1,1
160.174365000,1,0
160.174373600,1,1
160.174391000,1,0
160.174408200,1,1
160.174417000,1,0
160.174425600,1,1
160.174434400,1,0
160.174469000,1,1
160.174486400,1,0
160.174495000,1,1
160.174503600,1,0
160.174564200,1,1
160.174581600,1,0
160.174599000,1,1
160.174607600,1,0
160.174659600,1,1
160.174677000,1,0
160.174703000,1,1
160.174720400,1,0
160.174755000,1,1
160.174772400,1,0
160.174781000,1,1
160.174789600,1,0
160.174850200,1,1
160.174885000,1,0
160.174962800,1,1
160.174980400,1,0
160.174988800,1,1
160.174997600,1,0
160.175006200,1,1
160.175023600,1,0
160.175058200,1,1
160.175075600,1,0
160.175084200,1,1
160.175093000,1,0
160.175153600,1,1
160.175171000,1,0
160.175179600,1,1
160.175188200,1,0
160.175248800,1,1
160.175266200,1,0
160.175309400,1,1
160.175318200,1,0
160.175344200,1,1
160.175361600,1,0
160.175370200,1,1
160.175379000,1,0
160.175439400,1,1
160.175456800,1,0
160.175534800,1,1
160.175552200,1,0
160.175560800,1,1
160.175569600,1,0
160.175595400,1,1
160.175604200,1,0
160.175630000,1,1
160.175647600,1,0
160.175664800,1,1
160.175673600,1,0
160.175725400,1,1
160.175760200,1,0
160.175838000,1,1
160.175855400,1,0
160.175933400,1,1
160.175950800,1,0
160.176002800,1,1
160.176011400,1,0
160.176028800,1,1
160.176046200,1,0
160.176054800,1,1
160.176063400,1,0
160.176124000,1,1
160.176141400,1,0
160.176158600,1,1
160.176167400,1,0
160.176219400,1,1
160.176236800,1,0
160.176245400,1,1
160.176254200,1,0
160.176288600,1,1
160.176297400,1,0
160.176314600,1,1
160.176332000,1,0
160.176349400,1,1
160.176358000,1,0
160.176410000,1,1
160.176427400,1,0
160.176505400,1,1
160.176522800,1,0
160.176557400,1,1
160.176566000,1,0
160.176600600,1,1
160.176618000,1,0
160.176635200,1,1
160.176644000,1,0
160.176652600,1,1
160.176661400,1,0
160.176670000,1,1
160.176678800,1,0
160.176696000,1,1
160.176713400,1,0
160.176722000,1,1
160.176730800,1,0
160.176791200,1,1
160.176808800,1,0
160.176817200,1,1
160.176826000,1,0
160.176886600,1,1
160.176904000,1,0
160.176912600,1,1
160.176930000,1,0
160.176938600,1,1
160.176947400,1,0
160.176956000,1,1
160.176964800,1,0
160.176982000,1,1
160.177042800,1,0
160.177051200,1,1
160.177060000,1,0
160.177120600,1,1
160.177138000,1,0
160.177146600,1,1
160.177155400,1,0
160.177216000,1,1
160.177233400,1,0
160.177259200,1,1
160.177276600,1,0
160.177285200,1,1
160.177294000,1,0
160.177311200,1,1
160.177328600,1,0
160.177337200,1,1
160.177346000,1,0
160.177406600,1,1
160.177424000,1,0
160.177450000,1,1
160.177458600,1,0
160.177502000,1,1
160.177519400,1,0
160.177562600,1,1
160.177580000,1,0
160.177597200,1,1
160.177614600,1,0
160.177623200,1,1
160.177632000,1,0
160.177692600,1,1
160.177710000,1,0
160.177735800,1,1
160.177744600,1,0
160.177761800,1,1
160.177779400,1,0
160.177787800,1,1
160.177805200,1,0
160.177831200,1,1
160.177840000,1,0
160.177848600,1,1
160.177866000,1,0
160.177883200,1,1
160.177900600,1,0
160.177909200,1,1
160.177918000,1,0
160.177978400,1,1
160.177996000,1,0
160.178073800,1,1
160.178091200,1,0
160.178108400,1,1
160.178125800,1,0
160.178134400,1,1
160.178151800,1,0
160.178169200,1,1
160.178186600,1,0
160.178195000,1,1
160.178203800,1,0
160.178264400,1,1
160.178281800,1,0
160.178359800,1,1
160.178394400,1,0
160.178455000,1,1
160.178463800,1,0
160.178472400,1,1
160.178489800,1,0
160.178507000,1,1
160.178515800,1,0
160.178567600,1,1
160.178585200,1,0
160.178663000,1,1
160.178741000,1,0
160.178819000,1,1
160.178836400,1,0
160.178914200,1,1
160.178931800,1,0
160.178975000,1,1
160.178983800,1,0
160.179009600,1,1
160.179027000,1,0
160.179053000,1,1
160.179061600,1,0
160.179070200,1,1
160.179087600,1,0
160.179105000,1,1
160.179706600,0,1
160.179723800,1,1
160.179793000,0,1
160.179801800,1,1
160.179879600,0,1
160.179905600,1,1
160.179914200,0,1
160.179957400,1,1
160.179966200,0,1
160.180044000,1,1
160.180052600,0,1
160.180070000,1,1
160.180078600,0,1
160.180130600,1,1
160.180139200,0,1
160.180165200,1,1
160.180173800,0,1
160.180217000,1,1
160.180225800,0,1
160.180303600,1,1
160.180312200,0,1
160.180321000,1,1
160.180329600,0,1
160.180355600,1,1
160.180364200,0,1
160.180372800,1,1
160.180398800,0,1
160.180407400,1,1
160.180424800,0,1
160.180433400,1,1
160.180442000,0,1
160.180459400,1,1
160.201606800,1,0
160.201624000,1,1
160.201702000,1,0
160.201710600,1,1
160.201797400,1,0
160.201806000,1,1
160.201832000,1,0
160.201875200,1,1
160.201892600,1,0
160.201970600,1,1
160.201988000,1,0
160.202031200,1,1
160.202040000,1,0
160.202065800,1,1
160.202083200,1,0
160.202161200,1,1
160.202195800,1,0
160.202221800,1,1
160.202230600,1,0
160.202273800,1,1
160.202291200,1,0
160.202299800,1,1
160.202308400,1,0
160.202369000,1,1
160.202386400,1,0
160.202403800,1,1
160.202412400,1,0
160.202464400,1,1
160.202481800,1,0
160.202559600,1,1
160.202577000,1,0
160.202655000,1,1
160.202672400,1,0
160.202689600,1,1
160.202698400,1,0
160.202750200,1,1
160.202767600,1,0
160.202776200,1,1
160.202785000,1,0
160.202845600,1,1
160.202863000,1,0
160.202940800,1,1
160.202958400,1,0
160.202966800,1,1
160.202984400,1,0
160.203036200,1,1
160.203079600,1,0
160.203088200,1,1
160.203097000,1,0
160.203157600,1,1
160.203175000,1,0
160.203252800,1,1
160.203270200,1,0
160.203296200,1,1
160.203305000,1,0
160.203348200,1,1
160.203365600,1,0
160.203374200,1,1
160.203383000,1,0
160.203443400,1,1
160.203460800,1,0
160.203538800,1,1
160.203573600,1,0
160.203651400,1,1
160.203668800,1,0
160.203677400,1,1
160.203686200,1,0
160.203694800,1,1
160.203703600,1,0
160.203712000,1,1
160.203720800,1,0
160.203729400,1,1
160.203738200,1,0
160.203746800,1,1
160.203764200,1,0
160.203772800,1,1
160.203781600,1,0
160.203790000,1,1
160.203798800,1,0
160.203807400,1,1
160.203816200,1,0
160.203824800,1,1
160.203833400,1,0
160.203842000,1,1
161.154114600,0,1
161.154132000,1,1
161.154201200,0,1
161.154209800,1,1
161.154287800,0,1
161.154313600,1,1
161.154322400,0,1
161.154365600,1,1
161.154374200,0,1
161.154452200,1,1
161.154460800,0,1
161.154478200,1,1
161.154486800,0,1
161.154538600,1,1
161.154547400,0,1
161.154564600,1,1
161.154573400,0,1
161.154625200,1,1
161.154633800,0,1
161.154711800,1,1
161.154720400,0,1
161.154729000,1,1
161.154746400,0,1
161.154755000,1,1
161.154789600,0,1
161.154798400,1,1
161.154807000,0,1
161.154815600,1,1
161.154824200,0,1
161.154833000,1,1
161.154850200,0,1
161.154858800,1,1
161.154876200,0,1
161.154884800,1,1
161.179224200,1,0
161.179241400,1,1
161.179319400,1,0
161.179328000,1,1
161.179414800,1,0
161.179423400,1,1
161.179449400,1,0
161.179492600,1,1
161.179510200,1,0
161.179588000,1,1
161.179605400,1,0
161.179614000,1,1
161.179622800,1,0
161.179631400,1,1
161.179648800,1,0
161.179683400,1,1
161.179700800,1,0
161.179778600,1,1
161.179796000,1,0
161.179813200,1,1
161.179822000,1,0
161.179874000,1,1
161.179891400,1,0
161.179900000,1,1
161.179908600,1,0
161.179969200,1,1
161.179986600,1,0
161.180004000,1,1
161.180012600,1,0
161.180064600,1,1
161.180082000,1,0
161.180160000,1,1
161.180272600,1,0
161.180350600,1,1
161.180368000,1,0
161.180385200,1,1
161.180394000,1,0
161.180446000,1,1
161.180463400,1,0
161.180471800,1,1
161.180480600,1,0
161.180541200,1,1
161.180558600,1,0
161.180584600,1,1
161.180593200,1,0
161.180636600,1,1
161.180671200,1,0
161.180679800,1,1
161.180697200,1,0
161.180749200,1,1
161.180766600,1,0
161.180775200,1,1
161.180784000,1,0
161.180844400,1,1
161.180861800,1,0
161.180870400,1,1
161.180879200,1,0
161.180939800,1,1
161.180957200,1,0
161.181035000,1,1
161.181052600,1,0
161.181061000,1,1
161.181078600,1,0
161.181087000,1,1
161.181104600,1,0
161.181130400,1,1
161.181173800,1,0
161.181182400,1,1
161.181191200,1,0
161.181199800,1,1
161.181234400,1,0
161.181243000,1,1
161.181703000,0,1
161.181720200,1,1
161.181789400,0,1
161.181798200,1,1
161.181876000,0,1
161.181902000,1,1
161.181910600,0,1
161.181954000,1,1
161.181962600,0,1
161.182040400,1,1
161.182049200,0,1
161.182066400,1,1
161.182075000,0,1
161.182127000,1,1
161.182135600,0,1
161.182144200,1,1
161.182161600,0,1
161.182213600,1,1
161.182222200,0,1
161.182300000,1,1
161.182308800,0,1
161.182343400,1,1
161.182352000,0,1
161.182369200,1,1
161.182378000,0,1
161.182386600,1,1
161.182395200,0,1
161.182421200,1,1
161.182447200,0,1
161.182455800,1,1
161.182464400,0,1
161.182473200,1,1
161.204963400,1,0
161.204980600,1,1
161.205058800,1,0
161.205067400,1,1
161.205154200,1,0
161.205162800,1,1
161.205188800,1,0
161.205232000,1,1
161.205249400,1,0
161.205327400,1,1
161.205344800,1,0
161.205405400,1,1
161.205414200,1,0
161.205422800,1,1
161.205440200,1,0
161.205518000,1,1
161.205535400,1,0
161.205544000,1,1
161.205561400,1,0
161.205613400,1,1
161.205630800,1,0
161.205639400,1,1
161.205648200,1,0
161.205708800,1,1
161.205726200,1,0
161.205743400,1,1
161.205752200,1,0
161.205804000,1,1
161.205821600,1,0
161.205899400,1,1
161.205916800,1,0
161.205994800,1,1
161.206012200,1,0
161.206029400,1,1
161.206038200,1,0
161.206090000,1,1
161.206107400,1,0
161.206116000,1,1
161.206124800,1,0
161.206185400,1,1
161.206228800,1,0
161.206237400,1,1
161.206246200,1,0
161.206306800,1,1
161.206324200,1,0
161.206332800,1,1
161.206350200,1,0
161.206402000,1,1
161.206419400,1,0
161.206428000,1,1
161.206436800,1,0
161.206497400,1,1
161.206514800,1,0
161.206592600,1,1
161.206610200,1,0
161.206636000,1,1
161.206644800,1,0
161.206688000,1,1
161.206722800,1,0
161.206731400,1,1
161.206740200,1,0
161.206800600,1,1
161.206818200,1,0
161.206826600,1,1
161.206844200,1,0
161.206852600,1,1
161.206887400,1,0
161.206896000,1,1
161.206913400,1,0
161.206922000,1,1
161.206930800,1,0
161.206939400,1,1
161.206948200,1,0
161.206991400,1,1
161.207008800,1,0
161.207017400,1,1
161.207026200,1,0
161.207086600,1,1
161.207104200,1,0
161.207112600,1,1
161.207130200,1,0
161.207138800,1,1
161.207173400,1,0
161.207182000,1,1
161.207199400,1,0
161.207216800,1,1
161.207225400,1,0
161.207234000,1,1
161.207242800,1,0
161.207277400,1,1
161.207294800,1,0
161.207303400,1,1
161.207312200,1,0
161.207372800,1,1
161.207390200,1,0
161.207407400,1,1
161.207416200,1,0
161.207468000,1,1
161.207485400,1,0
161.207511400,1,1
161.207528800,1,0
161.207563400,1,1
161.207598200,1,0
161.207606600,1,1
161.207615400,1,0
161.207676000,1,1
161.207693400,1,0
161.207771400,1,1
161.207788800,1,0
161.207797400,1,1
161.207806000,1,0
161.207814600,1,1
161.207832000,1,0
161.207866600,1,1
161.207884000,1,0
161.207892600,1,1
161.207901400,1,0
161.207962000,1,1
161.207979400,1,0
161.207988000,1,1
161.207996800,1,0
161.208057400,1,1
161.208074800,1,0
161.208118000,1,1
161.208126800,1,0
161.208152600,1,1
161.208170000,1,0
161.208178600,1,1
161.208187400,1,0
161.208248000,1,1
161.208265400,1,0
161.208343200,1,1
161.208360800,1,0
161.208369200,1,1
161.208378000,1,0
161.208404000,1,1
161.208412800,1,0
161.208438600,1,1
161.208473400,1,0
161.208490600,1,1
161.208499400,1,0
161.208551200,1,1
161.208568600,1,0
161.208646600,1,1
161.208664000,1,0
161.208741800,1,1
161.208759200,1,0
161.208811200,1,1
161.208820000,1,0
161.208837200,1,1
161.208854600,1,0
161.208863200,1,1
161.208872000,1,0
161.208932600,1,1
161.208950000,1,0
161.208958600,1,1
161.208976000,1,0
161.209027800,1,1
161.209045200,1,0
161.209053800,1,1
161.209062600,1,0
161.209097200,1,1
161.209106000,1,0
161.209123200,1,1
161.209140600,1,0
161.209157800,1,1
161.209166600,1,0
161.209218400,1,1
161.209236000,1,0
161.209313800,1,1
161.209331200,1,0
161.209339800,1,1
161.209348600,1,0
161.209365800,1,1
161.209374600,1,0
161.209409200,1,1
161.209426600,1,0
161.209443800,1,1
161.209452600,1,0
161.209461200,1,1
161.209469800,1,0
161.209478400,1,1
161.209487200,1,0
161.209504400,1,1
161.209521800,1,0
161.209530400,1,1
161.209539200,1,0
161.209599800,1,1
161.209617200,1,0
161.209625800,1,1
161.209634600,1,0
161.209695000,1,1
161.209729800,1,0
161.209738400,1,1
161.209755800,1,0
161.209764400,1,1
161.209773200,1,0
161.209781800,1,1
161.209790600,1,0
161.209807800,1,1
161.209825200,1,0
161.209833800,1,1
161.209842600,1,0
161.209903000,1,1
161.209920400,1,0
161.209929000,1,1
161.209937800,1,0
161.209998400,1,1
161.210015800,1,0
161.210041800,1,1
161.210059200,1,0
161.210067800,1,1
161.210076400,1,0
161.210093600,1,1
161.210111200,1,0
161.210119600,1,1
161.210128400,1,0
161.210189000,1,1
161.210206400,1,0
161.210232400,1,1
161.210241200,1,0
161.210284400,1,1
161.210301800,1,0
161.210345000,1,1
161.210362400,1,0
161.210379600,1,1
161.210397200,1,0
161.210405600,1,1
161.210414400,1,0
161.210475000,1,1
161.210492400,1,0
161.210518400,1,1
161.210527000,1,0
161.210544400,1,1
161.210561800,1,0
161.210570400,1,1
161.210605000,1,0
161.210631000,1,1
161.210639800,1,0
161.210648200,1,1
161.210665800,1,0
161.210683000,1,1
161.210700400,1,0
161.210709000,1,1
161.210717800,1,0
161.210778200,1,1
161.210795800,1,0
161.210873600,1,1
161.210891000,1,0
161.210908200,1,1
161.210925600,1,0
161.210934200,1,1
161.210951600,1,0
161.210969000,1,1
161.210986400,1,0
161.210995000,1,1
161.211003600,1,0
161.211064200,1,1
161.211081600,1,0
161.211159600,1,1
161.211177000,1,0
161.211237600,1,1
161.211246400,1,0
161.211254800,1,1
161.211272400,1,0
161.211289600,1,1
161.211298400,1,0
161.211350200,1,1
161.211367600,1,0
161.211445600,1,1
161.211480400,1,0
161.211558200,1,1
161.211575600,1,0
161.211653600,1,1
161.211671000,1,0
161.211679600,1,1
161.211697000,1,0
161.211748800,1,1
161.211766200,1,0
161.211774800,1,1
161.211792200,1,0
161.211818200,1,1
161.211827000,1,0
161.211835600,1,1
161.224123800,0,1
161.224141200,1,1
161.224210400,0,1
161.224219000,1,1
161.224297000,0,1
161.224322800,1,1
161.224331600,0,1
161.224374800,1,1
161.224383400,0,1
161.224461400,1,1
161.224470000,0,1
161.224487200,1,1
161.224496000,0,1
161.224547800,1,1
161.224556600,0,1
161.224582400,1,1
161.224591200,0,1
161.224634400,1,1
161.224643000,0,1
161.224721000,1,1
161.224729600,0,1
161.224738200,1,1
161.224747000,0,1
161.224772800,1,1
161.224781600,0,1
161.224790200,1,1
161.224816200,0,1
161.224824800,1,1
161.224842000,0,1
161.224850800,1,1
161.224859400,0,1
161.224876800,1,1
161.249489000,1,0
161.249506200,1,1
161.249584200,1,0
161.249592800,1,1
161.249697000,1,0
161.249705400,1,1
161.249731600,1,0
161.249774800,1,1
161.249792200,1,0
161.249870200,1,1
161.249887600,1,0
161.249930800,1,1
161.249939600,1,0
161.249965400,1,1
161.249982800,1,0
161.250060800,1,1
161.250078200,1,0
161.250104000,1,1
161.250112800,1,0
161.250156000,1,1
161.250173400,1,0
161.250182000,1,1
161.250190800,1,0
161.250251400,1,1
161.250268800,1,0
161.250286000,1,1
161.250294800,1,0
161.250346600,1,1
161.250364000,1,0
161.250442000,1,1
161.250459400,1,0
161.250537200,1,1
161.250572000,1,0
161.250589200,1,1
161.250598000,1,0
161.250649800,1,1
161.250667400,1,0
161.250675800,1,1
161.250684600,1,0
161.250745200,1,1
161.250762600,1,0
161.250840400,1,1
161.250858000,1,0
161.250866400,1,1
161.250884000,1,0
161.250935800,1,1
161.250953200,1,0
161.250961800,1,1
161.250970600,1,0
161.251031200,1,1
161.251048600,1,0
161.251126400,1,1
161.251143800,1,0
161.251169800,1,1
161.251178600,1,0
161.251221800,1,1
161.251239200,1,0
161.251247800,1,1
161.251256400,1,0
161.251317000,1,1
161.251334400,1,0
161.251412400,1,1
161.251447200,1,0
161.251525000,1,1
161.251542400,1,0
161.251551000,1,1
161.251559800,1,0
161.251568400,1,1
161.251577000,1,0
161.251585600,1,1
161.251594400,1,0
161.251603000,1,1
161.251611800,1,0
161.251620400,1,1
161.251637800,1,0
161.251646400,1,1
161.251655000,1,0
161.251663600,1,1
161.251672400,1,0
161.251681000,1,1
161.251689800,1,0
161.251698200,1,1
161.251707000,1,0
161.251715600,1,1
162.204148400,0,1
162.204165600,1,1
162.204234800,0,1
162.204243600,1,1
162.204321400,0,1
162.204347400,1,1
162.204356000,0,1
162.204399400,1,1
162.204408000,0,1
162.204485800,1,1
162.204494400,0,1
162.204511800,1,1
162.204520400,0,1
162.204572400,1,1
162.204581000,0,1
162.204598400,1,1
162.204607000,0,1
162.204659000,1,1
162.204667600,0,1
162.204745400,1,1
162.204754200,0,1
162.204762800,1,1
162.204780000,0,1
162.204788800,1,1
162.204823400,0,1
162.204832000,1,1
162.204840600,0,1
162.204849200,1,1
162.204858000,0,1
162.204866600,1,1
162.204884000,0,1
162.204892600,1,1
162.204909800,0,1
162.204918600,1,1
162.227196600,1,0
162.227214000,1,1
162.227292000,1,0
162.227300600,1,1
162.227387400,1,0
162.227395800,1,1
162.227422000,1,0
162.227465200,1,1
162.227482600,1,0
162.227560600,1,1
162.227578000,1,0
162.227586600,1,1
162.227595200,1,0
162.227603800,1,1
162.227621200,1,0
162.227655800,1,1
162.227673200,1,0
162.227751200,1,1
162.227768600,1,0
162.227785800,1,1
162.227794600,1,0
162.227846400,1,1
162.227863800,1,0
162.227872400,1,1
162.227881200,1,0
162.227941800,1,1
162.227959200,1,0
162.227976400,1,1
162.227985200,1,0
162.228037000,1,1
162.228054600,1,0
162.228132400,1,1
162.228149800,1,0
162.228227800,1,1
162.228245200,1,0
162.228262400,1,1
162.228271200,1,0
162.228323000,1,1
162.228340400,1,0
162.228349000,1,1
162.228357800,1,0
162.228418400,1,1
162.228453200,1,0
162.228479000,1,1
162.228487800,1,0
162.228531000,1,1
162.228548400,1,0
162.228557000,1,1
162.228574400,1,0
162.228626400,1,1
162.228643800,1,0
162.228652400,1,1
162.228661000,1,0
162.228721600,1,1
162.228739000,1,0
162.228747600,1,1
162.228756400,1,0
162.228817000,1,1
162.228834400,1,0
162.228912200,1,1
162.228929800,1,0
162.228938200,1,1
162.228955800,1,0
162.228964200,1,1
162.228981800,1,0
162.229007600,1,1
162.229025000,1,0
162.229033600,1,1
162.229042400,1,0
162.229051000,1,1
162.229085800,1,0
162.229094200,1,1
162.229668400,0,1
162.229685600,1,1
162.229755000,0,1
162.229763600,1,1
162.229841400,0,1
162.229867400,1,1
162.229876000,0,1
162.229919400,1,1
162.229928000,0,1
162.230005800,1,1
162.230014600,0,1
162.230031800,1,1
162.230040400,0,1
162.230092400,1,1
162.230101000,0,1
162.230109800,1,1
162.230127000,0,1
162.230179000,1,1
162.230187600,0,1
162.230265400,1,1
162.230274200,0,1
162.230308800,1,1
162.230317400,0,1
162.230334800,1,1
162.230343400,0,1
162.230352000,1,1
162.230360600,0,1
162.230386600,1,1
162.230412600,0,1
162.230421200,1,1
162.230430000,0,1
162.230438600,1,1
162.253028000,1,0
162.253045200,1,1
162.253123200,1,0
162.253131800,1,1
162.253218600,1,0
162.253227200,1,1
162.253253200,1,0
162.253296400,1,1
162.253313800,1,0
162.253391800,1,1
162.253409200,1,0
162.253469800,1,1
162.253478600,1,0
162.253487000,1,1
162.253504600,1,0
162.253582400,1,1
162.253599800,1,0
162.253608400,1,1
162.253625800,1,0
162.253677800,1,1
162.253695200,1,0
162.253703800,1,1
162.253712400,1,0
162.253773000,1,1
162.253790400,1,0
162.253807600,1,1
162.253816400,1,0
162.253868400,1,1
162.253885800,1,0
162.253963600,1,1
162.253981000,1,0
162.254059000,1,1
162.254076400,1,0
162.254093600,1,1
162.254102400,1,0
162.254154200,1,1
162.254171800,1,0
162.254180200,1,1
162.254189000,1,0
162.254249600,1,1
162.254267000,1,0
162.254275600,1,1
162.254284400,1,0
162.254345000,1,1
162.254379600,1,0
162.254388200,1,1
162.254405600,1,0
162.254457600,1,1
162.254475000,1,0
162.254483600,1,1
162.254492400,1,0
162.254552800,1,1
162.254570400,1,0
162.254648200,1,1
162.254665600,1,0
162.254691600,1,1
162.254700200,1,0
162.254743600,1,1
162.254761000,1,0
162.254769600,1,1
162.254778200,1,0
162.254838800,1,1
162.254856200,1,0
162.254864800,1,1
162.254882200,1,0
162.254890800,1,1
162.254925600,1,0
162.254934200,1,1
162.254951600,1,0
162.254960200,1,1
162.254968800,1,0
162.254977400,1,1
162.254986200,1,0
162.255029400,1,1
162.255046800,1,0
162.255055400,1,1
162.255064200,1,0
162.255124800,1,1
162.255142200,1,0
162.255150800,1,1
162.255168200,1,0
162.255176800,1,1
162.255211600,1,0
162.255220000,1,1
162.255254800,1,0
162.255272000,1,1
162.255280800,1,0
162.255289400,1,1
162.255298200,1,0
162.255332800,1,1
162.255350200,1,0
162.255358800,1,1
162.255367400,1,0
162.255428000,1,1
162.255445400,1,0
162.255462800,1,1
162.255471400,1,0
162.255523400,1,1
162.255540800,1,0
162.255566800,1,1
162.255584200,1,0
162.255618800,1,1
162.255636200,1,0
162.255644600,1,1
162.255653400,1,0
162.255714000,1,1
162.255731400,1,0
162.255809400,1,1
162.255826800,1,0
162.255835400,1,1
162.255844000,1,0
162.255852600,1,1
162.255870000,1,0
162.255904600,1,1
162.255922000,1,0
162.255930600,1,1
162.255939400,1,0
162.256000000,1,1
162.256017400,1,0
162.256026000,1,1
162.256034800,1,0
162.256095200,1,1
162.256130000,1,0
162.256173200,1,1
162.256182000,1,0
162.256208000,1,1
162.256225400,1,0
162.256233800,1,1
162.256242600,1,0
162.256303200,1,1
162.256320600,1,0
162.256398600,1,1
162.256416000,1,0
162.256424600,1,1
162.256433200,1,0
162.256459200,1,1
162.256468000,1,0
162.256493800,1,1
162.256511200,1,0
162.256528400,1,1
162.256537200,1,0
162.256589200,1,1
162.256606600,1,0
162.256684400,1,1
162.256701800,1,0
162.256779800,1,1
162.256797200,1,0
162.256849000,1,1
162.256857800,1,0
162.256875000,1,1
162.256892400,1,0
162.256901000,1,1
162.256909800,1,0
162.256970400,1,1
162.257005200,1,0
162.257013600,1,1
162.257031200,1,0
162.257083000,1,1
162.257100400,1,0
162.257109000,1,1
162.257117800,1,0
162.257152400,1,1
162.257161000,1,0
162.257178400,1,1
162.257195800,1,0
162.257213000,1,1
162.257221800,1,0
162.257273600,1,1
162.257291000,1,0
162.257368800,1,1
162.257386400,1,0
162.257394800,1,1
162.257403600,1,0
162.257420800,1,1
162.257429600,1,0
162.257464200,1,1
162.257481600,1,0
162.257498800,1,1
162.257507600,1,0
162.257516200,1,1
162.257525000,1,0
162.257533600,1,1
162.257542200,1,0
162.257559600,1,1
162.257577000,1,0
162.257585600,1,1
162.257594200,1,0
162.257654800,1,1
162.257672200,1,0
162.257680800,1,1
162.257689600,1,0
162.257750200,1,1
162.257767600,1,0
162.257776200,1,1
162.257793600,1,0
162.257802000,1,1
162.257810800,1,0
162.257819400,1,1
162.257828200,1,0
162.257845400,1,1
162.257862800,1,0
162.257871400,1,1
162.257880200,1,0
162.257940800,1,1
162.257958200,1,0
162.257966800,1,1
162.257975400,1,0
162.258036000,1,1
162.258053400,1,0
162.258079400,1,1
162.258096800,1,0
162.258105400,1,1
162.258114000,1,0
162.258131400,1,1
162.258148800,1,0
162.258157400,1,1
162.258166000,1,0
162.258226600,1,1
162.258261400,1,0
162.258287200,1,1
162.258296000,1,0
162.258339200,1,1
162.258356600,1,0
162.258399800,1,1
162.258417200,1,0
162.258434600,1,1
162.258452000,1,0
162.258460600,1,1
162.258469200,1,0
162.258529800,1,1
162.258547200,1,0
162.258573200,1,1
162.258581800,1,0
162.258599200,1,1
162.258616600,1,0
162.258625200,1,1
162.258642600,1,0
162.258668400,1,1
162.258677200,1,0
162.258685800,1,1
162.258703200,1,0
162.258720400,1,1
162.258737800,1,0
162.258746400,1,1
162.258755200,1,0
162.258815800,1,1
162.258833200,1,0
162.258911000,1,1
162.258928400,1,0
162.258945600,1,1
162.258963000,1,0
162.258971600,1,1
162.258989000,1,0
162.259006400,1,1
162.259023800,1,0
162.259032400,1,1
162.259041000,1,0
162.259101600,1,1
162.259136400,1,0
162.259214200,1,1
162.259231600,1,0
162.259292200,1,1
162.259301000,1,0
162.259309600,1,1
162.259327000,1,0
162.259344200,1,1
162.259353000,1,0
162.259404800,1,1
162.259422200,1,0
162.259500200,1,1
162.259517600,1,0
162.259595600,1,1
162.259613000,1,0
162.259690800,1,1
162.259708200,1,0
162.259716800,1,1
162.259734200,1,0
162.259786200,1,1
162.259803600,1,0
162.259812200,1,1
162.259829600,1,0
162.259855400,1,1
162.259864200,1,0
162.259872800,1,1
162.262570000,0,1
162.262587400,1,1
162.262656600,0,1
162.262665200,1,1
162.262743200,0,1
162.262769200,1,1
162.262777800,0,1
162.262821000,1,1
162.262829800,0,1
162.262907600,1,1
162.262916200,0,1
162.262933600,1,1
162.262942200,0,1
162.262994200,1,1
162.263002800,0,1
162.263028800,1,1
162.263037400,0,1
162.263080600,1,1
162.263089400,0,1
162.263167200,1,1
162.263175800,0,1
162.263184600,1,1
162.263193200,0,1
162.263219200,1,1
162.263227800,0,1
162.263236400,1,1
162.263262400,0,1
162.263271000,1,1
162.263288400,0,1
162.263297000,1,1
162.263305600,0,1
162.263323000,1,1
162.287394600,1,0
162.287411800,1,1
162.287489800,1,0
162.287498400,1,1
162.287585200,1,0
162.287593800,1,1
162.287619800,1,0
162.287663200,1,1
162.287689200,1,0
162.287767000,1,1
162.287784600,1,0
162.287827800,1,1
162.287836600,1,0
162.287862400,1,1
162.287879800,1,0
162.287957800,1,1
162.287975200,1,0
162.288001000,1,1
162.288009800,1,0
162.288053000,1,1
162.288070400,1,0
162.288079000,1,1
162.288087800,1,0
162.288148400,1,1
162.288165800,1,0
162.288183000,1,1
162.288191800,1,0
162.288243800,1,1
162.288261200,1,0
162.288339000,1,1
162.288356400,1,0
162.288434400,1,1
162.288451800,1,0
162.288469000,1,1
162.288477800,1,0
162.288529600,1,1
162.288547000,1,0
162.288555600,1,1
162.288564400,1,0
162.288625000,1,1
162.288642400,1,0
162.288720400,1,1
162.288737800,1,0
162.288746200,1,1
162.288763800,1,0
162.288815600,1,1
162.288833000,1,0
162.288841600,1,1
162.288850400,1,0
162.288911000,1,1
162.288945800,1,0
162.289023600,1,1
162.289041000,1,0
162.289067000,1,1
162.289075800,1,0
162.289119000,1,1
162.289136400,1,0
162.289145000,1,1
162.289153800,1,0
162.289214400,1,1
162.289231800,1,0
162.289309600,1,1
162.289327000,1,0
162.289405000,1,1
162.289422400,1,0
162.289431000,1,1
162.289439800,1,0
162.289448400,1,1
162.289457000,1,0
162.289465600,1,1
162.289474400,1,0
162.289483000,1,1
162.289491800,1,0
162.289500400,1,1
162.289517800,1,0
162.289526400,1,1
162.289535000,1,0
162.289543600,1,1
162.289552400,1,0
162.289561000,1,1
162.289569800,1,0
162.289578400,1,1
162.289587000,1,0
162.289595600,1,1
162.844148000,0,1
162.844165400,1,1
162.844234600,0,1
162.844243200,1,1
162.844321200,0,1
162.844347200,1,1
162.844355800,0,1
162.844399000,1,1
162.844407600,0,1
162.844485600,1,1
162.844494200,0,1
162.844511600,1,1
162.844520200,0,1
162.844572200,1,1
162.844580800,0,1
162.844589400,1,1
162.844598000,0,1
162.844606800,1,1
162.844615400,0,1
162.844658600,1,1
162.844667400,0,1
162.844745200,1,1
162.844753800,0,1
162.844771200,1,1
162.844779800,0,1
162.844805800,1,1
162.844840400,0,1
162.844857600,1,1
162.844866400,0,1
162.844875000,1,1
162.869086000,1,0
162.869103200,1,1
162.869181400,1,0
162.869190000,1,1
162.869276600,1,0
162.869285200,1,1
162.869311400,1,0
162.869354600,1,1
162.869380600,1,0
162.869458600,1,1
162.869476000,1,0
162.869484600,1,1
162.869502000,1,0
162.869510600,1,1
162.869528000,1,0
162.869553800,1,1
162.869571200,1,0
162.869649200,1,1
162.869666600,1,0
162.869675200,1,1
162.869684000,1,0
162.869692600,1,1
162.869701200,1,0
162.869744600,1,1
162.869762000,1,0
162.869770400,1,1
162.869779200,1,0
162.869839800,1,1
162.869857200,1,0
162.869874400,1,1
162.869883200,1,0
162.869935200,1,1
162.869952600,1,0
162.870030400,1,1
162.870047800,1,0
162.870125800,1,1
162.870143200,1,0
162.870151800,1,1
162.870177800,1,0
162.870221000,1,1
162.870238400,1,0
162.870255600,1,1
162.870264400,1,0
162.870316400,1,1
162.870333800,1,0
162.870351000,1,1
162.870359800,1,0
162.870411600,1,1
162.870429000,1,0
162.870472400,1,1
162.870481000,1,0
162.870489600,1,1
162.870524400,1,0
162.870559000,1,1
162.870567800,1,0
162.870602200,1,1
162.870637000,1,0
162.870663000,1,1
162.870671600,1,0
162.870715000,1,1
162.870732400,1,0
162.870810200,1,1
162.870827600,1,0
162.870905600,1,1
162.870923000,1,0
162.870931400,1,1
162.870940200,1,0
162.870948800,1,1
162.870957600,1,0
162.870974800,1,1
162.870983600,1,0
162.871000800,1,1
162.871018200,1,0
162.871087400,1,1
162.871113600,1,0
162.871122000,1,1
162.871130800,1,0
162.871139400,1,1
162.871156800,1,0
162.871191400,1,1
162.871208800,1,0
162.871226000,1,1
162.871234800,1,0
162.871286800,1,1
162.871304200,1,0
162.871321400,1,1
162.871330200,1,0
162.871382000,1,1
162.871399400,1,0
162.871442600,1,1
162.871451400,1,0
162.871460000,1,1
162.871512000,1,0
162.871529400,1,1
162.871555400,1,0
162.871590000,1,1
162.871607400,1,0
162.871633200,1,1
162.871642000,1,0
162.871685200,1,1
162.871702800,1,0
162.871780600,1,1
162.871798000,1,0
162.871875800,1,1
162.871893400,1,0
162.871901800,1,1
162.871910600,1,0
162.871919200,1,1
162.871928000,1,0
162.871945200,1,1
162.871954000,1,0
162.871971200,1,1
162.871988600,1,0
162.872057800,1,1
162.872084000,1,0
162.872161800,1,1
162.872179200,1,0
162.872187800,1,1
162.872196600,1,0
162.872213800,1,1
162.872222600,1,0
162.872239800,1,1
162.872274600,1,0
162.872291800,1,1
162.872300600,1,0
162.872309000,1,1
162.872317800,1,0
162.872352400,1,1
162.889762200,0,1
162.889779600,1,1
162.889848800,0,1
162.889857400,1,1
162.889935200,0,1
162.889961200,1,1
162.889970000,0,1
162.890013200,1,1
162.890021800,0,1
162.890099800,1,1
162.890108400,0,1
162.890125600,1,1
162.890134400,0,1
162.890186200,1,1
162.890195000,0,1
162.890203600,1,1
162.890220800,0,1
162.890229600,1,1
162.890238200,0,1
162.890272800,1,1
162.890281400,0,1
162.890359400,1,1
162.890368000,0,1
162.890376600,1,1
162.890385200,0,1
162.890428600,1,1
162.890454600,0,1
162.890463200,1,1
162.890471800,0,1
162.890480400,1,1
162.890489200,0,1
162.890497800,1,1
162.913909400,1,0
162.913926600,1,1
162.914004800,1,0
162.914013400,1,1
162.914100000,1,0
162.914108600,1,1
162.914134800,1,0
162.914178000,1,1
162.914195400,1,0
162.914273400,1,1
162.914290800,1,0
162.914299400,1,1
162.914316800,1,0
162.914368600,1,1
162.914386000,1,0
162.914394600,1,1
162.914412000,1,0
162.914464000,1,1
162.914481400,1,0
162.914490000,1,1
162.914507400,1,0
162.914516000,1,1
162.914524800,1,0
162.914559200,1,1
162.914594000,1,0
162.914672000,1,1
162.914689400,1,0
162.914698000,1,1
162.914706600,1,0
162.914723800,1,1
162.914732600,1,0
162.914749800,1,1
162.914758600,1,0
162.914767200,1,1
162.914784600,1,0
162.914801800,1,1
162.914819400,1,0
162.914827800,1,1
162.914845200,1,0
162.914862600,1,1
163.214149600,0,1
163.214166800,1,1
163.214236000,0,1
163.214244800,1,1
163.214322600,0,1
163.214348600,1,1
163.214357200,0,1
163.214400400,1,1
163.214409200,0,1
163.214487000,1,1
163.214495600,0,1
163.214513000,1,1
163.214521600,0,1
163.214573600,1,1
163.214582200,0,1
163.214599600,1,1
163.214608200,0,1
163.214660200,1,1
163.214668800,0,1
163.214746600,1,1
163.214755400,0,1
163.214764000,1,1
163.214781200,0,1
163.214790000,1,1
163.214824600,0,1
163.214833200,1,1
163.214841800,0,1
163.214850400,1,1
163.214859200,0,1
163.214867800,1,1
163.214885200,0,1
163.214893800,1,1
163.214911000,0,1
163.214919800,1,1
163.239842600,1,0
163.239859800,1,1
163.239937800,1,0
163.239946400,1,1
163.240033200,1,0
163.240041800,1,1
163.240067800,1,0
163.240111000,1,1
163.240128400,1,0
163.240206400,1,1
163.240223800,1,0
163.240232400,1,1
163.240241200,1,0
163.240249600,1,1
163.240267200,1,0
163.240301600,1,1
163.240319200,1,0
163.240397000,1,1
163.240414400,1,0
163.240431600,1,1
163.240440400,1,0
163.240492400,1,1
163.240509800,1,0
163.240518400,1,1
163.240527000,1,0
163.240587600,1,1
163.240605000,1,0
163.240622200,1,1
163.240631000,1,0
163.240683000,1,1
163.240700400,1,0
163.240778200,1,1
163.240795600,1,0
163.240873600,1,1
163.240891000,1,0
163.240908200,1,1
163.240917000,1,0
163.240968800,1,1
163.240986400,1,0
163.240994800,1,1
163.241003600,1,0
163.241064200,1,1
163.241081600,1,0
163.241107600,1,1
163.241116200,1,0
163.241159600,1,1
163.241177000,1,0
163.241185600,1,1
163.241203000,1,0
163.241254800,1,1
163.241272200,1,0
163.241280800,1,1
163.241289600,1,0
163.241350200,1,1
163.241384800,1,0
163.241393400,1,1
163.241402200,1,0
163.241462800,1,1
163.241480200,1,0
163.241558000,1,1
163.241575600,1,0
163.241584000,1,1
163.241601600,1,0
163.241610000,1,1
163.241627600,1,0
163.241653400,1,1
163.241670800,1,0
163.241679400,1,1
163.241688200,1,0
163.241696800,1,1
163.241731400,1,0
163.241740000,1,1
163.242516600,0,1
163.242534000,1,1
163.242603200,0,1
163.242611800,1,1
163.242689800,0,1
163.242715600,1,1
163.242724400,0,1
163.242767600,1,1
163.242776200,0,1
163.242854200,1,1
163.242862800,0,1
163.242880200,1,1
163.242888800,0,1
163.242940600,1,1
163.242949400,0,1
163.242958000,1,1
163.242975400,0,1
163.243027200,1,1
163.243035800,0,1
163.243113800,1,1
163.243122400,0,1
163.243157000,1,1
163.243165600,0,1
163.243183000,1,1
163.243191600,0,1
163.243200400,1,1
163.243209000,0,1
163.243235000,1,1
163.243260800,0,1
163.243269600,1,1
163.243278200,0,1
163.243286800,1,1
163.265586600,1,0
163.265603800,1,1
163.265681800,1,0
163.265690400,1,1
163.265777200,1,0
163.265785800,1,1
163.265811800,1,0
163.265855000,1,1
163.265872400,1,0
163.265950400,1,1
163.265967800,1,0
163.266028400,1,1
163.266037000,1,0
163.266045600,1,1
163.266063000,1,0
163.266141000,1,1
163.266158400,1,0
163.266167000,1,1
163.266184400,1,0
163.266236200,1,1
163.266253600,1,0
163.266262200,1,1
163.266271000,1,0
163.266331600,1,1
163.266349000,1,0
163.266366200,1,1
163.266375000,1,0
163.266426800,1,1
163.266444200,1,0
163.266522200,1,1
163.266539600,1,0
163.266617400,1,1
163.266634800,1,0
163.266652200,1,1
163.266660800,1,0
163.266712800,1,1
163.266730200,1,0
163.266738800,1,1
163.266747600,1,0
163.266808000,1,1
163.266825400,1,0
163.266834000,1,1
163.266842800,1,0
163.266903400,1,1
163.266946800,1,0
163.266955400,1,1
163.266972800,1,0
163.267024600,1,1
163.267042200,1,0
163.267050600,1,1
163.267059400,1,0
163.267120000,1,1
163.267137400,1,0
163.267215400,1,1
163.267232800,1,0
163.267258600,1,1
163.267267400,1,0
163.267310600,1,1
163.267328000,1,0
163.267336600,1,1
163.267345400,1,0
163.267406000,1,1
163.267440600,1,0
163.267449200,1,1
163.267466600,1,0
163.267475200,1,1
163.267510000,1,0
163.267518600,1,1
163.267536000,1,0
163.267544600,1,1
163.267553400,1,0
163.267561800,1,1
163.267570600,1,0
163.267613800,1,1
163.267631200,1,0
163.267639800,1,1
163.267648600,1,0
163.267709200,1,1
163.267726600,1,0
163.267735200,1,1
163.267752600,1,0
163.267761200,1,1
163.267796000,1,0
163.267804600,1,1
163.267822000,1,0
163.267839200,1,1
163.267848000,1,0
163.267856400,1,1
163.267865200,1,0
163.267899800,1,1
163.267917200,1,0
163.267925800,1,1
163.267934600,1,0
163.267995200,1,1
163.268012600,1,0
163.268029800,1,1
163.268038600,1,0
163.268090400,1,1
163.268107800,1,0
163.268133800,1,1
163.268151200,1,0
163.268185800,1,1
163.268203200,1,0
163.268211800,1,1
163.268220400,1,0
163.268281000,1,1
163.268315800,1,0
163.268393600,1,1
163.268411000,1,0
163.268419600,1,1
163.268428400,1,0
163.268437000,1,1
163.268454400,1,0
163.268489000,1,1
163.268506400,1,0
163.268515000,1,1
163.268523800,1,0
163.268584200,1,1
163.268601600,1,0
163.268610200,1,1
163.268619000,1,0
163.268679600,1,1
163.268697000,1,0
163.268740200,1,1
163.268749000,1,0
163.268775000,1,1
163.268792400,1,0
163.268800800,1,1
163.268809600,1,0
163.268870200,1,1
163.268887600,1,0
163.268965600,1,1
163.268983000,1,0
163.268991600,1,1
163.269000200,1,0
163.269026200,1,1
163.269035000,1,0
163.269060800,1,1
163.269078200,1,0
163.269095400,1,1
163.269104200,1,0
163.269156200,1,1
163.269190800,1,0
163.269268800,1,1
163.269286200,1,0
163.269364000,1,1
163.269381600,1,0
163.269433400,1,1
163.269442200,1,0
163.269459400,1,1
163.269476800,1,0
163.269485400,1,1
163.269494200,1,0
163.269554800,1,1
163.269572200,1,0
163.269580800,1,1
163.269598200,1,0
163.269650000,1,1
163.269667400,1,0
163.269676000,1,1
163.269684800,1,0
163.269719400,1,1
163.269728000,1,0
163.269745400,1,1
163.269762800,1,0
163.269780000,1,1
163.269788800,1,0
163.269840600,1,1
163.269858000,1,0
163.269936000,1,1
163.269953400,1,0
163.269962000,1,1
163.269970600,1,0
163.269988000,1,1
163.269996600,1,0
163.270031200,1,1
163.270048600,1,0
163.270066000,1,1
163.270074600,1,0
163.270083200,1,1
163.270092000,1,0
163.270100600,1,1
163.270109400,1,0
163.270126600,1,1
163.270144000,1,0
163.270152600,1,1
163.270161400,1,0
163.270221800,1,1
163.270239400,1,0
163.270247800,1,1
163.270256600,1,0
163.270317200,1,1
163.270334600,1,0
163.270343200,1,1
163.270360600,1,0
163.270369200,1,1
163.270378000,1,0
163.270386400,1,1
163.270395200,1,0
163.270412400,1,1
163.270447200,1,0
163.270455800,1,1
163.270464600,1,0
163.270525200,1,1
163.270542600,1,0
163.270551000,1,1
163.270559800,1,0
163.270620400,1,1
163.270637800,1,0
163.270663800,1,1
163.270681200,1,0
163.270689600,1,1
163.270698400,1,0
163.270715600,1,1
163.270733000,1,0
163.270741600,1,1
163.270750400,1,0
163.270811000,1,1
163.270828400,1,0
163.270854200,1,1
163.270863000,1,0
163.270906200,1,1
163.270923600,1,0
163.270966800,1,1
163.270984400,1,0
163.271001600,1,1
163.271019000,1,0
163.271027600,1,1
163.271036200,1,0
163.271096800,1,1
163.271114200,1,0
163.271140200,1,1
163.271149000,1,0
163.271166200,1,1
163.271183600,1,0
163.271192200,1,1
163.271209600,1,0
163.271235400,1,1
163.271244200,1,0
163.271252800,1,1
163.271270200,1,0
163.271287400,1,1
163.271322200,1,0
163.271330800,1,1
163.271339600,1,0
163.271400000,1,1
163.271417400,1,0
163.271495400,1,1
163.271512800,1,0
163.271530000,1,1
163.271547400,1,0
163.271556000,1,1
163.271573400,1,0
163.271590600,1,1
163.271608200,1,0
163.271616600,1,1
163.271625400,1,0
163.271686000,1,1
163.271703400,1,0
163.271781200,1,1
163.271798800,1,0
163.271859200,1,1
163.271868000,1,0
163.271876600,1,1
163.271894000,1,0
163.271911200,1,1
163.271920000,1,0
163.271971800,1,1
163.271989200,1,0
163.272067200,1,1
163.272084600,1,0
163.272162400,1,1
163.272197200,1,0
163.272275200,1,1
163.272292600,1,0
163.272301000,1,1
163.272318600,1,0
163.272370400,1,1
163.272387800,1,0
163.272396400,1,1
163.272413800,1,0
163.272439800,1,1
163.272448400,1,0
163.272457000,1,1
163.273229000,0,1
163.273246200,1,1
163.273315600,0,1
163.273324200,1,1
163.273402000,0,1
163.273428000,1,1
163.273436600,0,1
163.273480000,1,1
163.273488600,0,1
163.273566400,1,1
163.273575200,0,1
163.273592400,1,1
163.273601000,0,1
163.273653000,1,1
163.273661600,0,1
163.273687600,1,1
163.273696200,0,1
163.273739600,1,1
163.273748200,0,1
163.273826000,1,1
163.273834800,0,1
163.273843400,1,1
163.273852000,0,1
163.273878000,1,1
163.273886600,0,1
163.273895400,1,1
163.273921200,0,1
163.273930000,1,1
163.273947200,0,1
163.273955800,1,1
163.273964600,0,1
163.273981800,1,1
163.295047200,1,0
163.295064400,1,1
163.295142400,1,0
163.295151000,1,1
163.295237800,1,0
163.295246400,1,1
163.295272400,1,0
163.295315600,1,1
163.295333200,1,0
163.295411000,1,1
163.295428400,1,0
163.295471600,1,1
163.295480400,1,0
163.295506400,1,1
163.295523800,1,0
163.295601600,1,1
163.295619000,1,0
163.295645000,1,1
163.295653800,1,0
163.295697000,1,1
163.295714400,1,0
163.295723000,1,1
163.295731800,1,0
163.295792200,1,1
163.295809600,1,0
163.295827000,1,1
163.295835600,1,0
163.295887600,1,1
163.295905000,1,0
163.295983000,1,1
163.296000400,1,0
163.296078200,1,1
163.296095600,1,0
163.296112800,1,1
163.296121600,1,0
163.296173600,1,1
163.296191000,1,0
163.296199600,1,1
163.296208200,1,0
163.296268800,1,1
163.296286200,1,0
163.296364200,1,1
163.296381600,1,0
163.296390200,1,1
163.296407600,1,0
163.296459400,1,1
163.296494200,1,0
163.296502800,1,1
163.296511600,1,0
163.296572000,1,1
163.296589600,1,0
163.296667400,1,1
163.296684800,1,0
163.296710800,1,1
163.296719400,1,0
163.296762600,1,1
163.296780200,1,0
163.296788600,1,1
163.296797400,1,0
163.296858000,1,1
163.296875400,1,0
163.296953400,1,1
163.296970800,1,0
163.297048600,1,1
163.297066000,1,0
163.297074600,1,1
163.297083400,1,0
163.297092000,1,1
163.297100800,1,0
163.297109200,1,1
163.297118000,1,0
163.297126600,1,1
163.297135400,1,0
163.297144000,1,1
163.297161400,1,0
163.297170000,1,1
163.297178600,1,0
163.297187200,1,1
163.297196000,1,0
163.297204600,1,1
163.297213400,1,0
163.297222000,1,1
163.297230600,1,0
163.297239200,1,1
163.397064800,0,1
163.397082000,1,1
163.397151200,0,1
163.397160000,1,1
163.397237800,0,1
163.397246400,1,1
163.397263800,0,1
163.397315600,1,1
163.397324400,0,1
163.397402200,1,1
163.397410800,0,1
163.397419600,1,1
163.397428200,0,1
163.397454200,1,1
163.397462800,0,1
163.397488800,1,1
163.397497400,0,1
163.397506000,1,1
163.397514800,0,1
163.397575200,1,1
163.397584000,0,1
163.397592600,1,1
163.397610000,0,1
163.397661800,1,1
163.397670400,0,1
163.397679200,1,1
163.397696400,0,1
163.397713800,1,1
163.397739800,0,1
163.397748400,1,1
163.397757000,0,1
163.397783000,1,1
163.397800200,0,1
163.397834800,1,1
163.397843600,0,1
163.397869600,1,1
163.397886800,0,1
163.397904200,1,1
163.397912800,0,1
163.397921400,1,1
163.397930000,0,1
163.397938800,1,1
163.397947400,0,1
163.397964800,1,1
163.397973400,0,1
163.397982000,1,1
163.397999400,0,1
163.398008000,1,1
163.398016600,0,1
163.398034000,1,1
163.398051200,0,1
163.398059800,1,1
163.398085800,0,1
163.398094600,1,1
163.398103200,0,1
163.398111800,1,1
163.398120400,0,1
163.398137800,1,1
163.398146400,0,1
163.398155000,1,1
163.398172400,0,1
163.398181000,1,1
163.398189800,0,1
163.398207000,1,1
163.398233000,0,1
163.398241600,1,1
163.398259000,0,1
163.398267600,1,1
163.398276200,0,1
163.398284800,1,1
163.398310800,0,1
163.398328200,1,1
163.398345400,0,1
163.398354200,1,1
163.398362800,0,1
163.398414600,1,1
163.398423400,0,1
163.398440600,1,1
163.398449400,0,1
163.398466600,1,1
163.398475200,0,1
163.398492600,1,1
163.398518600,0,1
163.398527200,1,1
163.398535800,0,1
163.398544600,1,1
163.398579200,0,1
163.398587800,1,1
163.398605000,0,1
163.398613800,1,1
163.398622400,0,1
163.398631000,1,1
163.398665600,0,1
163.398674400,1,1
163.398691600,0,1
163.398700200,1,1
163.398709000,0,1
163.398717600,1,1
163.398726200,0,1
163.398734800,1,1
163.398752200,0,1
163.398760800,1,1
163.398778200,0,1
163.398786800,1,1
163.398795400,0,1
163.398873400,1,1
163.398882000,0,1
163.398959800,1,1
163.398968600,0,1
163.398977200,1,1
163.398985800,0,1
163.399020400,1,1
163.399029200,0,1
163.399037800,1,1
163.399055000,0,1
163.399063800,1,1
163.399072400,0,1
163.399107000,1,1
163.399115600,0,1
163.399124400,1,1
163.421671600,1,0
163.421688800,1,1
163.421767000,1,0
163.421775600,1,1
163.421862200,1,0
163.421870800,1,1
163.421897000,1,0
163.421940200,1,1
163.421957600,1,0
163.422035600,1,1
163.422053000,1,0
163.422061600,1,1
163.422070200,1,0
163.422078800,1,1
163.422087600,1,0
163.422104800,1,1
163.422122200,1,0
163.422130800,1,1
163.422148200,1,0
163.422226200,1,1
163.422243600,1,0
163.422252200,1,1
163.422261000,1,0
163.422321600,1,1
163.422339000,1,0
163.422347600,1,1
163.422356200,1,0
163.422416800,1,1
163.422434200,1,0
163.422451600,1,1
163.422460200,1,0
163.422512200,1,1
163.422529600,1,0
163.422607600,1,1
163.422642200,1,0
163.422720200,1,1
163.422737600,1,0
163.422754800,1,1
163.422763600,1,0
163.422815600,1,1
163.422833000,1,0
163.422841600,1,1
163.422850200,1,0
163.422910800,1,1
163.422928200,1,0
163.423006200,1,1
163.423023600,1,0
163.423032200,1,1
163.423049600,1,0
163.423101600,1,1
163.423119000,1,0
163.423127400,1,1
163.423145000,1,0
163.423162200,1,1
163.423188200,1,0
163.423196800,1,1
163.423214200,1,0
163.423240200,1,1
163.423257600,1,0
163.423292200,1,1
163.423309600,1,0
163.423335400,1,1
163.423353000,1,0
163.423370200,1,1
163.423378800,1,0
163.423387400,1,1
163.423404800,1,0
163.423413400,1,1
163.423422200,1,0
163.423439400,1,1
163.423448200,1,0
163.423456800,1,1
163.423474200,1,0
163.423482800,1,1
163.423517600,1,0
163.423534800,1,1
163.423552200,1,0
163.423560800,1,1
163.423586800,1,0
163.423595400,1,1
163.423612800,1,0
163.423621400,1,1
163.423630200,1,0
163.423647400,1,1
163.423656200,1,0
163.423664800,1,1
163.423682200,1,0
163.423690800,1,1
163.423708200,1,0
163.423725400,1,1
163.423751600,1,0
163.423760000,1,1
163.423777600,1,0
163.423786000,1,1
163.423803600,1,0
163.423812000,1,1
163.423838200,1,0
163.423855400,1,1
163.423872800,1,0
163.423881400,1,1
163.423898800,1,0
163.423950800,1,1
163.423959400,1,0
163.423976800,1,1
163.423994200,1,0
163.424011400,1,1
163.424020200,1,0
163.424037400,1,1
163.424063400,1,0
163.424072000,1,1
163.424089400,1,0
163.424098000,1,1
163.424132800,1,0
163.424141400,1,1
163.424158800,1,0
163.424167400,1,1
163.424184800,1,0
163.424193400,1,1
163.424228000,1,0
163.424236600,1,1
163.424254000,1,0
163.424262600,1,1
163.424280000,1,0
163.424288600,1,1
163.424297400,1,0
163.424306000,1,1
163.424323400,1,0
163.424332000,1,1
163.424349400,1,0
163.424358000,1,1
163.424392600,1,0
163.424470600,1,1
163.424488000,1,0
163.424514000,1,1
163.424522600,1,0
163.424565800,1,1
163.424583400,1,0
163.424591800,1,1
163.424609400,1,0
163.424626600,1,1
163.424652600,1,0
163.424661200,1,1
163.424678600,1,0
163.424713200,1,1
163.424722000,1,0
163.424756400,1,1
163.424774000,1,0
163.424782400,1,1
163.424791200,1,0
163.424799800,1,1
163.424808600,1,0
163.424817200,1,1
163.424825800,1,0
163.424834400,1,1
163.424843200,1,0
163.424851800,1,1
163.424869200,1,0
163.424886400,1,1
163.424912600,1,0
163.424921200,1,1
163.424938600,1,0
163.424947000,1,1
163.424964600,1,0
163.424973000,1,1
163.424981800,1,0
163.424999000,1,1
163.425007800,1,0
163.425016400,1,1
163.425033800,1,0
163.425042400,1,1
163.425059800,1,0
163.425068400,1,1
163.425085800,1,0
163.425111600,1,1
163.425129200,1,0
163.425137600,1,1
163.425155200,1,0
163.425163600,1,1
163.425198400,1,0
163.425207000,1,1
163.425224400,1,0
163.425233000,1,1
163.425267800,1,0
163.425285000,1,1
163.425293800,1,0
163.425311000,1,1
163.425337000,1,0
163.425345600,1,1
163.425363000,1,0
163.425380400,1,1
163.425406400,1,0
163.425415000,1,1
163.425432400,1,0
163.425441000,1,1
163.425458400,1,0
163.425536200,1,1
163.425553600,1,0
163.425562200,1,1
163.425571000,1,0
163.425579600,1,1
163.425588400,1,0
163.425631600,1,1
163.425649000,1,0
163.425657600,1,1
163.425675000,1,0
163.425692200,1,1
163.425718400,1,0
163.425726800,1,1
163.425744400,1,0
163.425761600,1,1
163.425770400,1,0
163.425778800,1,1
163.425787600,1,0
163.425822200,1,1
163.425839600,1,0
163.425848200,1,1
163.425857000,1,0
163.425900200,1,1
163.425909000,1,0
163.425917600,1,1
163.425935000,1,0
163.425943600,1,1
163.425961000,1,0
163.425995400,1,1
163.426004200,1,0
163.426012800,1,1
163.426039000,1,0
163.426082200,1,1
163.426099600,1,0
163.426116800,1,1
163.426142800,1,0
163.426151400,1,1
163.426160200,1,0
163.426177400,1,1
163.426203600,1,0
163.426220800,1,1
163.426238200,1,0
163.426246800,1,1
163.426255600,1,0
163.426264000,1,1
163.426272800,1,0
163.426281400,1,1
163.426298800,1,0
163.426316000,1,1
163.426333400,1,0
163.426342000,1,1
163.426350800,1,0
163.426376800,1,1
163.426394200,1,0
163.426411400,1,1
163.426428800,1,0
163.426437400,1,1
163.426472200,1,0
163.426480600,1,1
163.426489400,1,0
163.426506600,1,1
163.426524000,1,0
163.426532600,1,1
163.426541400,1,0
163.426567400,1,1
163.426584800,1,0
163.426602000,1,1
163.426619400,1,0
163.426628000,1,1
163.426645400,1,0
163.426662600,1,1
163.426680000,1,0
163.426697200,1,1
163.426714800,1,0
163.426792600,1,1
163.426810000,1,0
163.426818600,1,1
163.426844600,1,0
163.426888000,1,1
163.426905400,1,0
163.426913800,1,1
163.426922600,1,0
163.426983200,1,1
163.427018000,1,0
163.427095800,1,1
163.427113200,1,0
163.427147800,1,1
163.427156600,1,0
163.427191200,1,1
163.427208600,1,0
163.427217200,1,1
163.427225800,1,0
163.427286400,1,1
163.427303800,1,0
163.427312400,1,1
163.427329800,1,0
163.427381800,1,1
163.427399200,1,0
163.427407800,1,1
163.427416600,1,0
163.427433800,1,1
163.427442400,1,0
163.427477000,1,1
163.427494400,1,0
163.427503000,1,1
163.427511800,1,0
163.427572400,1,1
163.427589800,1,0
163.427598400,1,1
163.427615800,1,0
163.427667800,1,1
163.427685200,1,0
163.427702400,1,1
163.427711200,1,0
163.427719800,1,1
163.427728400,1,0
163.427763000,1,1
163.427780400,1,0
163.427789000,1,1
163.427797800,1,0
163.427858400,1,1
163.427875800,1,0
163.427953600,1,1
163.427971000,1,0
163.427979600,1,1
163.427997000,1,0
163.428005600,1,1
163.428014400,1,0
163.428049000,1,1
163.428066400,1,0
163.428075000,1,1
163.428083800,1,0
163.428144200,1,1
163.428161800,1,0
163.428239600,1,1
163.428274400,1,0
163.428300200,1,1
163.428317600,1,0
163.428352200,1,1
163.428369600,1,0
163.428378200,1,1
163.428387000,1,0
163.428447600,1,1
163.428465000,1,0
163.428482200,1,1
163.428491000,1,0
163.428508200,1,1
163.428517000,1,0
163.428542800,1,1
163.428560200,1,0
163.428568800,1,1
163.428577600,1,0
163.428586200,1,1
163.428603600,1,0
163.428638200,1,1
163.428655600,1,0
163.428664200,1,1
163.428681600,1,0
163.428698800,1,1
163.428724800,1,0
163.428733400,1,1
163.428750800,1,0
163.428759400,1,1
163.428768200,1,0
163.428776800,1,1
163.428794200,1,0
163.428828800,1,1
163.428846200,1,0
163.428863400,1,1
163.428880800,1,0
163.428889400,1,1
163.428906800,1,0
163.428924000,1,1
163.428941600,1,0
163.428976000,1,1
163.429002200,1,0
163.429019400,1,1
163.429036800,1,0
163.429071400,1,1
163.429097400,1,0
163.429114800,1,1
163.429149400,1,0
163.429192800,1,1
163.429210200,1,0
163.429227400,1,1
163.429244800,1,0
163.429288000,1,1
163.429305400,1,0
163.429322600,1,1
163.429340200,1,0
163.429348600,1,1
163.429357400,1,0
163.429383400,1,1
163.429400800,1,0
163.429418000,1,1
163.429435400,1,0
163.429478600,1,1
163.429496000,1,0
163.429513400,1,1
163.429530800,1,0
163.429574000,1,1
163.429591400,1,0
163.429608600,1,1
163.429626000,1,0
163.429634600,1,1
163.429643400,1,0
163.429669200,1,1
163.429686800,1,0
163.429704000,1,1
163.429721400,1,0
163.429730000,1,1
163.429747400,1,0
163.429764600,1,1
163.429782000,1,0
163.429799200,1,1
163.429816600,1,0
163.429834000,1,1
163.429851400,1,0
163.429860000,1,1
163.429877400,1,0
163.429894600,1,1
163.429912000,1,0
163.429920600,1,1
163.429929400,1,0
163.429946600,1,1
163.429972600,1,0
163.429989800,1,1
163.430024600,1,0
163.430102600,1,1
163.430120000,1,0
163.430128600,1,1
163.430163200,1,0
163.430197800,1,1
163.430215200,1,0
163.430223800,1,1
163.430241200,1,0
163.430258600,1,1
163.430284600,1,0
163.430293200,1,1
163.430310600,1,0
163.430327800,1,1
163.430345200,1,0
163.430388400,1,1
163.430406000,1,0
163.430449200,1,1
163.430466600,1,0
163.430483800,1,1
163.430501200,1,0
163.430518400,1,1
163.430544600,1,0
163.430553200,1,1
163.430561800,1,0
163.430579000,1,1
163.430596600,1,0
163.430631000,1,1
163.430657200,1,0
163.430674400,1,1
163.430691800,1,0
163.430709000,1,1
163.430735200,1,0
163.430743800,1,1
163.430752400,1,0
163.430769600,1,1
163.430787200,1,0
163.430804400,1,1
163.430821800,1,0
163.430830400,1,1
163.430847800,1,0
163.430865000,1,1
163.430899800,1,0
163.430977600,1,1
163.430995000,1,0
163.431012200,1,1
163.431021000,1,0
163.431038200,1,1
163.431047000,1,0
163.431073000,1,1
163.431090400,1,0
163.431099000,1,1
163.431116400,1,0
163.431133600,1,1
163.431159800,1,0
163.431168200,1,1
163.431185600,1,0
163.431203000,1,1
163.431220400,1,0
163.431263600,1,1
163.431281000,1,0
163.431324200,1,1
163.431341600,1,0
163.431359000,1,1
163.431376400,1,0
163.431393600,1,1
163.431419600,1,0
163.431428200,1,1
163.431437000,1,0
163.431454200,1,1
163.431471600,1,0
163.431480200,1,1
163.431497600,1,0
163.431515000,1,1
163.431532400,1,0
163.431549600,1,1
163.431567000,1,0
163.431584200,1,1
163.431610400,1,0
163.431619000,1,1
163.431627600,1,0
163.431644800,1,1
163.431662400,1,0
163.431670800,1,1
163.431688400,1,0
163.431705600,1,1
163.431723000,1,0
163.431740200,1,1
163.431757600,1,0
163.431835600,1,1
163.431853000,1,0
163.431930800,1,1
163.431948200,1,0
163.431956800,1,1
163.431974200,1,0
163.431982800,1,1
163.431991600,1,0
163.432000200,1,1
163.432043600,1,0
163.432078200,1,1
163.432087000,1,0
163.432121600,1,1
163.491269800,0,1
163.491287200,1,1
163.491356400,0,1
163.491365000,1,1
163.491443000,0,1
163.491469000,1,1
163.491477600,0,1
163.491520800,1,1
163.491529400,0,1
163.491607400,1,1
163.491616000,0,1
163.491633400,1,1
163.491642000,0,1
163.491694000,1,1
163.491702600,0,1
163.491711200,1,1
163.491719800,0,1
163.491780400,1,1
163.491789000,0,1
163.491867000,1,1
163.491875600,0,1
163.491893000,1,1
163.491919000,0,1
163.491927600,1,1
163.491936200,0,1
163.491953600,1,1
163.491962200,0,1
163.491979400,1,1
163.492022800,0,1
163.492040000,1,1
163.516556200,1,0
163.516573400,1,1
163.516651400,1,0
163.516660000,1,1
163.516746800,1,0
163.516755400,1,1
163.516781400,1,0
163.516824600,1,1
163.516842000,1,0
163.516920000,1,1
163.516946000,1,0
163.516954600,1,1
163.516963400,1,0
163.516972000,1,1
163.516980800,1,0
163.516998000,1,1
163.517015400,1,0
163.517024000,1,1
163.517041400,1,0
163.517119200,1,1
163.517136800,1,0
163.517145200,1,1
163.517154000,1,0
163.517214600,1,1
163.517232000,1,0
163.517240600,1,1
163.517249400,1,0
163.517309800,1,1
163.517327400,1,0
163.517344600,1,1
163.517353400,1,0
163.517405200,1,1
163.517440000,1,0
163.517517800,1,1
163.517535200,1,0
163.517613200,1,1
163.517630600,1,0
163.517647800,1,1
163.517656600,1,0
163.517708400,1,1
163.517725800,1,0
163.517734400,1,1
163.517743200,1,0
163.517803800,1,1
163.517821200,1,0
163.517899000,1,1
163.517916400,1,0
163.517925000,1,1
163.517942400,1,0
163.517994400,1,1
163.518011800,1,0
163.518020400,1,1
163.518037800,1,0
163.518055000,1,1
163.518081200,1,0
163.518089600,1,1
163.518107200,1,0
163.518133000,1,1
163.518150400,1,0
163.518185000,1,1
163.518202400,1,0
163.518228400,1,1
163.518245800,1,0
163.518263000,1,1
163.518271800,1,0
163.518280200,1,1
163.518315000,1,0
163.518323600,1,1
163.518332400,1,0
163.518349600,1,1
163.518358400,1,0
163.518367000,1,1
163.518384400,1,0
163.518393000,1,1
163.518410400,1,0
163.518427600,1,1
163.518445000,1,0
163.518453600,1,1
163.518479600,1,0
163.518488200,1,1
163.518505600,1,0
163.518514200,1,1
163.518523000,1,0
163.518540200,1,1
163.518549000,1,0
163.518557600,1,1
163.518575000,1,0
163.518583600,1,1
163.518601000,1,0
163.518618200,1,1
163.518644200,1,0
163.518652800,1,1
163.518670200,1,0
163.518678800,1,1
163.518696200,1,0
163.518704800,1,1
163.518731000,1,0
163.518748200,1,1
163.518765600,1,0
163.518774200,1,1
163.518791600,1,0
163.518843400,1,1
163.518852200,1,0
163.518869400,1,1
163.518886800,1,0
163.518904200,1,1
163.518912800,1,0
163.518930200,1,1
163.518956200,1,0
163.518964800,1,1
163.518982200,1,0
163.518990800,1,1
163.519025600,1,0
163.519034000,1,1
163.519051600,1,0
163.519060000,1,1
163.519077600,1,0
163.519086000,1,1
163.519120800,1,0
163.519129400,1,1
163.519146800,1,0
163.519155400,1,1
163.519172800,1,0
163.519181400,1,1
163.519190200,1,0
163.519198800,1,1
163.519216200,1,0
163.519224800,1,1
163.519242200,1,0
163.519250800,1,1
163.519268200,1,0
163.519346000,1,1
163.519363400,1,0
163.519389400,1,1
163.519398200,1,0
163.519441400,1,1
163.519458800,1,0
163.519467400,1,1
163.519484800,1,0
163.519502000,1,1
163.519528000,1,0
163.519536600,1,1
163.519571400,1,0
163.519606000,1,1
163.519614800,1,0
163.519649400,1,1
163.519666800,1,0
163.519675200,1,1
163.519684000,1,0
163.519692600,1,1
163.519701400,1,0
163.519710000,1,1
163.519718800,1,0
163.519727200,1,1
163.519736000,1,0
163.519744600,1,1
163.519762000,1,0
163.519779200,1,1
163.519805400,1,0
163.519814000,1,1
163.519831400,1,0
163.519840000,1,1
163.519857400,1,0
163.519866000,1,1
163.519874600,1,0
163.519892000,1,1
163.519900600,1,0
163.519909200,1,1
163.519926600,1,0
163.519935200,1,1
163.519952600,1,0
163.519961200,1,1
163.519978600,1,0
163.520004600,1,1
163.520022000,1,0
163.520030600,1,1
163.520048000,1,0
163.520056600,1,1
163.520091200,1,0
163.520099800,1,1
163.520117200,1,0
163.520125800,1,1
163.520143200,1,0
163.520160400,1,1
163.520169200,1,0
163.520186400,1,1
163.520212600,1,0
163.520221200,1,1
163.520238600,1,0
163.520255800,1,1
163.520281800,1,0
163.520290400,1,1
163.520307800,1,0
163.520316400,1,1
163.520333800,1,0
163.520411800,1,1
163.520455200,1,0
163.520463800,1,1
163.520472400,1,0
163.520481000,1,1
163.520489800,1,0
163.520533000,1,1
163.520550400,1,0
163.520559000,1,1
163.520576400,1,0
163.520593600,1,1
163.520619800,1,0
163.520628400,1,1
163.520645800,1,0
163.520663000,1,1
163.520671800,1,0
163.520680400,1,1
163.520689000,1,0
163.520723600,1,1
163.520741000,1,0
163.520749600,1,1
163.520758400,1,0
163.520801600,1,1
163.520810400,1,0
163.520819000,1,1
163.520836400,1,0
163.520845000,1,1
163.520862400,1,0
163.520897000,1,1
163.520905800,1,0
163.520914200,1,1
163.520949000,1,0
163.520992200,1,1
163.521009600,1,0
163.521027000,1,1
163.521044400,1,0
163.521053000,1,1
163.521061600,1,0
163.521078800,1,1
163.521105000,1,0
163.521122200,1,1
163.521139600,1,0
163.521148200,1,1
163.521157000,1,0
163.521165600,1,1
163.521174400,1,0
163.521182800,1,1
163.521200400,1,0
163.521217600,1,1
163.521235000,1,0
163.521243600,1,1
163.521252200,1,0
163.521278200,1,1
163.521295600,1,0
163.521312800,1,1
163.521330200,1,0
163.521338800,1,1
163.521373600,1,0
163.521382200,1,1
163.521391000,1,0
163.521408200,1,1
163.521425600,1,0
163.521434200,1,1
163.521443000,1,0
163.521468800,1,1
163.521486200,1,0
163.521503400,1,1
163.521521000,1,0
163.521529400,1,1
163.521547000,1,0
163.521564200,1,1
163.521581600,1,0
163.521598800,1,1
163.521616200,1,0
163.521694200,1,1
163.521711600,1,0
163.521720200,1,1
163.521746200,1,0
163.521789400,1,1
163.521824200,1,0
163.521832800,1,1
163.521841600,1,0
163.521902000,1,1
163.521919600,1,0
163.521997400,1,1
163.522014800,1,0
163.522049400,1,1
163.522058200,1,0
163.522092800,1,1
163.522110200,1,0
163.522118800,1,1
163.522127400,1,0
163.522188000,1,1
163.522205400,1,0
163.522214000,1,1
163.522231400,1,0
163.522283400,1,1
163.522300800,1,0
163.522309400,1,1
163.522318000,1,0
163.522335400,1,1
163.522344000,1,0
163.522378600,1,1
163.522396000,1,0
163.522404600,1,1
163.522413400,1,0
163.522474000,1,1
163.522491400,1,0
163.522500000,1,1
163.522517400,1,0
163.522569200,1,1
163.522586800,1,0
163.522604000,1,1
163.522612600,1,0
163.522621200,1,1
163.522630000,1,0
163.522664600,1,1
163.522682000,1,0
163.522690600,1,1
163.522699400,1,0
163.522760000,1,1
163.522777400,1,0
163.522855200,1,1
163.522872600,1,0
163.522881200,1,1
163.522898600,1,0
163.522907200,1,1
163.522916000,1,0
163.522950600,1,1
163.522968000,1,0
163.522976600,1,1
163.522985200,1,0
163.523045800,1,1
163.523072000,1,0
163.523149800,1,1
163.523167200,1,0
163.523193200,1,1
163.523210600,1,0
163.523245000,1,1
163.523262600,1,0
163.523271000,1,1
163.523279800,1,0
163.523340400,1,1
163.523357800,1,0
163.523375000,1,1
163.523383800,1,0
163.523401000,1,1
163.523409800,1,0
163.523435800,1,1
163.523453200,1,0
163.523461800,1,1
163.523470400,1,0
163.523479000,1,1
163.523496400,1,0
163.523531000,1,1
163.523548400,1,0
163.523557000,1,1
163.523574400,1,0
163.523591600,1,1
163.523617800,1,0
163.523626400,1,1
163.523643800,1,0
163.523652400,1,1
163.523661000,1,0
163.523669600,1,1
163.523687000,1,0
163.523721600,1,1
163.523739000,1,0
163.523756400,1,1
163.523773800,1,0
163.523782400,1,1
163.523799800,1,0
163.523817000,1,1
163.523834400,1,0
163.523869000,1,1
163.523895000,1,0
163.523912200,1,1
163.523929800,1,0
163.523964200,1,1
163.523990400,1,0
163.524007600,1,1
163.524025000,1,0
163.524068200,1,1
163.524085600,1,0
163.524102800,1,1
163.524120400,1,0
163.524163600,1,1
163.524181000,1,0
163.524198200,1,1
163.524215600,1,0
163.524224200,1,1
163.524233000,1,0
163.524258800,1,1
163.524276200,1,0
163.524293400,1,1
163.524328200,1,0
163.524371400,1,1
163.524388800,1,0
163.524406200,1,1
163.524423600,1,0
163.524466800,1,1
163.524484200,1,0
163.524501400,1,1
163.524518800,1,0
163.524527400,1,1
163.524536200,1,0
163.524562000,1,1
163.524579400,1,0
163.524596800,1,1
163.524614200,1,0
163.524622800,1,1
163.524640200,1,0
163.524657400,1,1
163.524674800,1,0
163.524692000,1,1
163.524709400,1,0
163.524726600,1,1
163.524744200,1,0
163.524752600,1,1
163.524770200,1,0
163.524787400,1,1
163.524804800,1,0
163.524813400,1,1
163.524822000,1,0
163.524839400,1,1
163.524865400,1,0
163.524882600,1,1
163.524900000,1,0
163.524978000,1,1
163.524995400,1,0
163.525004000,1,1
163.525038800,1,0
163.525073200,1,1
163.525090600,1,0
163.525099200,1,1
163.525116600,1,0
163.525134000,1,1
163.525160000,1,0
163.525168600,1,1
163.525203400,1,0
163.525220600,1,1
163.525238000,1,0
163.525281200,1,1
163.525298600,1,0
163.525341800,1,1
163.525359400,1,0
163.525376600,1,1
163.525394000,1,0
163.525411200,1,1
163.525437200,1,0
163.525445800,1,1
163.525454600,1,0
163.525471800,1,1
163.525489200,1,0
163.525523800,1,1
163.525550000,1,0
163.525567200,1,1
163.525584600,1,0
163.525601800,1,1
163.525628000,1,0
163.525636400,1,1
163.525645200,1,0
163.525662400,1,1
163.525680000,1,0
163.525697200,1,1
163.525714600,1,0
163.525723200,1,1
163.525740600,1,0
163.525757800,1,1
163.525775200,1,0
163.525853200,1,1
163.525870600,1,0
163.525887800,1,1
163.525896600,1,0
163.525913800,1,1
163.525922600,1,0
163.525948400,1,1
163.525965800,1,0
163.525974400,1,1
163.525991800,1,0
163.526009000,1,1
163.526035200,1,0
163.526043800,1,1
163.526061200,1,0
163.526078400,1,1
163.526095800,1,0
163.526139000,1,1
163.526156400,1,0
163.526199600,1,1
163.526217200,1,0
163.526234400,1,1
163.526251800,1,0
163.526269000,1,1
163.526295000,1,0
163.526303600,1,1
163.526312400,1,0
163.526329600,1,1
163.526347000,1,0
163.526355600,1,1
163.526373000,1,0
163.526390200,1,1
163.526407800,1,0
163.526425000,1,1
163.526459800,1,0
163.526477000,1,1
163.526503000,1,0
163.526511600,1,1
163.526520400,1,0
163.526537600,1,1
163.526555000,1,0
163.526563600,1,1
163.526581000,1,0
163.526598200,1,1
163.526615600,1,0
163.526633000,1,1
163.526650400,1,0
163.526728200,1,1
163.526745600,1,0
163.526823600,1,1
163.526841000,1,0
163.526849600,1,1
163.526867000,1,0
163.526875600,1,1
163.526884200,1,0
163.526892800,1,1
163.526936200,1,0
163.526970800,1,1
163.526979600,1,0
163.527014200,1,1
164.262279400,0,1
164.262296600,1,1
164.262365800,0,1
164.262374400,1,1
164.262452400,0,1
164.262461000,1,1
164.262478400,0,1
164.262530200,1,1
164.262539000,0,1
164.262616800,1,1
164.262625400,0,1
164.262634200,1,1
164.262642800,0,1
164.262668800,1,1
164.262677400,0,1
164.262703400,1,1
164.262712000,0,1
164.262720600,1,1
164.262729400,0,1
164.262789800,1,1
164.262798600,0,1
164.262807200,1,1
164.262824600,0,1
164.262876400,1,1
164.262885000,0,1
164.262893800,1,1
164.262911000,0,1
164.262928400,1,1
164.262954400,0,1
164.262963000,1,1
164.262971600,0,1
164.262997600,1,1
164.263014800,0,1
164.263049400,1,1
164.263058200,0,1
164.263084200,1,1
164.263101400,0,1
164.263118800,1,1
164.263127400,0,1
164.263136000,1,1
164.263144600,0,1
164.263153400,1,1
164.263162000,0,1
164.263179400,1,1
164.263188000,0,1
164.263196600,1,1
164.263214000,0,1
164.263222600,1,1
164.263231200,0,1
164.263248600,1,1
164.263265800,0,1
164.263274400,1,1
164.263300400,0,1
164.263309200,1,1
164.263317800,0,1
164.263326400,1,1
164.263335000,0,1
164.263352400,1,1
164.263361000,0,1
164.263369600,1,1
164.263387000,0,1
164.263395600,1,1
164.263404400,0,1
164.263421600,1,1
164.263447600,0,1
164.263456200,1,1
164.263473600,0,1
164.263482200,1,1
164.263490800,0,1
164.263499400,1,1
164.263525400,0,1
164.263542800,1,1
164.263560000,0,1
164.263568800,1,1
164.263577400,0,1
164.263629200,1,1
164.263638000,0,1
164.263655200,1,1
164.263664000,0,1
164.263681200,1,1
164.263689800,0,1
164.263707200,1,1
164.263733200,0,1
164.263741800,1,1
164.263750400,0,1
164.263759200,1,1
164.263793800,0,1
164.263802400,1,1
164.263819600,0,1
164.263828400,1,1
164.263837000,0,1
164.263845600,1,1
164.263880200,0,1
164.263889000,1,1
164.263906200,0,1
164.263914800,1,1
164.263923600,0,1
164.263932200,1,1
164.263940800,0,1
164.263949400,1,1
164.263966800,0,1
164.263975400,1,1
164.263992800,0,1
164.264001400,1,1
164.264010000,0,1
164.264088000,1,1
164.264096600,0,1
164.264174400,1,1
164.264183200,0,1
164.264191800,1,1
164.264200400,0,1
164.264235000,1,1
164.264243800,0,1
164.264252400,1,1
164.264269600,0,1
164.264278400,1,1
164.264287000,0,1
164.264321600,1,1
164.264330200,0,1
164.264339000,1,1
164.289014200,1,0
164.289031400,1,1
164.289109600,1,0
164.289118000,1,1
164.289204800,1,0
164.289213400,1,1
164.289239400,1,0
164.289282600,1,1
164.289300200,1,0
164.289378000,1,1
164.289395400,1,0
164.289404000,1,1
164.289412800,1,0
164.289421400,1,1
164.289430000,1,0
164.289447400,1,1
164.289464800,1,0
164.289473400,1,1
164.289490800,1,0
164.289568600,1,1
164.289603400,1,0
164.289612000,1,1
164.289620800,1,0
164.289681200,1,1
164.289698600,1,0
164.289707200,1,1
164.289716000,1,0
164.289776600,1,1
164.289794000,1,0
164.289811200,1,1
164.289820000,1,0
164.289871800,1,1
164.289889400,1,0
164.289967200,1,1
164.289984600,1,0
164.290062600,1,1
164.290080000,1,0
164.290097200,1,1
164.290106000,1,0
164.290157800,1,1
164.290175200,1,0
164.290183800,1,1
164.290192600,1,0
164.290253200,1,1
164.290270600,1,0
164.290348400,1,1
164.290365800,1,0
164.290374400,1,1
164.290391800,1,0
164.290443800,1,1
164.290478400,1,0
164.290487000,1,1
164.290504400,1,0
164.290521800,1,1
164.290547800,1,0
164.290556400,1,1
164.290573800,1,0
164.290599600,1,1
164.290617200,1,0
164.290651600,1,1
164.290669200,1,0
164.290695000,1,1
164.290712400,1,0
164.290729600,1,1
164.290738400,1,0
164.290747000,1,1
164.290764400,1,0
164.290773000,1,1
164.290781800,1,0
164.290799000,1,1
164.290807800,1,0
164.290816400,1,1
164.290833800,1,0
164.290842400,1,1
164.290859800,1,0
164.290877000,1,1
164.290894400,1,0
164.290903000,1,1
164.290929000,1,0
164.290937600,1,1
164.290955000,1,0
164.290963600,1,1
164.290972400,1,0
164.290989600,1,1
164.290998400,1,0
164.291007000,1,1
164.291024400,1,0
164.291033000,1,1
164.291050400,1,0
164.291067600,1,1
164.291093600,1,0
164.291102200,1,1
164.291119600,1,0
164.291128200,1,1
164.291145600,1,0
164.291154200,1,1
164.291180400,1,0
164.291197600,1,1
164.291215000,1,0
164.291223600,1,1
164.291241000,1,0
164.291292800,1,1
164.291301600,1,0
164.291318800,1,1
164.291353600,1,0
164.291370800,1,1
164.291379600,1,0
164.291396800,1,1
164.291423000,1,0
164.291431600,1,1
164.291449000,1,0
164.291457600,1,1
164.291492200,1,0
164.291500800,1,1
164.291518200,1,0
164.291526800,1,1
164.291544200,1,0
164.291552800,1,1
164.291587600,1,0
164.291596200,1,1
164.291613600,1,0
164.291622200,1,1
164.291639600,1,0
164.291648200,1,1
164.291656800,1,0
164.291665400,1,1
164.291682800,1,0
164.291691400,1,1
164.291708800,1,0
164.291717400,1,1
164.291734800,1,0
164.291812800,1,1
164.291830200,1,0
164.291856000,1,1
164.291864800,1,0
164.291908000,1,1
164.291925400,1,0
164.291934000,1,1
164.291951400,1,0
164.291968800,1,1
164.291994800,1,0
164.292003400,1,1
164.292020800,1,0
164.292055400,1,1
164.292064200,1,0
164.292098600,1,1
164.292116000,1,0
164.292124600,1,1
164.292133400,1,0
164.292142000,1,1
164.292150800,1,0
164.292159400,1,1
164.292168000,1,0
164.292176600,1,1
164.292185400,1,0
164.292194000,1,1
164.292211400,1,0
164.292228600,1,1
164.292254800,1,0
164.292263200,1,1
164.292280800,1,0
164.292289200,1,1
164.292306800,1,0
164.292315200,1,1
164.292324000,1,0
164.292341200,1,1
164.292350000,1,0
164.292358600,1,1
164.292376000,1,0
164.292384600,1,1
164.292402000,1,0
164.292410600,1,1
164.292428000,1,0
164.292453800,1,1
164.292471400,1,0
164.292479800,1,1
164.292497400,1,0
164.292505800,1,1
164.292540600,1,0
164.292549200,1,1
164.292566600,1,0
164.292575200,1,1
164.292610000,1,0
164.292627200,1,1
164.292636000,1,0
164.292653200,1,1
164.292679200,1,0
164.292687800,1,1
164.292705200,1,0
164.292722400,1,1
164.292748600,1,0
164.292757200,1,1
164.292774600,1,0
164.292783200,1,1
164.292800600,1,0
164.292878400,1,1
164.292895800,1,0
164.292904400,1,1
164.292913200,1,0
164.292921800,1,1
164.292930600,1,0
164.292973800,1,1
164.292991200,1,0
164.292999800,1,1
164.293017200,1,0
164.293034400,1,1
164.293060400,1,0
164.293069000,1,1
164.293086400,1,0
164.293103600,1,1
164.293112400,1,0
164.293121000,1,1
164.293129800,1,0
164.293164400,1,1
164.293181800,1,0
164.293190400,1,1
164.293199000,1,0
164.293242400,1,1
164.293251000,1,0
164.293259600,1,1
164.293277000,1,0
164.293285600,1,1
164.293303000,1,0
164.293337600,1,1
164.293346400,1,0
164.293355000,1,1
164.293372400,1,0
164.293415600,1,1
164.293433000,1,0
164.293450200,1,1
164.293485000,1,0
164.293493600,1,1
164.293502400,1,0
164.293519600,1,1
164.293545600,1,0
164.293563000,1,1
164.293580400,1,0
164.293589000,1,1
164.293597600,1,0
164.293606200,1,1
164.293615000,1,0
164.293623600,1,1
164.293641000,1,0
164.293658200,1,1
164.293675600,1,0
164.293684200,1,1
164.293693000,1,0
164.293718800,1,1
164.293736200,1,0
164.293753600,1,1
164.293771000,1,0
164.293779400,1,1
164.293814200,1,0
164.293822800,1,1
164.293831600,1,0
164.293848800,1,1
164.293866200,1,0
164.293874800,1,1
164.293883600,1,0
164.293909400,1,1
164.293926800,1,0
164.293944000,1,1
164.293961600,1,0
164.293970000,1,1
164.293987600,1,0
164.294004800,1,1
164.294022200,1,0
164.294039400,1,1
164.294056800,1,0
164.294134800,1,1
164.294152200,1,0
164.294160800,1,1
164.294186800,1,0
164.294230000,1,1
164.294247400,1,0
164.294256000,1,1
164.294264800,1,0
164.294325400,1,1
164.294360000,1,0
164.294438000,1,1
164.294455400,1,0
164.294490000,1,1
164.294498800,1,0
164.294533200,1,1
164.294611400,1,0
164.294620000,1,1
164.294628600,1,0
164.294689200,1,1
164.294706600,1,0
164.294715200,1,1
164.294732600,1,0
164.294784600,1,1
164.294802000,1,0
164.294810600,1,1
164.294819400,1,0
164.294836600,1,1
164.294845400,1,0
164.294879800,1,1
164.294897200,1,0
164.294905800,1,1
164.294914600,1,0
164.294975200,1,1
164.294992600,1,0
164.295001200,1,1
164.295018600,1,0
164.295070400,1,1
164.295087800,1,0
164.295105200,1,1
164.295113800,1,0
164.295122400,1,1
164.295131200,1,0
164.295165800,1,1
164.295183200,1,0
164.295191800,1,1
164.295200600,1,0
164.295261000,1,1
164.295278400,1,0
164.295356400,1,1
164.295373800,1,0
164.295382400,1,1
164.295399800,1,0
164.295408400,1,1
164.295417200,1,0
164.295451600,1,1
164.295495200,1,0
164.295503600,1,1
164.295512400,1,0
164.295573000,1,1
164.295590400,1,0
164.295668200,1,1
164.295685800,1,0
164.295711600,1,1
164.295729000,1,0
164.295763600,1,1
164.295781000,1,0
164.295789600,1,1
164.295798400,1,0
164.295859000,1,1
164.295876400,1,0
164.295893600,1,1
164.295902400,1,0
164.295919600,1,1
164.295928400,1,0
164.295954200,1,1
164.295989000,1,0
164.295997600,1,1
164.296006400,1,0
164.296014800,1,1
164.296032400,1,0
164.296066800,1,1
164.296084200,1,0
164.296092800,1,1
164.296110200,1,0
164.296127600,1,1
164.296153600,1,0
164.296162200,1,1
164.296179600,1,0
164.296188200,1,1
164.296197000,1,0
164.296205600,1,1
164.296223000,1,0
164.296257600,1,1
164.296275000,1,0
164.296292200,1,1
164.296309600,1,0
164.296318200,1,1
164.296335600,1,0
164.296352800,1,1
164.296370200,1,0
164.296404800,1,1
164.296430800,1,0
164.296448200,1,1
164.296465600,1,0
164.296500200,1,1
164.296526200,1,0
164.296543400,1,1
164.296560800,1,0
164.296604000,1,1
164.296621600,1,0
164.296638800,1,1
164.296656200,1,0
164.296699400,1,1
164.296716800,1,0
164.296734000,1,1
164.296751400,1,0
164.296760000,1,1
164.296768800,1,0
164.296794800,1,1
164.296812200,1,0
164.296829400,1,1
164.296864200,1,0
164.296907400,1,1
164.296924800,1,0
164.296942000,1,1
164.296959400,1,0
164.297002600,1,1
164.297020000,1,0
164.297037400,1,1
164.297054800,1,0
164.297063400,1,1
164.297072000,1,0
164.297098000,1,1
164.297115400,1,0
164.297132600,1,1
164.297150000,1,0
164.297158600,1,1
164.297176000,1,0
164.297193200,1,1
164.297210600,1,0
164.297228000,1,1
164.297245400,1,0
164.297262600,1,1
164.297280000,1,0
164.297288600,1,1
164.297306000,1,0
164.297323200,1,1
164.297340600,1,0
164.297349200,1,1
164.297358000,1,0
164.297375200,1,1
164.297401400,1,0
164.297418600,1,1
164.297436000,1,0
164.297513800,1,1
164.297531200,1,0
164.297539800,1,1
164.297574600,1,0
164.297609200,1,1
164.297626600,1,0
164.297635200,1,1
164.297652600,1,0
164.297669800,1,1
164.297695800,1,0
164.297704400,1,1
164.297739200,1,0
164.297756400,1,1
164.297773800,1,0
164.297817000,1,1
164.297834600,1,0
164.297877800,1,1
164.297895200,1,0
164.297912400,1,1
164.297929800,1,0
164.297947000,1,1
164.297973200,1,0
164.297981800,1,1
164.297990400,1,0
164.298007800,1,1
164.298025200,1,0
164.298059800,1,1
164.298085800,1,0
164.298103000,1,1
164.298120400,1,0
164.298137600,1,1
164.298163800,1,0
164.298172400,1,1
164.298181200,1,0
164.298198400,1,1
164.298215800,1,0
164.298233000,1,1
164.298250400,1,0
164.298259000,1,1
164.298276400,1,0
164.298293600,1,1
164.298311000,1,0
164.298389000,1,1
164.298406400,1,0
164.298423600,1,1
164.298432400,1,0
164.298449600,1,1
164.298458400,1,0
164.298484200,1,1
164.298501600,1,0
164.298510200,1,1
164.298527600,1,0
164.298545000,1,1
164.298571000,1,0
164.298579600,1,1
164.298597000,1,0
164.298614200,1,1
164.298631600,1,0
164.298675000,1,1
164.298692400,1,0
164.298735600,1,1
164.298753000,1,0
164.298770200,1,1
164.298787600,1,0
164.298804800,1,1
164.298831000,1,0
164.298839600,1,1
164.298848400,1,0
164.298865600,1,1
164.298883000,1,0
164.298891600,1,1
164.298909000,1,0
164.298926200,1,1
164.298943600,1,0
164.298960800,1,1
164.298995600,1,0
164.299012800,1,1
164.299038800,1,0
164.299047400,1,1
164.299056200,1,0
164.299073400,1,1
164.299090800,1,0
164.299099400,1,1
164.299116800,1,0
164.299134000,1,1
164.299151600,1,0
164.299168800,1,1
164.299186200,1,0
164.299264000,1,1
164.299281400,1,0
164.299359400,1,1
164.299376800,1,0
164.299385400,1,1
164.299402800,1,0
164.299411400,1,1
164.299420000,1,0
164.299428600,1,1
164.299472000,1,0
164.299506600,1,1
164.299515400,1,0
164.299550000,1,1
164.363900800,0,1
164.363918000,1,1
164.363987400,0,1
164.363996000,1,1
164.364073800,0,1
164.364099800,1,1
164.364108400,0,1
164.364151800,1,1
164.364160400,0,1
164.364238200,1,1
164.364247000,0,1
164.364264200,1,1
164.364272800,0,1
164.364324800,1,1
164.364333400,0,1
164.364350800,1,1
164.364359400,0,1
164.364411400,1,1
164.364420000,0,1
164.364497800,1,1
164.364506600,0,1
164.364515200,1,1
164.364532400,0,1
164.364541200,1,1
164.364575800,0,1
164.364584400,1,1
164.364593000,0,1
164.364601800,1,1
164.364610400,0,1
164.364619000,1,1
164.364636400,0,1
164.364645000,1,1
164.364662200,0,1
164.364671000,1,1
164.388067600,1,0
164.388084800,1,1
164.388180200,1,0
164.388188800,1,1
164.388275600,1,0
164.388284200,1,1
164.388310200,1,0
164.388353400,1,1
164.388371000,1,0
164.388448800,1,1
164.388466200,1,0
164.388474800,1,1
164.388483600,1,0
164.388492000,1,1
164.388509600,1,0
164.388544000,1,1
164.388561600,1,0
164.388639400,1,1
164.388656800,1,0
164.388674000,1,1
164.388682800,1,0
164.388734600,1,1
164.388752200,1,0
164.388760600,1,1
164.388769400,1,0
164.388830000,1,1
164.388847400,1,0
164.388864600,1,1
164.388873400,1,0
164.388925400,1,1
164.388942800,1,0
164.389020600,1,1
164.389055400,1,0
164.389133200,1,1
164.389150600,1,0
164.389167800,1,1
164.389176600,1,0
164.389228600,1,1
164.389246000,1,0
164.389254600,1,1
164.389263200,1,0
164.389323800,1,1
164.389341200,1,0
164.389367200,1,1
164.389376000,1,0
164.389419200,1,1
164.389436600,1,0
164.389445200,1,1
164.389462600,1,0
164.389514400,1,1
164.389531800,1,0
164.389540400,1,1
164.389549200,1,0
164.389609800,1,1
164.389627200,1,0
164.389635800,1,1
164.389644400,1,0
164.389705000,1,1
164.389722400,1,0
164.389800400,1,1
164.389817800,1,0
164.389826400,1,1
164.389843800,1,0
164.389852400,1,1
164.389869800,1,0
164.389895600,1,1
164.389930400,1,0
164.389939000,1,1
164.389947800,1,0
164.389956400,1,1
164.389991000,1,0
164.389999600,1,1
164.390597800,0,1
164.390615000,1,1
164.390684200,0,1
164.390692800,1,1
164.390770800,0,1
164.390796800,1,1
164.390805400,0,1
164.390848600,1,1
164.390857400,0,1
164.390935200,1,1
164.390943800,0,1
164.390961200,1,1
164.390969800,0,1
164.391021800,1,1
164.391030400,0,1
164.391039000,1,1
164.391056400,0,1
164.391108200,1,1
164.391117000,0,1
164.391194800,1,1
164.391203400,0,1
164.391238000,1,1
164.391246800,0,1
164.391264000,1,1
164.391272800,0,1
164.391281400,1,1
164.391290000,0,1
164.391316000,1,1
164.391342000,0,1
164.391350600,1,1
164.391359200,0,1
164.391367800,1,1
164.413783200,1,0
164.413800400,1,1
164.413878400,1,0
164.413887000,1,1
164.413982400,1,0
164.413991000,1,1
164.414017000,1,0
164.414060400,1,1
164.414077800,1,0
164.414155600,1,1
164.414173000,1,0
164.414233600,1,1
164.414242400,1,0
164.414250800,1,1
164.414268400,1,0
164.414346200,1,1
164.414363600,1,0
164.414372200,1,1
164.414389600,1,0
164.414441400,1,1
164.414459000,1,0
164.414467400,1,1
164.414476200,1,0
164.414536800,1,1
164.414554200,1,0
164.414571400,1,1
164.414580200,1,0
164.414632000,1,1
164.414649600,1,0
164.414727400,1,1
164.414840200,1,0
164.414918000,1,1
164.414935400,1,0
164.414952600,1,1
164.414961400,1,0
164.415013400,1,1
164.415030800,1,0
164.415039200,1,1
164.415048000,1,0
164.415108600,1,1
164.415126000,1,0
164.415134600,1,1
164.415143400,1,0
164.415204000,1,1
164.415238600,1,0
164.415247200,1,1
164.415264600,1,0
164.415316600,1,1
164.415334000,1,0
164.415342600,1,1
164.415351200,1,0
164.415411800,1,1
164.415429200,1,0
164.415507200,1,1
164.415524600,1,0
164.415550400,1,1
164.415559200,1,0
164.415602400,1,1
164.415619800,1,0
164.415628400,1,1
164.415637200,1,0
164.415697800,1,1
164.415715200,1,0
164.415723800,1,1
164.415741200,1,0
164.415749800,1,1
164.415784400,1,0
164.415793000,1,1
164.415810400,1,0
164.415819000,1,1
164.415827800,1,0
164.415836400,1,1
164.415845000,1,0
164.415888400,1,1
164.415905800,1,0
164.415914400,1,1
164.415923000,1,0
164.415983600,1,1
164.416001000,1,0
164.416009600,1,1
164.416027000,1,0
164.416035600,1,1
164.416070400,1,0
164.416079000,1,1
164.416113600,1,0
164.416130800,1,1
164.416139600,1,0
164.416148200,1,1
164.416157000,1,0
164.416191600,1,1
164.416209000,1,0
164.416217600,1,1
164.416226200,1,0
164.416286800,1,1
164.416304200,1,0
164.416321400,1,1
164.416330200,1,0
164.416382200,1,1
164.416399600,1,0
164.416425400,1,1
164.416442800,1,0
164.416477400,1,1
164.416494800,1,0
164.416503400,1,1
164.416512200,1,0
164.416572800,1,1
164.416590200,1,0
164.416668000,1,1
164.416685400,1,0
164.416694000,1,1
164.416702800,1,0
164.416711400,1,1
164.416728800,1,0
164.416763200,1,1
164.416780800,1,0
164.416789200,1,1
164.416798000,1,0
164.416858600,1,1
164.416876000,1,0
164.416884600,1,1
164.416893400,1,0
164.416953800,1,1
164.416988600,1,0
164.417031800,1,1
164.417040600,1,0
164.417066400,1,1
164.417084000,1,0
164.417092400,1,1
164.417101200,1,0
164.417161800,1,1
164.417179200,1,0
164.417257000,1,1
164.417274400,1,0
164.417283000,1,1
164.417291800,1,0
164.417317800,1,1
164.417326400,1,0
164.417352400,1,1
164.417369800,1,0
164.417387000,1,1
164.417395800,1,0
164.417447600,1,1
164.417465000,1,0
164.417543000,1,1
164.417560400,1,0
164.417638200,1,1
164.417655600,1,0
164.417707600,1,1
164.417716400,1,0
164.417733600,1,1
164.417751000,1,0
164.417759600,1,1
164.417768200,1,0
164.417828800,1,1
164.417863600,1,0
164.417872200,1,1
164.417889600,1,0
164.417941400,1,1
164.417958800,1,0
164.417967400,1,1
164.417976200,1,0
164.418010800,1,1
164.418019600,1,0
164.418036800,1,1
164.418054200,1,0
164.418071400,1,1
164.418080200,1,0
164.418132000,1,1
164.418149400,1,0
164.418227400,1,1
164.418244800,1,0
164.418262000,1,1
164.418270800,1,0
164.418279400,1,1
164.418288000,1,0
164.418322600,1,1
164.418340000,1,0
164.418357400,1,1
164.418366000,1,0
164.418374600,1,1
164.418383400,1,0
164.418392000,1,1
164.418400800,1,0
164.418418000,1,1
164.418435400,1,0
164.418444000,1,1
164.418452800,1,0
164.418513200,1,1
164.418530600,1,0
164.418539200,1,1
164.418548000,1,0
164.418608600,1,1
164.418626000,1,0
164.418634600,1,1
164.418652000,1,0
164.418660600,1,1
164.418669200,1,0
164.418677800,1,1
164.418686600,1,0
164.418703800,1,1
164.418747200,1,0
164.418755800,1,1
164.418764600,1,0
164.418825200,1,1
164.418842600,1,0
164.418851000,1,1
164.418859800,1,0
164.418920400,1,1
164.418937800,1,0
164.418963800,1,1
164.418981200,1,0
164.418989800,1,1
164.418998400,1,0
164.419015800,1,1
164.419033200,1,0
164.419041800,1,1
164.419050400,1,0
164.419111000,1,1
164.419128400,1,0
164.419154400,1,1
164.419163200,1,0
164.419206400,1,1
164.419241000,1,0
164.419284400,1,1
164.419301800,1,0
164.419319000,1,1
164.419336400,1,0
164.419345000,1,1
164.419353800,1,0
164.419414200,1,1
164.419431800,1,0
164.419457600,1,1
164.419466400,1,0
164.419483600,1,1
164.419501000,1,0
164.419509600,1,1
164.419527000,1,0
164.419553000,1,1
164.419561600,1,0
164.419570200,1,1
164.419587600,1,0
164.419605000,1,1
164.419622400,1,0
164.419630800,1,1
164.419639600,1,0
164.419700200,1,1
164.419717600,1,0
164.419795600,1,1
164.419813000,1,0
164.419830200,1,1
164.419847600,1,0
164.419856200,1,1
164.419873600,1,0
164.419890800,1,1
164.419908200,1,0
164.419916800,1,1
164.419925600,1,0
164.419986200,1,1
164.420003600,1,0
164.420081400,1,1
164.420116200,1,0
164.420176800,1,1
164.420185600,1,0
164.420194200,1,1
164.420211600,1,0
164.420228800,1,1
164.420237600,1,0
164.420289400,1,1
164.420306800,1,0
164.420384800,1,1
164.420402200,1,0
164.420480000,1,1
164.420497400,1,0
164.420575400,1,1
164.420592800,1,0
164.420610000,1,1
164.420618800,1,0
164.420627400,1,1
164.420644800,1,0
164.420653400,1,1
164.420662000,1,0
164.420670600,1,1
164.420688000,1,0
164.420705400,1,1
164.420722800,1,0
164.420740000,1,1
164.420748800,1,0
164.420757200,1,1
164.437475200,0,1
164.437492600,1,1
164.437561800,0,1
164.437570400,1,1
164.437648400,0,1
164.437674400,1,1
164.437683000,0,1
164.437726200,1,1
164.437735000,0,1
164.437812800,1,1
164.437821400,0,1
164.437838800,1,1
164.437847400,0,1
164.437899400,1,1
164.437908000,0,1
164.437934000,1,1
164.437942600,0,1
164.437985800,1,1
164.437994600,0,1
164.438072400,1,1
164.438081000,0,1
164.438089800,1,1
164.438098400,0,1
164.438124400,1,1
164.438133000,0,1
164.438141600,1,1
164.438167600,0,1
164.438176200,1,1
164.438193600,0,1
164.438202200,1,1
164.438210800,0,1
164.438228200,1,1
164.463295200,1,0
164.463312400,1,1
164.463390600,1,0
164.463399000,1,1
164.463485800,1,0
164.463494400,1,1
164.463520600,1,0
164.463563800,1,1
164.463589800,1,0
164.463667800,1,1
164.463685200,1,0
164.463728400,1,1
164.463737200,1,0
164.463763000,1,1
164.463780600,1,0
164.463858400,1,1
164.463875800,1,0
164.463901800,1,1
164.463910600,1,0
164.463953800,1,1
164.463971200,1,0
164.463979800,1,1
164.463988600,1,0
164.464049200,1,1
164.464066600,1,0
164.464083800,1,1
164.464092600,1,0
164.464144400,1,1
164.464161800,1,0
164.464239800,1,1
164.464257200,1,0
164.464335000,1,1
164.464352600,1,0
164.464369800,1,1
164.464378600,1,0
164.464430400,1,1
164.464447800,1,0
164.464456400,1,1
164.464465200,1,0
164.464525800,1,1
164.464543200,1,0
164.464621000,1,1
164.464638600,1,0
164.464647000,1,1
164.464664600,1,0
164.464716400,1,1
164.464733800,1,0
164.464742400,1,1
164.464751200,1,0
164.464811800,1,1
164.464846600,1,0
164.464924400,1,1
164.464941800,1,0
164.464967800,1,1
164.464976600,1,0
164.465019800,1,1
164.465037200,1,0
164.465045800,1,1
164.465054600,1,0
164.465115200,1,1
164.465132600,1,0
164.465210400,1,1
164.465227800,1,0
164.465305800,1,1
164.465323200,1,0
164.465331800,1,1
164.465340600,1,0
164.465349000,1,1
164.465357800,1,0
164.465366400,1,1
164.465375200,1,0
164.465383800,1,1
164.465392600,1,0
164.465401200,1,1
164.465418600,1,0
164.465427200,1,1
164.465435800,1,0
164.465444400,1,1
164.465453200,1,0
164.465461800,1,1
164.465470600,1,0
164.465479200,1,1
164.465487800,1,0
164.465496400,1,1
164.466283800,0,1
164.466301000,1,1
164.466370200,0,1
164.466379000,1,1
164.466456800,0,1
164.466482800,1,1
164.466491400,0,1
164.466534800,1,1
164.466543400,0,1
164.466621200,1,1
164.466630000,0,1
164.466647200,1,1
164.466655800,0,1
164.466707800,1,1
164.466716400,0,1
164.466725000,1,1
164.466733800,0,1
164.466794400,1,1
164.466803000,0,1
164.466880800,1,1
164.466889600,0,1
164.466906800,1,1
164.466932800,0,1
164.466941400,1,1
164.466950200,0,1
164.466967400,1,1
164.466976000,0,1
164.466993400,1,1
164.467036600,0,1
164.467054000,1,1
164.489171800,1,0
164.489189000,1,1
164.489275800,1,0
164.489284400,1,1
164.489371000,1,0
164.489379600,1,1
164.489405800,1,0
164.489449000,1,1
164.489466400,1,0
164.489544400,1,1
164.489561800,1,0
164.489570400,1,1
164.489579000,1,0
164.489587600,1,1
164.489596400,1,0
164.489613600,1,1
164.489631000,1,0
164.489639600,1,1
164.489657000,1,0
164.489735000,1,1
164.489752400,1,0
164.489761000,1,1
164.489769800,1,0
164.489830400,1,1
164.489847800,1,0
164.489856400,1,1
164.489865000,1,0
164.489925600,1,1
164.489943000,1,0
164.489960200,1,1
164.489969000,1,0
164.490021000,1,1
164.490038400,1,0
164.490116200,1,1
164.490133600,1,0
164.490211600,1,1
164.490229000,1,0
164.490246200,1,1
164.490255000,1,0
164.490307000,1,1
164.490324400,1,0
164.490333000,1,1
164.490341600,1,0
164.490402200,1,1
164.490419600,1,0
164.490497600,1,1
164.490532400,1,0
164.490541000,1,1
164.490558400,1,0
164.490610200,1,1
164.490627600,1,0
164.490636200,1,1
164.490653600,1,0
164.490670800,1,1
164.490697000,1,0
164.490705600,1,1
164.490723000,1,0
164.490748800,1,1
164.490766400,1,0
164.490800800,1,1
164.490818400,1,0
164.490844200,1,1
164.490861600,1,0
164.490878800,1,1
164.490887600,1,0
164.490896200,1,1
164.490913600,1,0
164.490922200,1,1
164.490931000,1,0
164.490948200,1,1
164.490957000,1,0
164.490965600,1,1
164.490983000,1,0
164.490991600,1,1
164.491009000,1,0
164.491026200,1,1
164.491043600,1,0
164.491052200,1,1
164.491078400,1,0
164.491086800,1,1
164.491104400,1,0
164.491112800,1,1
164.491121600,1,0
164.491138800,1,1
164.491147600,1,0
164.491156200,1,1
164.491173600,1,0
164.491182200,1,1
164.491199600,1,0
164.491216800,1,1
164.491243000,1,0
164.491251600,1,1
164.491269000,1,0
164.491277600,1,1
164.491295000,1,0
164.491303600,1,1
164.491329600,1,0
164.491346800,1,1
164.491364200,1,0
164.491372800,1,1
164.491416200,1,0
164.491468200,1,1
164.491477000,1,0
164.491494200,1,1
164.491511600,1,0
164.491528800,1,1
164.491537600,1,0
164.491554800,1,1
164.491581000,1,0
164.491589600,1,1
164.491607000,1,0
164.491615600,1,1
164.491650200,1,0
164.491658800,1,1
164.491676200,1,0
164.491684800,1,1
164.491702200,1,0
164.491710800,1,1
164.491745600,1,0
164.491754200,1,1
164.491771600,1,0
164.491780200,1,1
164.491797600,1,0
164.491806200,1,1
164.491815000,1,0
164.491823600,1,1
164.491841000,1,0
164.491849400,1,1
164.491867000,1,0
164.491875400,1,1
164.491910200,1,0
164.491988200,1,1
164.492005600,1,0
164.492031400,1,1
164.492040200,1,0
164.492083400,1,1
164.492100800,1,0
164.492109400,1,1
164.492126800,1,0
164.492144200,1,1
164.492170200,1,0
164.492178800,1,1
164.492196200,1,0
164.492230800,1,1
164.492239600,1,0
164.492274000,1,1
164.492291600,1,0
164.492300000,1,1
164.492308800,1,0
164.492317400,1,1
164.492326200,1,0
164.492334800,1,1
164.492343400,1,0
164.492352000,1,1
164.492360800,1,0
164.492369400,1,1
164.492386800,1,0
164.492404000,1,1
164.492430200,1,0
164.492438800,1,1
164.492456200,1,0
164.492464800,1,1
164.492482200,1,0
164.492490800,1,1
164.492499400,1,0
164.492516800,1,1
164.492525400,1,0
164.492534000,1,1
164.492551400,1,0
164.492560000,1,1
164.492577400,1,0
164.492586000,1,1
164.492603400,1,0
164.492629400,1,1
164.492646800,1,0
164.492655400,1,1
164.492672800,1,0
164.492681400,1,1
164.492716200,1,0
164.492724800,1,1
164.492742200,1,0
164.492750800,1,1
164.492785400,1,0
164.492802600,1,1
164.492811400,1,0
164.492828600,1,1
164.492854800,1,0
164.492863400,1,1
164.492880800,1,0
164.492898000,1,1
164.492924200,1,0
164.492932600,1,1
164.492950000,1,0
164.492958600,1,1
164.492976000,1,0
164.493054000,1,1
164.493071400,1,0
164.493080000,1,1
164.493088800,1,0
164.493097400,1,1
164.493106000,1,0
164.493149400,1,1
164.493166800,1,0
164.493175400,1,1
164.493192800,1,0
164.493210000,1,1
164.493236000,1,0
164.493244600,1,1
164.493262000,1,0
164.493279400,1,1
164.493288000,1,0
164.493296600,1,1
164.493305400,1,0
164.493340000,1,1
164.493357400,1,0
164.493366000,1,1
164.493374800,1,0
164.493418000,1,1
164.493426800,1,0
164.493435400,1,1
164.493452800,1,0
164.493461400,1,1
164.493478800,1,0
164.493513400,1,1
164.493522000,1,0
164.493530600,1,1
164.493548000,1,0
164.493591400,1,1
164.493608800,1,0
164.493626000,1,1
164.493695400,1,0
164.493704000,1,1
164.493712800,1,0
164.493730000,1,1
164.493756000,1,0
164.493773400,1,1
164.493790800,1,0
164.493799400,1,1
164.493808000,1,0
164.493816600,1,1
164.493825400,1,0
164.493834000,1,1
164.493851400,1,0
164.493868600,1,1
164.493886000,1,0
164.493894600,1,1
164.493903400,1,0
164.493929400,1,1
164.493946800,1,0
164.493964000,1,1
164.493981400,1,0
164.493990000,1,1
164.494024800,1,0
164.494033200,1,1
164.494042000,1,0
164.494059200,1,1
164.494076800,1,0
164.494085200,1,1
164.494094000,1,0
164.494120000,1,1
164.494137400,1,0
164.494154600,1,1
164.494172000,1,0
164.494180600,1,1
164.494198000,1,0
164.494215200,1,1
164.494232800,1,0
164.494250000,1,1
164.494267400,1,0
164.494345200,1,1
164.494362800,1,0
164.494371200,1,1
164.494397400,1,0
164.494440600,1,1
164.494458000,1,0
164.494466600,1,1
164.494475400,1,0
164.494536000,1,1
164.494553400,1,0
164.494631200,1,1
164.494692000,1,0
164.494726600,1,1
164.494735400,1,0
164.494769800,1,1
164.494787200,1,0
164.494795800,1,1
164.494804600,1,0
164.494865200,1,1
164.494882600,1,0
164.494891200,1,1
164.494908600,1,0
164.494960400,1,1
164.495038600,1,0
164.495047200,1,1
164.495056000,1,0
164.495073200,1,1
164.495082000,1,0
164.495116400,1,1
164.495133800,1,0
164.495142400,1,1
164.495151200,1,0
164.495211800,1,1
164.495229200,1,0
164.495237800,1,1
164.495255200,1,0
164.495307200,1,1
164.495324600,1,0
164.495341800,1,1
164.495350600,1,0
164.495359200,1,1
164.495367800,1,0
164.495402400,1,1
164.495419800,1,0
164.495428400,1,1
164.495437200,1,0
164.495497800,1,1
164.495515200,1,0
164.495593200,1,1
164.495610600,1,0
164.495619000,1,1
164.495636600,1,0
164.495645000,1,1
164.495653800,1,0
164.495688400,1,1
164.495705800,1,0
164.495714400,1,1
164.495723200,1,0
164.495783800,1,1
164.495801200,1,0
164.495879000,1,1
164.495896600,1,0
164.495922400,1,1
164.495939800,1,0
164.495974400,1,1
164.495991800,1,0
164.496000400,1,1
164.496009200,1,0
164.496069800,1,1
164.496087200,1,0
164.496104400,1,1
164.496113200,1,0
164.496130400,1,1
164.496139200,1,0
164.496165000,1,1
164.496182400,1,0
164.496191000,1,1
164.496199800,1,0
164.496208400,1,1
164.496225800,1,0
164.496260400,1,1
164.496295200,1,0
164.496303800,1,1
164.496321200,1,0
164.496338400,1,1
164.496364400,1,0
164.496373000,1,1
164.496390400,1,0
164.496399000,1,1
164.496407800,1,0
164.496416400,1,1
164.496433800,1,0
164.496468400,1,1
164.496485800,1,0
164.496503000,1,1
164.496520400,1,0
164.496529000,1,1
164.496546400,1,0
164.496563600,1,1
164.496581200,1,0
164.496615600,1,1
164.496641800,1,0
164.496659000,1,1
164.496676400,1,0
164.496711000,1,1
164.496737200,1,0
164.496754400,1,1
164.496771800,1,0
164.496815000,1,1
164.496832400,1,0
164.496849600,1,1
164.496867200,1,0
164.496910400,1,1
164.496927800,1,0
164.496945000,1,1
164.496962400,1,0
164.496971000,1,1
164.496979800,1,0
164.497005600,1,1
164.497023200,1,0
164.497040400,1,1
164.497057800,1,0
164.497101000,1,1
164.497118400,1,0
164.497135600,1,1
164.497170400,1,0
164.497213600,1,1
164.497231200,1,0
164.497248400,1,1
164.497265800,1,0
164.497274400,1,1
164.497283200,1,0
164.497309000,1,1
164.497326400,1,0
164.497343600,1,1
164.497361200,1,0
164.497369600,1,1
164.497387200,1,0
164.497404400,1,1
164.497421800,1,0
164.497439000,1,1
164.497456400,1,0
164.497473600,1,1
164.497491200,1,0
164.497499600,1,1
164.497517200,1,0
164.497534400,1,1
164.497551800,1,0
164.497560400,1,1
164.497569200,1,0
164.497586400,1,1
164.497612400,1,0
164.497629600,1,1
164.497647200,1,0
164.497725000,1,1
164.497742400,1,0
164.497751000,1,1
164.497785800,1,0
164.497820400,1,1
164.497837800,1,0
164.497846400,1,1
164.497863800,1,0
164.497881000,1,1
164.497907000,1,0
164.497915600,1,1
164.497933000,1,0
164.497950400,1,1
164.497967800,1,0
164.498011000,1,1
164.498045800,1,0
164.498089000,1,1
164.498106400,1,0
164.498123600,1,1
164.498141000,1,0
164.498158400,1,1
164.498184400,1,0
164.498193000,1,1
164.498201800,1,0
164.498219000,1,1
164.498236400,1,0
164.498271000,1,1
164.498297000,1,0
164.498314200,1,1
164.498331800,1,0
164.498349000,1,1
164.498375000,1,0
164.498383600,1,1
164.498392400,1,0
164.498409600,1,1
164.498427000,1,0
164.498444200,1,1
164.498461800,1,0
164.498470200,1,1
164.498487800,1,0
164.498505000,1,1
164.498522400,1,0
164.498600200,1,1
164.498617800,1,0
164.498635000,1,1
164.498643800,1,0
164.498661000,1,1
164.498669800,1,0
164.498695600,1,1
164.498713000,1,0
164.498721600,1,1
164.498739000,1,0
164.498756200,1,1
164.498782400,1,0
164.498791000,1,1
164.498808400,1,0
164.498825600,1,1
164.498843000,1,0
164.498886200,1,1
164.498903800,1,0
164.498947000,1,1
164.498964400,1,0
164.498981600,1,1
164.498999000,1,0
164.499016200,1,1
164.499042400,1,0
164.499051000,1,1
164.499059600,1,0
164.499077000,1,1
164.499094400,1,0
164.499103000,1,1
164.499120400,1,0
164.499137600,1,1
164.499155000,1,0
164.499172200,1,1
164.499189600,1,0
164.499207000,1,1
164.499233000,1,0
164.499241600,1,1
164.499250400,1,0
164.499267600,1,1
164.499302400,1,0
164.499310800,1,1
164.499328400,1,0
164.499345600,1,1
164.499363000,1,0
164.499380200,1,1
164.499397600,1,0
164.499475600,1,1
164.499493000,1,0
164.499570800,1,1
164.499597000,1,0
164.499605600,1,1
164.499623000,1,0
164.499631600,1,1
164.499640200,1,0
164.499648800,1,1
164.499692200,1,0
164.499726800,1,1
164.499735600,1,0
164.499770200,1,1
165.300128400,0,1
165.300145600,1,1
165.300215000,0,1
165.300223600,1,1
165.300301400,0,1
165.300327400,1,1
165.300336000,0,1
165.300379400,1,1
165.300388000,0,1
165.300465800,1,1
165.300474600,0,1
165.300491800,1,1
165.300500400,0,1
165.300552400,1,1
165.300561000,0,1
165.300578400,1,1
165.300587000,0,1
165.300639000,1,1
165.300647600,0,1
165.300725400,1,1
165.300734200,0,1
165.300742800,1,1
165.300760200,0,1
165.300768800,1,1
165.300803400,0,1
165.300812000,1,1
165.300820600,0,1
165.300829400,1,1
165.300838000,0,1
165.300846600,1,1
165.300864000,0,1
165.300872600,1,1
165.300890000,0,1
165.300898600,1,1
165.325771600,1,0
165.325788800,1,1
165.325867000,1,0
165.325875600,1,1
165.325962200,1,0
165.325970800,1,1
165.325997000,1,0
165.326040200,1,1
165.326057600,1,0
165.326135600,1,1
165.326153000,1,0
165.326161600,1,1
165.326170200,1,0
165.326178800,1,1
165.326196200,1,0
165.326230800,1,1
165.326248200,1,0
165.326326200,1,1
165.326343600,1,0
165.326360800,1,1
165.326369600,1,0
165.326421600,1,1
165.326439000,1,0
165.326447600,1,1
165.326456400,1,0
165.326516800,1,1
165.326551600,1,0
165.326569000,1,1
165.326577600,1,0
165.326629600,1,1
165.326647000,1,0
165.326724800,1,1
165.326742400,1,0
165.326820200,1,1
165.326837600,1,0
165.326855000,1,1
165.326863600,1,0
165.326915600,1,1
165.326933000,1,0
165.326941600,1,1
165.326950400,1,0
165.327011000,1,1
165.327028400,1,0
165.327054200,1,1
165.327063000,1,0
165.327106200,1,1
165.327123600,1,0
165.327132200,1,1
165.327149600,1,0
165.327201600,1,1
165.327219000,1,0
165.327227600,1,1
165.327236400,1,0
165.327296800,1,1
165.327314400,1,0
165.327322800,1,1
165.327331600,1,0
165.327392200,1,1
165.327427000,1,0
165.327504800,1,1
165.327522400,1,0
165.327530800,1,1
165.327548400,1,0
165.327556800,1,1
165.327574400,1,0
165.327600200,1,1
165.327617600,1,0
165.327626200,1,1
165.327635000,1,0
165.327643600,1,1
165.327678400,1,0
165.327686800,1,1
165.328305200,0,1
165.328322400,1,1
165.328391600,0,1
165.328400400,1,1
165.328478200,0,1
165.328504200,1,1
165.328512800,0,1
165.328556000,1,1
165.328564800,0,1
165.328642600,1,1
165.328651200,0,1
165.328668600,1,1
165.328677200,0,1
165.328729200,1,1
165.328737800,0,1
165.328746400,1,1
165.328763800,0,1
165.328815600,1,1
165.328824400,0,1
165.328902200,1,1
165.328910800,0,1
165.328945600,1,1
165.328954200,0,1
165.328971400,1,1
165.328980200,0,1
165.328988800,1,1
165.328997400,0,1
165.329023400,1,1
165.329049400,0,1
165.329058000,1,1
165.329066600,0,1
165.329075400,1,1
165.351511600,1,0
165.351528800,1,1
165.351606800,1,0
165.351615400,1,1
165.351702200,1,0
165.351710800,1,1
165.351736800,1,0
165.351780200,1,1
165.351797600,1,0
165.351875400,1,1
165.351893000,1,0
165.351953400,1,1
165.351962200,1,0
165.351970800,1,1
165.351988200,1,0
165.352066200,1,1
165.352083600,1,0
165.352092200,1,1
165.352109600,1,0
165.352161400,1,1
165.352178800,1,0
165.352187400,1,1
165.352196200,1,0
165.352256800,1,1
165.352274200,1,0
165.352291400,1,1
165.352300200,1,0
165.352352200,1,1
165.352369600,1,0
165.352447400,1,1
165.352465000,1,0
165.352542800,1,1
165.352560200,1,0
165.352577400,1,1
165.352586200,1,0
165.352638200,1,1
165.352655600,1,0
165.352664200,1,1
165.352672800,1,0
165.352733400,1,1
165.352750800,1,0
165.352759400,1,1
165.352768200,1,0
165.352828800,1,1
165.352863600,1,0
165.352872000,1,1
165.352889600,1,0
165.352941400,1,1
165.352958800,1,0
165.352967400,1,1
165.352976200,1,0
165.353036800,1,1
165.353054200,1,0
165.353132000,1,1
165.353149600,1,0
165.353175400,1,1
165.353184200,1,0
165.353227400,1,1
165.353244800,1,0
165.353253400,1,1
165.353262200,1,0
165.353322800,1,1
165.353340200,1,0
165.353348800,1,1
165.353366200,1,0
165.353374800,1,1
165.353409400,1,0
165.353418000,1,1
165.353435400,1,0
165.353444000,1,1
165.353452800,1,0
165.353461400,1,1
165.353470200,1,0
165.353513400,1,1
165.353530800,1,0
165.353539400,1,1
165.353548200,1,0
165.353608800,1,1
165.353626200,1,0
165.353634800,1,1
165.353652200,1,0
165.353660800,1,1
165.353695400,1,0
165.353704000,1,1
165.353738800,1,0
165.353756000,1,1
165.353764800,1,0
165.353773400,1,1
165.353782200,1,0
165.353816800,1,1
165.353834200,1,0
165.353842800,1,1
165.353851400,1,0
165.353912000,1,1
165.353929600,1,0
165.353946800,1,1
165.353955600,1,0
165.354007400,1,1
165.354024800,1,0
165.354050800,1,1
165.354068200,1,0
165.354102800,1,1
165.354120200,1,0
165.354128800,1,1
165.354137600,1,0
165.354198200,1,1
165.354215600,1,0
165.354293400,1,1
165.354310800,1,0
165.354319400,1,1
165.354328200,1,0
165.354336800,1,1
165.354354200,1,0
165.354388800,1,1
165.354406200,1,0
165.354414800,1,1
165.354423600,1,0
165.354484200,1,1
165.354501600,1,0
165.354510200,1,1
165.354518800,1,0
165.354579400,1,1
165.354614200,1,0
165.354657400,1,1
165.354666200,1,0
165.354692200,1,1
165.354709600,1,0
165.354718000,1,1
165.354726800,1,0
165.354787400,1,1
165.354804800,1,0
165.354882800,1,1
165.354900200,1,0
165.354908800,1,1
165.354917600,1,0
165.354943400,1,1
165.354952200,1,0
165.354978200,1,1
165.354995600,1,0
165.355012800,1,1
165.355021600,1,0
165.355073400,1,1
165.355090800,1,0
165.355168800,1,1
165.355186200,1,0
165.355264200,1,1
165.355281600,1,0
165.355333400,1,1
165.355342200,1,0
165.355359400,1,1
165.355376800,1,0
165.355385400,1,1
165.355394200,1,0
165.355454800,1,1
165.355489600,1,0
165.355498200,1,1
165.355515600,1,0
165.355567400,1,1
165.355585000,1,0
165.355593400,1,1
165.355602200,1,0
165.355636800,1,1
165.355645600,1,0
165.355662800,1,1
165.355680200,1,0
165.355697400,1,1
165.355706200,1,0
165.355758200,1,1
165.355775600,1,0
165.355853400,1,1
165.355871000,1,0
165.355879600,1,1
165.355897000,1,0
165.355905600,1,1
165.355914200,1,0
165.355948800,1,1
165.355966200,1,0
165.355983600,1,1
165.355992200,1,0
165.356000800,1,1
165.356009600,1,0
165.356018200,1,1
165.356027000,1,0
165.356044200,1,1
165.356061600,1,0
165.356070200,1,1
165.356079000,1,0
165.356139600,1,1
165.356157000,1,0
165.356165600,1,1
165.356174200,1,0
165.356234800,1,1
165.356252200,1,0
165.356260800,1,1
165.356278200,1,0
165.356286800,1,1
165.356295600,1,0
165.356304200,1,1
165.356313000,1,0
165.356330200,1,1
165.356347600,1,0
165.356356200,1,1
165.356365000,1,0
165.356425600,1,1
165.356503600,1,0
165.356512200,1,1
165.356521000,1,0
165.356581600,1,1
165.356599000,1,0
165.356624800,1,1
165.356642200,1,0
165.356650800,1,1
165.356659600,1,0
165.356676800,1,1
165.356694200,1,0
165.356702800,1,1
165.356711600,1,0
165.356772200,1,1
165.356789600,1,0
165.356815600,1,1
165.356824200,1,0
165.356867600,1,1
165.356885000,1,0
165.356928200,1,1
165.356945600,1,0
165.356962800,1,1
165.356989000,1,0
165.356997600,1,1
165.357006200,1,0
165.357066800,1,1
165.357084200,1,0
165.357110200,1,1
165.357119000,1,0
165.357136200,1,1
165.357153600,1,0
165.357162200,1,1
165.357179600,1,0
165.357205600,1,1
165.357214200,1,0
165.357222800,1,1
165.357240200,1,0
165.357257600,1,1
165.357275000,1,0
165.357283600,1,1
165.357292200,1,0
165.357352800,1,1
165.357379000,1,0
165.357456800,1,1
165.357474200,1,0
165.357491600,1,1
165.357509000,1,0
165.357517600,1,1
165.357535000,1,0
165.357552200,1,1
165.357569600,1,0
165.357578200,1,1
165.357587000,1,0
165.357647600,1,1
165.357665000,1,0
165.357742800,1,1
165.357760400,1,0
165.357821000,1,1
165.357829600,1,0
165.357838200,1,1
165.357873000,1,0
165.357890200,1,1
165.357899000,1,0
165.357951000,1,1
165.357968400,1,0
165.358046200,1,1
165.358063800,1,0
165.358141600,1,1
165.358159000,1,0
165.358237000,1,1
165.358254400,1,0
165.358263000,1,1
165.358271800,1,0
165.358280400,1,1
165.358297800,1,0
165.358306400,1,1
165.358323800,1,0
165.358332400,1,1
165.358349800,1,0
165.358358400,1,1
165.358367200,1,0
165.358375600,1,1
165.358384400,1,0
165.358401800,1,1
165.358410400,1,0
165.358419000,1,1
165.415024800,0,1
165.415042000,1,1
165.415111400,0,1
165.415120000,1,1
165.415197800,0,1
165.415223800,1,1
165.415232400,0,1
165.415275800,1,1
165.415284400,0,1
165.415362200,1,1
165.415371000,0,1
165.415388200,1,1
165.415396800,0,1
165.415448800,1,1
165.415457400,0,1
165.415483400,1,1
165.415492000,0,1
165.415535400,1,1
165.415544000,0,1
165.415621800,1,1
165.415630600,0,1
165.415639200,1,1
165.415647800,0,1
165.415673800,1,1
165.415682400,0,1
165.415691200,1,1
165.415717000,0,1
165.415725800,1,1
165.415743000,0,1
165.415751600,1,1
165.415760400,0,1
165.415777600,1,1
165.436172200,1,0
165.436189400,1,1
165.436267400,1,0
165.436276000,1,1
165.436362800,1,0
165.436371400,1,1
165.436397400,1,0
165.436440600,1,1
165.436458000,1,0
165.436536000,1,1
165.436562000,1,0
165.436605400,1,1
165.436614000,1,0
165.436640000,1,1
165.436692000,1,0
165.436770000,1,1
165.436787400,1,0
165.436813200,1,1
165.436822000,1,0
165.436865200,1,1
165.436882800,1,0
165.436891200,1,1
165.436900000,1,0
165.436960600,1,1
165.436978000,1,0
165.436995200,1,1
165.437004000,1,0
165.437056000,1,1
165.437073400,1,0
165.437151200,1,1
165.437186000,1,0
165.437264000,1,1
165.437281400,1,0
165.437298600,1,1
165.437307400,1,0
165.437359200,1,1
165.437376600,1,0
165.437385200,1,1
165.437394000,1,0
165.437454600,1,1
165.437472000,1,0
165.437550000,1,1
165.437567400,1,0
165.437576000,1,1
165.437593400,1,0
165.437645200,1,1
165.437662600,1,0
165.437671200,1,1
165.437680000,1,0
165.437740600,1,1
165.437758000,1,0
165.437835800,1,1
165.437853400,1,0
165.437879200,1,1
165.437888000,1,0
165.437931200,1,1
165.437948600,1,0
165.437957200,1,1
165.437966000,1,0
165.438026600,1,1
165.438061400,1,0
165.438139200,1,1
165.438156600,1,0
165.438234600,1,1
165.438252000,1,0
165.438260600,1,1
165.438269400,1,0
165.438277800,1,1
165.438286600,1,0
165.438295200,1,1
165.438304000,1,0
165.438312600,1,1
165.438321400,1,0
165.438329800,1,1
165.438347400,1,0
165.438355800,1,1
165.438364600,1,0
165.438373200,1,1
165.438382000,1,0
165.438390600,1,1
165.438399400,1,0
165.438407800,1,1
165.438416600,1,0
165.438425200,1,1
166.338124600,0,1
166.338142000,1,1
166.338211200,0,1
166.338219800,1,1
166.338297600,0,1
166.338323600,1,1
166.338332200,0,1
166.338375600,1,1
166.338384200,0,1
166.338462000,1,1
166.338470800,0,1
166.338488000,1,1
166.338496800,0,1
166.338548600,1,1
166.338557200,0,1
166.338574600,1,1
166.338583200,0,1
166.338635200,1,1
166.338643800,0,1
166.338721800,1,1
166.338730400,0,1
166.338739000,1,1
166.338756400,0,1
166.338765000,1,1
166.338799600,0,1
166.338808200,1,1
166.338817000,0,1
166.338825600,1,1
166.338834200,0,1
166.338842800,1,1
166.338860200,0,1
166.338868800,1,1
166.338886200,0,1
166.338894800,1,1
166.363910400,1,0
166.363927600,1,1
166.364005800,1,0
166.364014200,1,1
166.364101000,1,0
166.364109600,1,1
166.364135800,1,0
166.364179000,1,1
166.364205000,1,0
166.364283000,1,1
166.364300400,1,0
166.364309000,1,1
166.364317800,1,0
166.364326200,1,1
166.364343800,1,0
166.364378200,1,1
166.364395600,1,0
166.364473600,1,1
166.364491000,1,0
166.364508200,1,1
166.364517000,1,0
166.364569000,1,1
166.364586400,1,0
166.364595000,1,1
166.364603600,1,0
166.364664200,1,1
166.364681600,1,0
166.364698800,1,1
166.364707600,1,0
166.364759600,1,1
166.364777000,1,0
166.364854800,1,1
166.364872400,1,0
166.364950200,1,1
166.364967600,1,0
166.364984800,1,1
166.364993600,1,0
166.365045600,1,1
166.365080200,1,0
166.365088800,1,1
166.365097600,1,0
166.365158200,1,1
166.365175600,1,0
166.365201600,1,1
166.365210400,1,0
166.365253600,1,1
166.365271000,1,0
166.365279600,1,1
166.365297000,1,0
166.365348800,1,1
166.365366400,1,0
166.365374800,1,1
166.365383600,1,0
166.365444200,1,1
166.365461600,1,0
166.365470200,1,1
166.365479000,1,0
166.365539600,1,1
166.365557000,1,0
166.365634800,1,1
166.365652200,1,0
166.365660800,1,1
166.365678200,1,0
166.365686800,1,1
166.365704200,1,0
166.365730200,1,1
166.365747600,1,0
166.365756200,1,1
166.365765000,1,0
166.365773600,1,1
166.365808200,1,0
166.365816800,1,1
166.366405200,0,1
166.366422400,1,1
166.366491800,0,1
166.366500400,1,1
166.366578200,0,1
166.366604200,1,1
166.366612800,0,1
166.366656200,1,1
166.366664800,0,1
166.366742600,1,1
166.366751400,0,1
166.366768600,1,1
166.366777400,0,1
166.366829200,1,1
166.366837800,0,1
166.366846600,1,1
166.366863800,0,1
166.366915800,1,1
166.366924400,0,1
166.367002400,1,1
166.367011000,0,1
166.367045600,1,1
166.367054200,0,1
166.367071600,1,1
166.367080200,0,1
166.367088800,1,1
166.367097400,0,1
166.367123400,1,1
166.367149400,0,1
166.367158000,1,1
166.367166800,0,1
166.367175400,1,1
166.389658400,1,0
166.389675600,1,1
166.389762400,1,0
166.389771000,1,1
166.389857800,1,0
166.389866400,1,1
166.389892400,1,0
166.389935600,1,1
166.389953000,1,0
166.390031000,1,1
166.390048400,1,0
166.390109000,1,1
166.390117800,1,0
166.390126400,1,1
166.390143800,1,0
166.390221600,1,1
166.390239000,1,0
166.390247600,1,1
166.390265000,1,0
166.390317000,1,1
166.390334400,1,0
166.390343000,1,1
166.390351800,1,0
166.390412400,1,1
166.390429800,1,0
166.390447000,1,1
166.390455800,1,0
166.390507600,1,1
166.390525000,1,0
166.390603000,1,1
166.390646400,1,0
166.390724400,1,1
166.390741800,1,0
166.390759000,1,1
166.390767800,1,0
166.390819600,1,1
166.390837200,1,0
166.390845600,1,1
166.390854400,1,0
166.390915000,1,1
166.390932400,1,0
166.390941000,1,1
166.390949800,1,0
166.391010400,1,1
166.391027800,1,0
166.391036400,1,1
166.391053800,1,0
166.391105600,1,1
166.391149200,1,0
166.391157600,1,1
166.391166400,1,0
166.391227000,1,1
166.391244400,1,0
166.391322400,1,1
166.391339800,1,0
166.391365600,1,1
166.391374400,1,0
166.391417600,1,1
166.391435200,1,0
166.391443600,1,1
166.391452400,1,0
166.391513000,1,1
166.391530400,1,0
166.391539000,1,1
166.391556400,1,0
166.391565000,1,1
166.391599800,1,0
166.391608400,1,1
166.391643000,1,0
166.391651600,1,1
166.391660400,1,0
166.391669000,1,1
166.391677800,1,0
166.391721000,1,1
166.391738400,1,0
166.391747000,1,1
166.391755800,1,0
166.391816400,1,1
166.391833800,1,0
166.391842400,1,1
166.391859800,1,0
166.391868400,1,1
166.391903000,1,0
166.391911600,1,1
166.391929000,1,0
166.391946400,1,1
166.391955000,1,0
166.391963600,1,1
166.391972400,1,0
166.392007000,1,1
166.392024400,1,0
166.392033000,1,1
166.392041800,1,0
166.392102400,1,1
166.392119800,1,0
166.392137000,1,1
166.392145800,1,0
166.392197600,1,1
166.392215000,1,0
166.392241000,1,1
166.392258400,1,0
166.392293000,1,1
166.392310400,1,0
166.392319000,1,1
166.392327800,1,0
166.392388400,1,1
166.392405800,1,0
166.392483600,1,1
166.392518400,1,0
166.392527000,1,1
166.392535800,1,0
166.392544400,1,1
166.392561800,1,0
166.392596400,1,1
166.392613800,1,0
166.392622400,1,1
166.392631000,1,0
166.392691600,1,1
166.392709000,1,0
166.392717600,1,1
166.392726400,1,0
166.392787000,1,1
166.392804400,1,0
166.392847600,1,1
166.392856400,1,0
166.392882400,1,1
166.392899800,1,0
166.392908400,1,1
166.392917200,1,0
166.392977600,1,1
166.392995200,1,0
166.393073000,1,1
166.393090400,1,0
166.393099000,1,1
166.393107800,1,0
166.393133600,1,1
166.393142400,1,0
166.393168400,1,1
166.393185800,1,0
166.393203000,1,1
166.393211800,1,0
166.393263800,1,1
166.393281200,1,0
166.393359000,1,1
166.393393800,1,0
166.393471600,1,1
166.393489200,1,0
166.393541000,1,1
166.393549800,1,0
166.393567000,1,1
166.393584400,1,0
166.393593000,1,1
166.393601800,1,0
166.393662400,1,1
166.393679800,1,0
166.393688400,1,1
166.393705800,1,0
166.393757800,1,1
166.393775200,1,0
166.393783800,1,1
166.393792400,1,0
166.393827000,1,1
166.393835800,1,0
166.393853000,1,1
166.393870400,1,0
166.393887800,1,1
166.393896400,1,0
166.393948400,1,1
166.393965800,1,0
166.394043600,1,1
166.394061200,1,0
166.394069600,1,1
166.394087200,1,0
166.394095600,1,1
166.394104400,1,0
166.394139000,1,1
166.394156400,1,0
166.394173600,1,1
166.394182400,1,0
166.394191000,1,1
166.394199800,1,0
166.394208400,1,1
166.394217200,1,0
166.394234400,1,1
166.394251800,1,0
166.394260400,1,1
166.394269200,1,0
166.394329800,1,1
166.394347200,1,0
166.394355800,1,1
166.394364400,1,0
166.394425000,1,1
166.394442400,1,0
166.394451000,1,1
166.394468400,1,0
166.394477000,1,1
166.394485800,1,0
166.394494400,1,1
166.394503200,1,0
166.394520400,1,1
166.394546400,1,0
166.394555000,1,1
166.394563800,1,0
166.394624400,1,1
166.394650400,1,0
166.394659000,1,1
166.394667800,1,0
166.394728400,1,1
166.394745800,1,0
166.394771800,1,1
166.394789200,1,0
166.394797800,1,1
166.394806400,1,0
166.394823800,1,1
166.394841200,1,0
166.394849800,1,1
166.394858400,1,0
166.394919000,1,1
166.394936400,1,0
166.394962400,1,1
166.394971200,1,0
166.395014400,1,1
166.395031800,1,0
166.395075000,1,1
166.395092400,1,0
166.395109600,1,1
166.395127200,1,0
166.395135600,1,1
166.395144400,1,0
166.395205000,1,1
166.395222400,1,0
166.395248400,1,1
166.395257000,1,0
166.395274400,1,1
166.395291800,1,0
166.395300400,1,1
166.395317800,1,0
166.395343600,1,1
166.395352400,1,0
166.395361000,1,1
166.395378400,1,0
166.395395600,1,1
166.395413000,1,0
166.395421600,1,1
166.395430400,1,0
166.395491000,1,1
166.395525800,1,0
166.395603600,1,1
166.395621000,1,0
166.395638400,1,1
166.395655800,1,0
166.395664400,1,1
166.395681800,1,0
166.395699000,1,1
166.395716400,1,0
166.395725000,1,1
166.395733800,1,0
166.395794400,1,1
166.395811800,1,0
166.395889600,1,1
166.395907000,1,0
166.395967600,1,1
166.395976400,1,0
166.395985000,1,1
166.396002400,1,0
166.396019600,1,1
166.396028400,1,0
166.396080400,1,1
166.396097800,1,0
166.396175600,1,1
166.396193000,1,0
166.396271000,1,1
166.396288400,1,0
166.396366400,1,1
166.396401200,1,0
166.396409600,1,1
166.396418400,1,0
166.396427000,1,1
166.396444400,1,0
166.396453000,1,1
166.396470400,1,0
166.396479000,1,1
166.396496400,1,0
166.396505000,1,1
166.396513800,1,0
166.396522400,1,1
166.396531200,1,0
166.396548400,1,1
166.396557200,1,0
166.396565600,1,1
166.397316600,0,1
166.397333800,1,1
166.397403000,0,1
166.397411800,1,1
166.397489600,0,1
166.397515600,1,1
166.397524200,0,1
166.397567400,1,1
166.397576200,0,1
166.397654000,1,1
166.397662600,0,1
166.397680000,1,1
166.397688600,0,1
166.397740600,1,1
166.397749200,0,1
166.397775200,1,1
166.397783800,0,1
166.397827200,1,1
166.397835800,0,1
166.397913600,1,1
166.397922400,0,1
166.397931000,1,1
166.397939600,0,1
166.397965600,1,1
166.397974200,0,1
166.397982800,1,1
166.398008800,0,1
166.398017400,1,1
166.398034800,0,1
166.398043400,1,1
166.398052200,0,1
166.398069400,1,1
166.419246200,1,0
166.419263400,1,1
166.419341600,1,0
166.419350000,1,1
166.419454200,1,0
166.419462800,1,1
166.419488800,1,0
166.419532000,1,1
166.419549600,1,0
166.419627400,1,1
166.419644800,1,0
166.419688200,1,1
166.419696800,1,0
166.419722800,1,1
166.419740200,1,0
166.419818200,1,1
166.419835600,1,0
166.419861400,1,1
166.419870200,1,0
166.419913400,1,1
166.419930800,1,0
166.419939400,1,1
166.419948200,1,0
166.420008800,1,1
166.420026200,1,0
166.420043400,1,1
166.420052200,1,0
166.420104000,1,1
166.420121600,1,0
166.420199400,1,1
166.420216800,1,0
166.420294800,1,1
166.420329600,1,0
166.420346800,1,1
166.420355600,1,0
166.420407400,1,1
166.420424800,1,0
166.420433400,1,1
166.420442200,1,0
166.420502800,1,1
166.420520200,1,0
166.420598000,1,1
166.420615600,1,0
166.420624000,1,1
166.420641600,1,0
166.420693400,1,1
166.420710800,1,0
166.420719400,1,1
166.420728200,1,0
166.420788800,1,1
166.420806200,1,0
166.420884200,1,1
166.420901600,1,0
166.420927400,1,1
166.420936200,1,0
166.420979400,1,1
166.420996800,1,0
166.421005400,1,1
166.421014200,1,0
166.421074800,1,1
166.421092200,1,0
166.421170200,1,1
166.421187600,1,0
166.421265400,1,1
166.421282800,1,0
166.421291400,1,1
166.421300200,1,0
166.421308800,1,1
166.421317600,1,0
166.421326200,1,1
166.421334800,1,0
166.421343400,1,1
166.421352200,1,0
166.421360800,1,1
166.421378200,1,0
166.421386800,1,1
166.421395600,1,0
166.421404200,1,1
166.421412800,1,0
166.421421400,1,1
166.421430200,1,0
166.421438800,1,1
166.421447600,1,0
166.421456200,1,1
167.372105600,0,1
167.372122800,1,1
167.372192000,0,1
167.372200800,1,1
167.372278600,0,1
167.372304600,1,1
167.372313200,0,1
167.372356400,1,1
167.372365200,0,1
167.372443000,1,1
167.372451600,0,1
167.372469000,1,1
167.372477600,0,1
167.372529600,1,1
167.372538200,0,1
167.372555600,1,1
167.372564200,0,1
167.372616000,1,1
167.372624800,0,1
167.372702600,1,1
167.372711200,0,1
167.372720000,1,1
167.372737200,0,1
167.372746000,1,1
167.372780600,0,1
167.372789200,1,1
167.372797800,0,1
167.372806400,1,1
167.372815200,0,1
167.372823800,1,1
167.372841000,0,1
167.372849800,1,1
167.372867000,0,1
167.372875800,1,1
167.396505800,1,0
167.396523000,1,1
167.396601200,1,0
167.396609800,1,1
167.396696400,1,0
167.396705000,1,1
167.396731200,1,0
167.396774400,1,1
167.396791800,1,0
167.396869600,1,1
167.396887000,1,0
167.396895600,1,1
167.396904400,1,0
167.396913000,1,1
167.396930400,1,0
167.396965000,1,1
167.396982400,1,0
167.397060200,1,1
167.397077600,1,0
167.397094800,1,1
167.397103600,1,0
167.397155600,1,1
167.397190200,1,0
167.397198800,1,1
167.397207600,1,0
167.397268200,1,1
167.397294200,1,0
167.397311400,1,1
167.397320200,1,0
167.397372200,1,1
167.397389600,1,0
167.397467400,1,1
167.397484800,1,0
167.397562600,1,1
167.397580200,1,0
167.397597400,1,1
167.397606000,1,0
167.397658000,1,1
167.397675400,1,0
167.397684000,1,1
167.397692800,1,0
167.397753200,1,1
167.397770800,1,0
167.397796600,1,1
167.397805400,1,0
167.397848600,1,1
167.397866000,1,0
167.397874600,1,1
167.397892000,1,0
167.397943800,1,1
167.397961200,1,0
167.397969800,1,1
167.397978600,1,0
167.398039200,1,1
167.398056600,1,0
167.398065200,1,1
167.398073800,1,0
167.398134400,1,1
167.398151800,1,0
167.398229800,1,1
167.398247200,1,0
167.398255800,1,1
167.398273200,1,0
167.398281800,1,1
167.398299200,1,0
167.398325000,1,1
167.398342600,1,0
167.398351000,1,1
167.398359800,1,0
167.398368400,1,1
167.398403200,1,0
167.398411800,1,1
167.398992800,0,1
167.399010200,1,1
167.399079400,0,1
167.399088000,1,1
167.399166000,0,1
167.399191800,1,1
167.399200600,0,1
167.399243800,1,1
167.399252400,0,1
167.399330400,1,1
167.399339000,0,1
167.399356400,1,1
167.399365000,0,1
167.399416800,1,1
167.399425600,0,1
167.399434200,1,1
167.399451600,0,1
167.399503400,1,1
167.399512000,0,1
167.399590000,1,1
167.399598600,0,1
167.399633200,1,1
167.399641800,0,1
167.399659200,1,1
167.399667800,0,1
167.399676400,1,1
167.399685200,0,1
167.399711200,1,1
167.399737000,0,1
167.399745800,1,1
167.399754400,0,1
167.399763000,1,1
167.422271800,1,0
167.422289000,1,1
167.422367000,1,0
167.422375600,1,1
167.422471000,1,0
167.422479600,1,1
167.422505600,1,0
167.422549000,1,1
167.422566400,1,0
167.422644200,1,1
167.422661600,1,0
167.422722200,1,1
167.422731000,1,0
167.422739600,1,1
167.422757000,1,0
167.422834800,1,1
167.422852200,1,0
167.422860800,1,1
167.422878200,1,0
167.422930200,1,1
167.422947600,1,0
167.422956200,1,1
167.422964800,1,0
167.423025400,1,1
167.423042800,1,0
167.423060200,1,1
167.423068800,1,0
167.423120800,1,1
167.423138200,1,0
167.423216000,1,1
167.423233400,1,0
167.423311400,1,1
167.423346200,1,0
167.423363400,1,1
167.423372200,1,0
167.423424000,1,1
167.423441400,1,0
167.423450000,1,1
167.423458800,1,0
167.423519200,1,1
167.423536800,1,0
167.423545200,1,1
167.423554000,1,0
167.423614600,1,1
167.423632000,1,0
167.423640600,1,1
167.423658000,1,0
167.423710000,1,1
167.423727400,1,0
167.423736000,1,1
167.423744600,1,0
167.423805200,1,1
167.423822600,1,0
167.423900600,1,1
167.423918000,1,0
167.423943800,1,1
167.423952600,1,0
167.423995800,1,1
167.424013200,1,0
167.424021800,1,1
167.424030600,1,0
167.424091200,1,1
167.424108600,1,0
167.424117200,1,1
167.424134600,1,0
167.424143000,1,1
167.424177800,1,0
167.424186400,1,1
167.424221200,1,0
167.424229800,1,1
167.424238400,1,0
167.424247000,1,1
167.424255800,1,0
167.424299000,1,1
167.424316400,1,0
167.424325000,1,1
167.424333800,1,0
167.424394400,1,1
167.424411800,1,0
167.424420400,1,1
167.424437800,1,0
167.424446400,1,1
167.424481000,1,0
167.424489600,1,1
167.424507000,1,0
167.424524400,1,1
167.424533000,1,0
167.424541600,1,1
167.424550400,1,0
167.424585000,1,1
167.424602400,1,0
167.424611000,1,1
167.424619800,1,0
167.424680200,1,1
167.424697800,1,0
167.424715000,1,1
167.424723800,1,0
167.424775600,1,1
167.424793000,1,0
167.424819000,1,1
167.424836400,1,0
167.424871000,1,1
167.424888400,1,0
167.424896800,1,1
167.424905600,1,0
167.424966200,1,1
167.424983600,1,0
167.425061600,1,1
167.425079000,1,0
167.425087400,1,1
167.425096200,1,0
167.425104800,1,1
167.425122200,1,0
167.425156800,1,1
167.425174200,1,0
167.425182800,1,1
167.425191600,1,0
167.425252200,1,1
167.425269600,1,0
167.425278200,1,1
167.425286800,1,0
167.425347400,1,1
167.425364800,1,0
167.425408000,1,1
167.425416800,1,0
167.425442800,1,1
167.425477400,1,0
167.425486000,1,1
167.425494800,1,0
167.425555400,1,1
167.425572800,1,0
167.425650600,1,1
167.425668000,1,0
167.425676600,1,1
167.425685400,1,0
167.425711200,1,1
167.425720000,1,0
167.425745800,1,1
167.425763400,1,0
167.425780600,1,1
167.425789400,1,0
167.425841200,1,1
167.425858600,1,0
167.425936400,1,1
167.425953800,1,0
167.426031800,1,1
167.426049200,1,0
167.426101000,1,1
167.426109800,1,0
167.426127000,1,1
167.426144400,1,0
167.426153000,1,1
167.426161800,1,0
167.426222400,1,1
167.426239800,1,0
167.426248400,1,1
167.426265800,1,0
167.426317600,1,1
167.426352400,1,0
167.426361000,1,1
167.426369800,1,0
167.426404200,1,1
167.426413000,1,0
167.426430200,1,1
167.426447800,1,0
167.426465000,1,1
167.426473600,1,0
167.426525600,1,1
167.426543000,1,0
167.426620800,1,1
167.426638200,1,0
167.426664200,1,1
167.426681600,1,0
167.426716200,1,1
167.426733600,1,0
167.426750800,1,1
167.426759600,1,0
167.426768200,1,1
167.426777000,1,0
167.426785600,1,1
167.426794200,1,0
167.426811400,1,1
167.426829000,1,0
167.426837400,1,1
167.426846200,1,0
167.426906800,1,1
167.426924200,1,0
167.426932800,1,1
167.426941600,1,0
167.427002000,1,1
167.427019400,1,0
167.427028000,1,1
167.427045400,1,0
167.427054000,1,1
167.427062800,1,0
167.427071400,1,1
167.427080200,1,0
167.427097400,1,1
167.427114800,1,0
167.427123400,1,1
167.427132200,1,0
167.427192600,1,1
167.427227400,1,0
167.427236000,1,1
167.427244800,1,0
167.427305200,1,1
167.427322800,1,0
167.427348600,1,1
167.427366000,1,0
167.427374600,1,1
167.427383400,1,0
167.427400600,1,1
167.427418000,1,0
167.427426600,1,1
167.427435400,1,0
167.427495800,1,1
167.427513400,1,0
167.427539200,1,1
167.427548000,1,0
167.427591200,1,1
167.427608600,1,0
167.427651800,1,1
167.427669200,1,0
167.427686400,1,1
167.427703800,1,0
167.427712400,1,1
167.427721200,1,0
167.427781800,1,1
167.427799200,1,0
167.427825000,1,1
167.427833800,1,0
167.427851000,1,1
167.427868400,1,0
167.427877000,1,1
167.427894400,1,0
167.427920400,1,1
167.427929200,1,0
167.427937600,1,1
167.427955200,1,0
167.427972400,1,1
167.427989800,1,0
167.427998400,1,1
167.428007200,1,0
167.428067600,1,1
167.428102400,1,0
167.428180200,1,1
167.428197800,1,0
167.428215000,1,1
167.428232400,1,0
167.428241000,1,1
167.428258400,1,0
167.428275600,1,1
167.428293000,1,0
167.428301600,1,1
167.428310400,1,0
167.428371000,1,1
167.428388400,1,0
167.428466200,1,1
167.428483600,1,0
167.428544200,1,1
167.428553000,1,0
167.428561400,1,1
167.428578800,1,0
167.428596200,1,1
167.428604800,1,0
167.428656800,1,1
167.428674200,1,0
167.428752000,1,1
167.428769400,1,0
167.428847400,1,1
167.428864800,1,0
167.428942600,1,1
167.428977400,1,0
167.429012000,1,1
167.429020600,1,0
167.429029200,1,1
167.429072600,1,0
167.429098600,1,1
167.429116000,1,0
167.429124600,1,1
167.429133200,1,0
167.429141800,1,1
167.446138600,0,1
167.446156000,1,1
167.446225200,0,1
167.446233800,1,1
167.446311800,0,1
167.446337800,1,1
167.446346400,0,1
167.446389600,1,1
167.446398400,0,1
167.446476200,1,1
167.446484800,0,1
167.446502200,1,1
167.446510800,0,1
167.446562800,1,1
167.446571400,0,1
167.446597400,1,1
167.446606000,0,1
167.446649200,1,1
167.446658000,0,1
167.446735800,1,1
167.446744400,0,1
167.446753200,1,1
167.446761800,0,1
167.446787800,1,1
167.446796400,0,1
167.446805000,1,1
167.446831000,0,1
167.446839600,1,1
167.446857000,0,1
167.446865600,1,1
167.446874200,0,1
167.446891600,1,1
167.471737000,1,0
167.471754200,1,1
167.471832200,1,0
167.471840800,1,1
167.471927600,1,0
167.471936000,1,1
167.471962200,1,0
167.472005400,1,1
167.472022800,1,0
167.472100800,1,1
167.472118200,1,0
167.472161400,1,1
167.472170200,1,0
167.472196000,1,1
167.472213400,1,0
167.472291400,1,1
167.472308800,1,0
167.472334600,1,1
167.472343400,1,0
167.472386600,1,1
167.472404000,1,0
167.472412600,1,1
167.472421400,1,0
167.472482000,1,1
167.472499400,1,0
167.472516600,1,1
167.472525400,1,0
167.472577200,1,1
167.472594600,1,0
167.472672600,1,1
167.472690000,1,0
167.472767800,1,1
167.472802600,1,0
167.472819800,1,1
167.472828600,1,0
167.472880400,1,1
167.472897800,1,0
167.472906400,1,1
167.472915200,1,0
167.472975800,1,1
167.472993200,1,0
167.473071000,1,1
167.473088400,1,0
167.473097000,1,1
167.473114400,1,0
167.473166200,1,1
167.473183800,1,0
167.473192200,1,1
167.473201000,1,0
167.473261600,1,1
167.473279000,1,0
167.473357000,1,1
167.473374400,1,0
167.473400200,1,1
167.473409000,1,0
167.473452200,1,1
167.473469600,1,0
167.473478200,1,1
167.473487000,1,0
167.473547400,1,1
167.473564800,1,0
167.473642800,1,1
167.473660200,1,0
167.473738000,1,1
167.473755400,1,0
167.473764000,1,1
167.473772800,1,0
167.473781400,1,1
167.473790200,1,0
167.473798600,1,1
167.473807400,1,0
167.473816000,1,1
167.473824800,1,0
167.473833400,1,1
167.473850800,1,0
167.473859400,1,1
167.473868000,1,0
167.473876600,1,1
167.473885400,1,0
167.473894000,1,1
167.473902800,1,0
167.473911400,1,1
167.473920000,1,0
167.473928600,1,1
168.374128000,0,1
168.374145200,1,1
168.374214400,0,1
168.374223200,1,1
168.374301000,0,1
168.374327000,1,1
168.374335600,0,1
168.374378800,1,1
168.374387600,0,1
168.374465400,1,1
168.374474000,0,1
168.374491400,1,1
168.374500000,0,1
168.374552000,1,1
168.374560600,0,1
168.374578000,1,1
168.374586600,0,1
168.374638600,1,1
168.374647200,0,1
168.374725000,1,1
168.374733800,0,1
168.374742400,1,1
168.374759600,0,1
168.374768400,1,1
168.374803000,0,1
168.374811600,1,1
168.374820200,0,1
168.374828800,1,1
168.374837600,0,1
168.374846200,1,1
168.374863600,0,1
168.374872200,1,1
168.374889400,0,1
168.374898200,1,1
168.399310200,1,0
168.399327400,1,1
168.399405400,1,0
168.399414000,1,1
168.399500800,1,0
168.399509400,1,1
168.399535400,1,0
168.399578600,1,1
168.399622200,1,0
168.399700000,1,1
168.399717400,1,0
168.399726000,1,1
168.399734800,1,0
168.399743400,1,1
168.399760800,1,0
168.399795400,1,1
168.399812800,1,0
168.399890600,1,1
168.399908000,1,0
168.399925400,1,1
168.399934000,1,0
168.399986000,1,1
168.400012000,1,0
168.400020600,1,1
168.400029400,1,0
168.400090000,1,1
168.400124800,1,0
168.400142000,1,1
168.400150600,1,0
168.400202600,1,1
168.400220000,1,0
168.400297800,1,1
168.400315400,1,0
168.400393200,1,1
168.400410600,1,0
168.400427800,1,1
168.400436600,1,0
168.400488400,1,1
168.400505800,1,0
168.400514400,1,1
168.400523200,1,0
168.400583800,1,1
168.400618400,1,0
168.400644400,1,1
168.400653200,1,0
168.400696400,1,1
168.400713800,1,0
168.400722400,1,1
168.400739800,1,0
168.400791600,1,1
168.400809000,1,0
168.400817600,1,1
168.400826400,1,0
168.400887000,1,1
168.400904400,1,0
168.400913000,1,1
168.400921800,1,0
168.400982200,1,1
168.400999600,1,0
168.401077600,1,1
168.401095000,1,0
168.401103600,1,1
168.401121000,1,0
168.401129600,1,1
168.401147000,1,0
168.401173000,1,1
168.401251000,1,0
168.401259600,1,1
168.401268400,1,0
168.401276800,1,1
168.401311600,1,0
168.401320200,1,1
168.401924000,0,1
168.401941200,1,1
168.402010400,0,1
168.402019200,1,1
168.402097000,0,1
168.402123000,1,1
168.402131600,0,1
168.402174800,1,1
168.402183600,0,1
168.402261400,1,1
168.402270000,0,1
168.402287400,1,1
168.402296000,0,1
168.402348000,1,1
168.402356600,0,1
168.402365200,1,1
168.402382600,0,1
168.402434400,1,1
168.402443200,0,1
168.402521000,1,1
168.402529600,0,1
168.402564200,1,1
168.402573000,0,1
168.402590200,1,1
168.402599000,0,1
168.402607600,1,1
168.402616200,0,1
168.402642200,1,1
168.402668200,0,1
168.402676800,1,1
168.402685400,0,1
168.402694200,1,1
168.425035800,1,0
168.425053000,1,1
168.425131000,1,0
168.425139600,1,1
168.425226400,1,0
168.425235000,1,1
168.425261000,1,0
168.425304200,1,1
168.425321800,1,0
168.425399600,1,1
168.425417000,1,0
168.425477600,1,1
168.425486400,1,0
168.425495000,1,1
168.425512400,1,0
168.425590200,1,1
168.425607600,1,0
168.425616200,1,1
168.425633600,1,0
168.425685600,1,1
168.425703000,1,0
168.425711600,1,1
168.425720400,1,0
168.425780800,1,1
168.425798400,1,0
168.425815600,1,1
168.425824400,1,0
168.425876200,1,1
168.425893600,1,0
168.425971600,1,1
168.425989000,1,0
168.426066800,1,1
168.426084200,1,0
168.426101400,1,1
168.426110200,1,0
168.426162200,1,1
168.426179600,1,0
168.426188200,1,1
168.426197000,1,0
168.426257400,1,1
168.426292200,1,0
168.426300800,1,1
168.426309600,1,0
168.426370200,1,1
168.426387600,1,0
168.426396200,1,1
168.426413600,1,0
168.426465400,1,1
168.426482800,1,0
168.426491400,1,1
168.426500200,1,0
168.426560800,1,1
168.426578200,1,0
168.426656000,1,1
168.426673400,1,0
168.426699400,1,1
168.426708200,1,0
168.426751400,1,1
168.426768800,1,0
168.426777400,1,1
168.426786200,1,0
168.426846800,1,1
168.426864200,1,0
168.426872800,1,1
168.426890200,1,0
168.426898800,1,1
168.426933400,1,0
168.426942000,1,1
168.426959400,1,0
168.426968000,1,1
168.426976800,1,0
168.426985400,1,1
168.426994200,1,0
168.427037400,1,1
168.427054800,1,0
168.427063400,1,1
168.427072000,1,0
168.427132600,1,1
168.427176000,1,0
168.427184600,1,1
168.427202000,1,0
168.427210600,1,1
168.427245400,1,0
168.427254000,1,1
168.427271400,1,0
168.427288600,1,1
168.427297400,1,0
168.427306000,1,1
168.427314800,1,0
168.427349200,1,1
168.427366800,1,0
168.427375200,1,1
168.427384000,1,0
168.427444600,1,1
168.427462000,1,0
168.427479200,1,1
168.427488000,1,0
168.427540000,1,1
168.427557400,1,0
168.427583200,1,1
168.427600600,1,0
168.427635200,1,1
168.427670000,1,0
168.427678600,1,1
168.427687200,1,0
168.427747800,1,1
168.427765200,1,0
168.427843200,1,1
168.427860600,1,0
168.427869200,1,1
168.427877800,1,0
168.427886400,1,1
168.427903800,1,0
168.427938400,1,1
168.427955800,1,0
168.427964400,1,1
168.427973200,1,0
168.428033800,1,1
168.428051200,1,0
168.428059800,1,1
168.428068600,1,0
168.428129000,1,1
168.428146400,1,0
168.428189800,1,1
168.428198400,1,0
168.428224400,1,1
168.428241800,1,0
168.428250400,1,1
168.428259200,1,0
168.428319600,1,1
168.428337200,1,0
168.428415000,1,1
168.428432400,1,0
168.428441000,1,1
168.428449800,1,0
168.428475600,1,1
168.428484400,1,0
168.428510400,1,1
168.428545000,1,0
168.428562200,1,1
168.428571000,1,0
168.428623000,1,1
168.428640400,1,0
168.428718200,1,1
168.428735600,1,0
168.428813600,1,1
168.428831000,1,0
168.428882800,1,1
168.428891600,1,0
168.428908800,1,1
168.428926400,1,0
168.428934800,1,1
168.428943600,1,0
168.429004200,1,1
168.429021600,1,0
168.429030200,1,1
168.429047600,1,0
168.429099400,1,1
168.429117000,1,0
168.429125400,1,1
168.429134200,1,0
168.429168800,1,1
168.429177600,1,0
168.429194800,1,1
168.429212200,1,0
168.429229400,1,1
168.429238200,1,0
168.429290200,1,1
168.429307600,1,0
168.429385400,1,1
168.429420200,1,0
168.429446000,1,1
168.429463600,1,0
168.429498000,1,1
168.429515400,1,0
168.429532800,1,1
168.429541400,1,0
168.429550000,1,1
168.429558800,1,0
168.429567400,1,1
168.429576200,1,0
168.429593400,1,1
168.429610800,1,0
168.429619400,1,1
168.429628200,1,0
168.429688600,1,1
168.429706200,1,0
168.429714600,1,1
168.429723400,1,0
168.429784000,1,1
168.429801400,1,0
168.429810000,1,1
168.429827400,1,0
168.429836000,1,1
168.429844800,1,0
168.429853400,1,1
168.429862000,1,0
168.429879400,1,1
168.429896800,1,0
168.429905400,1,1
168.429914000,1,0
168.429974600,1,1
168.429992000,1,0
168.430000600,1,1
168.430009400,1,0
168.430070000,1,1
168.430087400,1,0
168.430113200,1,1
168.430130600,1,0
168.430139200,1,1
168.430148000,1,0
168.430165200,1,1
168.430182600,1,0
168.430191200,1,1
168.430200000,1,0
168.430260600,1,1
168.430278000,1,0
168.430303800,1,1
168.430312600,1,0
168.430355800,1,1
168.430373400,1,0
168.430416600,1,1
168.430434000,1,0
168.430451200,1,1
168.430468600,1,0
168.430477200,1,1
168.430486000,1,0
168.430546600,1,1
168.430564000,1,0
168.430589800,1,1
168.430598600,1,0
168.430615800,1,1
168.430633200,1,0
168.430641800,1,1
168.430676600,1,0
168.430702400,1,1
168.430711200,1,0
168.430719800,1,1
168.430737200,1,0
168.430754400,1,1
168.430771800,1,0
168.430780400,1,1
168.430789200,1,0
168.430849800,1,1
168.430867200,1,0
168.430945000,1,1
168.430962400,1,0
168.430979800,1,1
168.430997200,1,0
168.431005800,1,1
168.431023200,1,0
168.431040400,1,1
168.431057800,1,0
168.431066400,1,1
168.431075200,1,0
168.431135600,1,1
168.431153200,1,0
168.431231000,1,1
168.431248400,1,0
168.431309000,1,1
168.431317800,1,0
168.431326200,1,1
168.431343800,1,0
168.431361000,1,1
168.431369800,1,0
168.431421600,1,1
168.431439000,1,0
168.431517000,1,1
168.431551600,1,0
168.431629600,1,1
168.431647000,1,0
168.431724800,1,1
168.431742200,1,0
168.431776800,1,1
168.431785600,1,0
168.431794200,1,1
168.431837600,1,0
168.431863400,1,1
168.431881000,1,0
168.431889400,1,1
168.431898200,1,0
168.431906800,1,1
168.432679400,0,1
168.432696800,1,1
168.432766000,0,1
168.432774600,1,1
168.432852600,0,1
168.432878600,1,1
168.432887200,0,1
168.432930400,1,1
168.432939200,0,1
168.433017000,1,1
168.433025600,0,1
168.433043000,1,1
168.433051600,0,1
168.433103600,1,1
168.433112200,0,1
168.433138200,1,1
168.433146800,0,1
168.433190000,1,1
168.433198800,0,1
168.433276600,1,1
168.433285200,0,1
168.433294000,1,1
168.433302600,0,1
168.433328600,1,1
168.433337200,0,1
168.433345800,1,1
168.433371800,0,1
168.433380400,1,1
168.433397800,0,1
168.433406400,1,1
168.433415000,0,1
168.433432400,1,1
168.454520400,1,0
168.454537600,1,1
168.454615800,1,0
168.454624200,1,1
168.454728400,1,0
168.454737000,1,1
168.454763000,1,0
168.454806200,1,1
168.454823600,1,0
168.454901600,1,1
168.454919000,1,0
168.454962200,1,1
168.454971000,1,0
168.454996800,1,1
168.455014200,1,0
168.455092200,1,1
168.455109600,1,0
168.455135400,1,1
168.455144200,1,0
168.455187400,1,1
168.455204800,1,0
168.455213400,1,1
168.455222200,1,0
168.455282800,1,1
168.455300200,1,0
168.455317400,1,1
168.455326200,1,0
168.455378000,1,1
168.455395400,1,0
168.455473400,1,1
168.455490800,1,0
168.455568600,1,1
168.455603400,1,0
168.455620600,1,1
168.455629400,1,0
168.455681200,1,1
168.455698600,1,0
168.455707200,1,1
168.455716000,1,0
168.455776600,1,1
168.455794000,1,0
168.455871800,1,1
168.455889200,1,0
168.455897800,1,1
168.455915200,1,0
168.455967200,1,1
168.455984600,1,0
168.455993200,1,1
168.456002000,1,0
168.456062400,1,1
168.456079800,1,0
168.456157800,1,1
168.456175200,1,0
168.456201000,1,1
168.456209800,1,0
168.456253000,1,1
168.456270400,1,0
168.456279000,1,1
168.456287800,1,0
168.456348400,1,1
168.456365800,1,0
168.456443600,1,1
168.456478400,1,0
168.456556200,1,1
168.456573600,1,0
168.456582200,1,1
168.456591000,1,0
168.456599600,1,1
168.456608400,1,0
168.456617000,1,1
168.456625600,1,0
168.456634200,1,1
168.456643000,1,0
168.456651600,1,1
168.456669000,1,0
168.456677600,1,1
168.456686400,1,0
168.456694800,1,1
168.456703600,1,0
168.456712200,1,1
168.456721000,1,0
168.456729600,1,1
168.456738200,1,0
168.456746800,1,1
169.406291600,0,1
169.406308800,1,1
169.406378200,0,1
169.406386800,1,1
169.406464600,0,1
169.406490600,1,1
169.406499200,0,1
169.406542600,1,1
169.406551200,0,1
169.406629000,1,1
169.406637800,0,1
169.406655000,1,1
169.406663600,0,1
169.406715600,1,1
169.406724200,0,1
169.406741600,1,1
169.406750200,0,1
169.406802200,1,1
169.406810800,0,1
169.406888600,1,1
169.406897400,0,1
169.406906000,1,1
169.406923400,0,1
169.406932000,1,1
169.406966600,0,1
169.406975200,1,1
169.406983800,0,1
169.406992600,1,1
169.407001200,0,1
169.407009800,1,1
169.407027200,0,1
169.407035800,1,1
169.407053200,0,1
169.407061800,1,1
169.432172600,1,0
169.432189800,1,1
169.432267800,1,0
169.432276400,1,1
169.432363200,1,0
169.432371800,1,1
169.432397800,1,0
169.432441000,1,1
169.432458400,1,0
169.432536400,1,1
169.432553800,1,0
169.432562400,1,1
169.432571200,1,0
169.432579600,1,1
169.432597200,1,0
169.432631600,1,1
169.432649000,1,0
169.432727000,1,1
169.432744400,1,0
169.432761600,1,1
169.432770400,1,0
169.432822200,1,1
169.432839600,1,0
169.432848200,1,1
169.432857000,1,0
169.432917600,1,1
169.432935000,1,0
169.432952200,1,1
169.432961000,1,0
169.433012800,1,1
169.433047600,1,0
169.433125400,1,1
169.433142800,1,0
169.433220800,1,1
169.433238200,1,0
169.433255400,1,1
169.433264200,1,0
169.433316000,1,1
169.433333400,1,0
169.433342000,1,1
169.433350800,1,0
169.433411400,1,1
169.433428800,1,0
169.433454600,1,1
169.433463400,1,0
169.433506600,1,1
169.433524000,1,0
169.433532600,1,1
169.433550000,1,0
169.433601800,1,1
169.433619400,1,0
169.433627800,1,1
169.433636600,1,0
169.433697200,1,1
169.433714600,1,0
169.433723200,1,1
169.433732000,1,0
169.433792600,1,1
169.433810000,1,0
169.433887800,1,1
169.433922600,1,0
169.433931200,1,1
169.433948600,1,0
169.433957200,1,1
169.433974600,1,0
169.434000400,1,1
169.434017800,1,0
169.434026400,1,1
169.434035200,1,0
169.434043800,1,1
169.434078600,1,0
169.434087000,1,1
169.434676000,0,1
169.434693400,1,1
169.434762600,0,1
169.434771200,1,1
169.434849000,0,1
169.434875000,1,1
169.434883800,0,1
169.434927000,1,1
169.434935600,0,1
169.435013600,1,1
169.435022200,0,1
169.435039400,1,1
169.435048200,0,1
169.435100000,1,1
169.435108600,0,1
169.435117400,1,1
169.435134600,0,1
169.435186600,1,1
169.435195200,0,1
169.435273200,1,1
169.435281800,0,1
169.435316400,1,1
169.435325000,0,1
169.435342400,1,1
169.435351000,0,1
169.435359600,1,1
169.435368400,0,1
169.435394200,1,1
169.435420200,0,1
169.435428800,1,1
169.435437600,0,1
169.435446200,1,1
169.457728400,1,0
169.457745600,1,1
169.457841000,1,0
169.457849600,1,1
169.457936200,1,0
169.457944800,1,1
169.457971000,1,0
169.458014200,1,1
169.458031600,1,0
169.458109400,1,1
169.458126800,1,0
169.458187400,1,1
169.458196200,1,0
169.458204800,1,1
169.458222200,1,0
169.458300000,1,1
169.458317400,1,0
169.458326000,1,1
169.458343400,1,0
169.458395400,1,1
169.458421400,1,0
169.458430000,1,1
169.458438800,1,0
169.458499200,1,1
169.458516800,1,0
169.458534000,1,1
169.458542600,1,0
169.458594600,1,1
169.458612000,1,0
169.458689800,1,1
169.458716000,1,0
169.458793800,1,1
169.458811200,1,0
169.458828400,1,1
169.458837200,1,0
169.458889200,1,1
169.458906600,1,0
169.458915200,1,1
169.458923800,1,0
169.458984400,1,1
169.459001800,1,0
169.459010400,1,1
169.459019200,1,0
169.459079600,1,1
169.459097200,1,0
169.459105600,1,1
169.459123000,1,0
169.459175000,1,1
169.459192400,1,0
169.459201000,1,1
169.459209800,1,0
169.459270200,1,1
169.459287600,1,0
169.459365600,1,1
169.459383000,1,0
169.459408800,1,1
169.459417600,1,0
169.459460800,1,1
169.459478200,1,0
169.459486800,1,1
169.459495600,1,0
169.459556000,1,1
169.459599600,1,0
169.459608000,1,1
169.459625400,1,0
169.459634000,1,1
169.459668800,1,0
169.459677400,1,1
169.459694800,1,0
169.459703400,1,1
169.459712200,1,0
169.459720600,1,1
169.459729400,1,0
169.459772600,1,1
169.459790000,1,0
169.459798600,1,1
169.459807400,1,0
169.459868000,1,1
169.459885400,1,0
169.459894000,1,1
169.459911400,1,0
169.459920000,1,1
169.459954600,1,0
169.459963200,1,1
169.459980600,1,0
169.459997800,1,1
169.460006600,1,0
169.460015200,1,1
169.460024000,1,0
169.460058600,1,1
169.460093200,1,0
169.460101800,1,1
169.460110600,1,0
169.460171200,1,1
169.460188600,1,0
169.460205800,1,1
169.460214600,1,0
169.460266400,1,1
169.460283800,1,0
169.460309800,1,1
169.460327200,1,0
169.460361800,1,1
169.460379200,1,0
169.460387800,1,1
169.460396400,1,0
169.460457000,1,1
169.460474400,1,0
169.460552400,1,1
169.460569800,1,0
169.460578400,1,1
169.460587000,1,0
169.460595600,1,1
169.460613000,1,0
169.460647600,1,1
169.460665000,1,0
169.460673600,1,1
169.460682400,1,0
169.460743000,1,1
169.460760400,1,0
169.460769000,1,1
169.460777600,1,0
169.460838200,1,1
169.460855600,1,0
169.460898800,1,1
169.460907600,1,0
169.460933400,1,1
169.460968200,1,0
169.460976800,1,1
169.460985600,1,0
169.461046000,1,1
169.461063600,1,0
169.461141400,1,1
169.461158800,1,0
169.461167400,1,1
169.461176200,1,0
169.461202000,1,1
169.461210800,1,0
169.461236600,1,1
169.461254000,1,0
169.461271200,1,1
169.461280000,1,0
169.461332000,1,1
169.461349400,1,0
169.461427200,1,1
169.461444600,1,0
169.461522600,1,1
169.461540000,1,0
169.461591800,1,1
169.461600600,1,0
169.461617800,1,1
169.461635200,1,0
169.461643800,1,1
169.461652600,1,0
169.461713000,1,1
169.461730600,1,0
169.461739000,1,1
169.461756600,1,0
169.461808400,1,1
169.461843200,1,0
169.461851600,1,1
169.461860400,1,0
169.461895000,1,1
169.461903800,1,0
169.461921000,1,1
169.461938400,1,0
169.461955600,1,1
169.461964400,1,0
169.462016200,1,1
169.462033600,1,0
169.462111600,1,1
169.462129000,1,0
169.462154800,1,1
169.462172200,1,0
169.462206800,1,1
169.462224200,1,0
169.462241400,1,1
169.462250200,1,0
169.462258800,1,1
169.462267600,1,0
169.462276200,1,1
169.462285000,1,0
169.462302200,1,1
169.462319600,1,0
169.462328200,1,1
169.462336800,1,0
169.462397400,1,1
169.462414800,1,0
169.462423400,1,1
169.462432200,1,0
169.462492800,1,1
169.462510200,1,0
169.462518800,1,1
169.462536200,1,0
169.462544600,1,1
169.462553400,1,0
169.462562000,1,1
169.462570800,1,0
169.462588000,1,1
169.462622800,1,0
169.462631400,1,1
169.462640000,1,0
169.462700600,1,1
169.462718000,1,0
169.462726600,1,1
169.462735400,1,0
169.462796000,1,1
169.462813400,1,0
169.462839200,1,1
169.462856600,1,0
169.462865200,1,1
169.462874000,1,0
169.462891200,1,1
169.462908600,1,0
169.462917200,1,1
169.462926000,1,0
169.462986400,1,1
169.463003800,1,0
169.463029800,1,1
169.463038600,1,0
169.463081800,1,1
169.463099200,1,0
169.463142400,1,1
169.463159800,1,0
169.463177000,1,1
169.463194400,1,0
169.463203000,1,1
169.463211800,1,0
169.463272400,1,1
169.463289800,1,0
169.463315600,1,1
169.463324400,1,0
169.463341600,1,1
169.463359000,1,0
169.463367600,1,1
169.463385000,1,0
169.463411000,1,1
169.463419600,1,0
169.463428200,1,1
169.463445600,1,0
169.463463000,1,1
169.463480400,1,0
169.463489000,1,1
169.463497600,1,0
169.463558200,1,1
169.463575600,1,0
169.463653400,1,1
169.463671000,1,0
169.463688200,1,1
169.463705600,1,0
169.463714200,1,1
169.463731600,1,0
169.463748800,1,1
169.463766200,1,0
169.463774800,1,1
169.463783600,1,0
169.463844000,1,1
169.463861400,1,0
169.463939400,1,1
169.463974200,1,0
169.464034600,1,1
169.464043400,1,0
169.464052000,1,1
169.464069400,1,0
169.464086600,1,1
169.464095400,1,0
169.464147200,1,1
169.464164800,1,0
169.464242600,1,1
169.464260000,1,0
169.464337800,1,1
169.464355400,1,0
169.464433200,1,1
169.464450600,1,0
169.464485200,1,1
169.464494000,1,0
169.464502400,1,1
169.464545800,1,0
169.464571800,1,1
169.464589200,1,0
169.464597800,1,1
169.464606600,1,0
169.464615200,1,1
169.465544000,0,1
169.465561400,1,1
169.465630600,0,1
169.465639200,1,1
169.465717200,0,1
169.465743200,1,1
169.465751800,0,1
169.465795000,1,1
169.465803600,0,1
169.465881600,1,1
169.465890200,0,1
169.465907600,1,1
169.465916200,0,1
169.465968200,1,1
169.465976800,0,1
169.466002800,1,1
169.466011400,0,1
169.466054600,1,1
169.466063400,0,1
169.466141200,1,1
169.466149800,0,1
169.466158400,1,1
169.466167200,0,1
169.466193200,1,1
169.466201800,0,1
169.466210400,1,1
169.466236400,0,1
169.466245000,1,1
169.466262400,0,1
169.466271000,1,1
169.466279600,0,1
169.466297000,1,1
169.487251800,1,0
169.487269000,1,1
169.487347200,1,0
169.487355800,1,1
169.487442400,1,0
169.487451000,1,1
169.487477000,1,0
169.487520200,1,1
169.487537800,1,0
169.487615600,1,1
169.487641600,1,0
169.487684800,1,1
169.487693600,1,0
169.487719600,1,1
169.487737000,1,0
169.487814800,1,1
169.487832200,1,0
169.487858200,1,1
169.487867000,1,0
169.487910200,1,1
169.487927600,1,0
169.487936200,1,1
169.487944800,1,0
169.488005400,1,1
169.488022800,1,0
169.488040000,1,1
169.488048800,1,0
169.488100800,1,1
169.488118200,1,0
169.488196000,1,1
169.488213400,1,0
169.488291400,1,1
169.488308800,1,0
169.488326000,1,1
169.488334800,1,0
169.488386600,1,1
169.488404000,1,0
169.488412600,1,1
169.488421400,1,0
169.488482000,1,1
169.488516600,1,0
169.488594600,1,1
169.488612000,1,0
169.488620600,1,1
169.488638000,1,0
169.488689800,1,1
169.488707200,1,0
169.488715800,1,1
169.488724600,1,0
169.488785200,1,1
169.488802600,1,0
169.488880400,1,1
169.488897800,1,0
169.488923800,1,1
169.488932600,1,0
169.488975800,1,1
169.488993200,1,0
169.489001800,1,1
169.489010400,1,0
169.489071000,1,1
169.489088400,1,0
169.489166400,1,1
169.489183800,1,0
169.489261600,1,1
169.489279000,1,0
169.489287600,1,1
169.489296400,1,0
169.489305000,1,1
169.489313600,1,0
169.489322200,1,1
169.489331000,1,0
169.489339600,1,1
169.489348400,1,0
169.489356800,1,1
169.489391600,1,0
169.489400200,1,1
169.489409000,1,0
169.489417600,1,1
169.489426200,1,0
169.489434800,1,1
169.489443600,1,0
169.489452200,1,1
169.489461000,1,0
169.489469600,1,1
170.440090800,0,1
170.440108000,1,1
170.440177200,0,1
170.440186000,1,1
170.440263800,0,1
170.440289800,1,1
170.440298400,0,1
170.440341800,1,1
170.440350400,0,1
170.440428200,1,1
170.440437000,0,1
170.440454200,1,1
170.440462800,0,1
170.440514800,1,1
170.440523400,0,1
170.440540800,1,1
170.440549400,0,1
170.440601400,1,1
170.440610000,0,1
170.440687800,1,1
170.440696600,0,1
170.440705200,1,1
170.440722400,0,1
170.440731200,1,1
170.440765800,0,1
170.440774400,1,1
170.440783000,0,1
170.440791800,1,1
170.440800400,0,1
170.440809000,1,1
170.440826400,0,1
170.440835000,1,1
170.440852200,0,1
170.440861000,1,1
170.464616600,1,0
170.464633800,1,1
170.464712000,1,0
170.464720400,1,1
170.464815800,1,0
170.464824400,1,1
170.464850400,1,0
170.464893800,1,1
170.464911200,1,0
170.464989000,1,1
170.465006400,1,0
170.465015000,1,1
170.465023800,1,0
170.465032200,1,1
170.465049800,1,0
170.465084200,1,1
170.465101600,1,0
170.465179600,1,1
170.465197000,1,0
170.465214200,1,1
170.465223000,1,0
170.465274800,1,1
170.465292200,1,0
170.465300800,1,1
170.465309600,1,0
170.465370000,1,1
170.465387400,1,0
170.465404800,1,1
170.465413400,1,0
170.465465400,1,1
170.465482800,1,0
170.465560600,1,1
170.465578000,1,0
170.465655800,1,1
170.465708000,1,0
170.465725200,1,1
170.465734000,1,0
170.465785800,1,1
170.465820600,1,0
170.465829200,1,1
170.465837800,1,0
170.465898400,1,1
170.465915800,1,0
170.465941800,1,1
170.465950400,1,0
170.465993600,1,1
170.466011200,1,0
170.466019600,1,1
170.466037000,1,0
170.466089000,1,1
170.466106400,1,0
170.466115000,1,1
170.466123800,1,0
170.466184200,1,1
170.466201600,1,0
170.466210200,1,1
170.466219000,1,0
170.466279600,1,1
170.466297000,1,0
170.466374800,1,1
170.466392200,1,0
170.466400800,1,1
170.466418200,1,0
170.466426800,1,1
170.466444200,1,0
170.466470000,1,1
170.466487400,1,0
170.466496000,1,1
170.466504800,1,0
170.466513400,1,1
170.466548200,1,0
170.466556800,1,1
170.467125200,0,1
170.467142600,1,1
170.467211800,0,1
170.467220400,1,1
170.467298200,0,1
170.467324200,1,1
170.467332800,0,1
170.467376200,1,1
170.467384800,0,1
170.467462600,1,1
170.467471400,0,1
170.467488600,1,1
170.467497400,0,1
170.467549200,1,1
170.467557800,0,1
170.467566600,1,1
170.467583800,0,1
170.467635800,1,1
170.467644400,0,1
170.467722400,1,1
170.467731000,0,1
170.467765600,1,1
170.467774200,0,1
170.467791600,1,1
170.467800200,0,1
170.467808800,1,1
170.467817600,0,1
170.467843400,1,1
170.467869400,0,1
170.467878000,1,1
170.467886800,0,1
170.467895400,1,1
170.490324000,1,0
170.490341400,1,1
170.490419400,1,0
170.490428000,1,1
170.490514600,1,0
170.490523200,1,1
170.490549400,1,0
170.490592600,1,1
170.490610000,1,0
170.490687800,1,1
170.490705200,1,0
170.490765800,1,1
170.490774600,1,0
170.490783000,1,1
170.490800600,1,0
170.490878400,1,1
170.490895800,1,0
170.490904400,1,1
170.490921800,1,0
170.490973600,1,1
170.490991000,1,0
170.490999600,1,1
170.491008400,1,0
170.491069000,1,1
170.491086400,1,0
170.491103600,1,1
170.491112400,1,0
170.491164200,1,1
170.491181600,1,0
170.491259600,1,1
170.491277000,1,0
170.491354800,1,1
170.491372200,1,0
170.491389400,1,1
170.491398200,1,0
170.491450000,1,1
170.491467400,1,0
170.491476000,1,1
170.491484800,1,0
170.491545400,1,1
170.491562800,1,0
170.491571400,1,1
170.491580000,1,0
170.491640600,1,1
170.491658000,1,0
170.491666600,1,1
170.491684000,1,0
170.491736000,1,1
170.491753400,1,0
170.491762000,1,1
170.491770600,1,0
170.491831200,1,1
170.491866000,1,0
170.491943800,1,1
170.491961200,1,0
170.491987200,1,1
170.491995800,1,0
170.492039000,1,1
170.492056600,1,0
170.492065000,1,1
170.492073800,1,0
170.492134400,1,1
170.492151800,1,0
170.492160400,1,1
170.492177800,1,0
170.492186400,1,1
170.492221000,1,0
170.492229600,1,1
170.492247000,1,0
170.492255600,1,1
170.492264400,1,0
170.492273000,1,1
170.492281800,1,0
170.492325000,1,1
170.492342400,1,0
170.492351000,1,1
170.492359600,1,0
170.492420200,1,1
170.492437600,1,0
170.492446200,1,1
170.492463600,1,0
170.492472200,1,1
170.492507000,1,0
170.492515600,1,1
170.492533000,1,0
170.492550200,1,1
170.492559000,1,0
170.492567400,1,1
170.492576200,1,0
170.492610800,1,1
170.492628200,1,0
170.492636800,1,1
170.492645600,1,0
170.492706000,1,1
170.492740800,1,0
170.492758000,1,1
170.492766800,1,0
170.492818600,1,1
170.492836000,1,0
170.492862000,1,1
170.492879400,1,0
170.492914000,1,1
170.492931400,1,0
170.492940000,1,1
170.492948800,1,0
170.493009200,1,1
170.493078600,1,0
170.493156600,1,1
170.493174000,1,0
170.493182400,1,1
170.493191200,1,0
170.493199800,1,1
170.493217200,1,0
170.493251800,1,1
170.493269200,1,0
170.493277800,1,1
170.493286600,1,0
170.493347000,1,1
170.493373200,1,0
170.493381800,1,1
170.493390400,1,0
170.493451000,1,1
170.493468400,1,0
170.493511600,1,1
170.493520400,1,0
170.493546200,1,1
170.493563800,1,0
170.493572200,1,1
170.493581000,1,0
170.493641600,1,1
170.493659000,1,0
170.493736800,1,1
170.493754200,1,0
170.493762800,1,1
170.493771600,1,0
170.493797400,1,1
170.493806200,1,0
170.493832200,1,1
170.493866800,1,0
170.493884000,1,1
170.493892800,1,0
170.493944800,1,1
170.493962200,1,0
170.494040000,1,1
170.494057400,1,0
170.494135200,1,1
170.494152600,1,0
170.494204600,1,1
170.494213400,1,0
170.494230600,1,1
170.494248000,1,0
170.494256600,1,1
170.494265200,1,0
170.494325800,1,1
170.494343200,1,0
170.494351800,1,1
170.494369200,1,0
170.494421000,1,1
170.494438600,1,0
170.494447000,1,1
170.494455800,1,0
170.494490400,1,1
170.494499200,1,0
170.494516400,1,1
170.494533800,1,0
170.494551000,1,1
170.494559800,1,0
170.494611600,1,1
170.494629000,1,0
170.494707000,1,1
170.494741600,1,0
170.494767600,1,1
170.494785000,1,0
170.494819600,1,1
170.494837000,1,0
170.494854200,1,1
170.494863000,1,0
170.494871400,1,1
170.494880200,1,0
170.494888800,1,1
170.494897600,1,0
170.494914800,1,1
170.494932200,1,0
170.494940800,1,1
170.494949600,1,0
170.495010000,1,1
170.495027400,1,0
170.495036000,1,1
170.495044800,1,0
170.495105400,1,1
170.495122800,1,0
170.495131400,1,1
170.495148800,1,0
170.495157400,1,1
170.495166000,1,0
170.495174600,1,1
170.495183400,1,0
170.495200600,1,1
170.495218000,1,0
170.495226600,1,1
170.495235400,1,0
170.495296000,1,1
170.495313400,1,0
170.495321800,1,1
170.495330600,1,0
170.495391200,1,1
170.495408600,1,0
170.495434600,1,1
170.495452000,1,0
170.495460600,1,1
170.495469200,1,0
170.495486400,1,1
170.495504000,1,0
170.495512400,1,1
170.495521200,1,0
170.495581800,1,1
170.495599200,1,0
170.495625000,1,1
170.495633800,1,0
170.495677000,1,1
170.495694600,1,0
170.495737800,1,1
170.495755200,1,0
170.495772400,1,1
170.495789800,1,0
170.495798400,1,1
170.495807200,1,0
170.495867600,1,1
170.495885000,1,0
170.495911000,1,1
170.495919800,1,0
170.495937000,1,1
170.495954400,1,0
170.495963000,1,1
170.495997600,1,0
170.496023600,1,1
170.496032400,1,0
170.496041000,1,1
170.496058400,1,0
170.496075600,1,1
170.496093000,1,0
170.496101600,1,1
170.496110400,1,0
170.496170800,1,1
170.496188200,1,0
170.496266200,1,1
170.496283600,1,0
170.496300800,1,1
170.496318200,1,0
170.496326800,1,1
170.496344200,1,0
170.496361400,1,1
170.496378800,1,0
170.496387400,1,1
170.496396200,1,0
170.496456800,1,1
170.496474200,1,0
170.496552000,1,1
170.496569400,1,0
170.496630000,1,1
170.496638800,1,0
170.496647200,1,1
170.496664800,1,0
170.496682000,1,1
170.496690600,1,0
170.496742600,1,1
170.496760000,1,0
170.496837800,1,1
170.496872600,1,0
170.496950400,1,1
170.496967800,1,0
170.497045800,1,1
170.497063200,1,0
170.497097800,1,1
170.497106400,1,0
170.497115000,1,1
170.497158400,1,0
170.497184400,1,1
170.497201800,1,0
170.497210400,1,1
170.497219200,1,0
170.497227600,1,1
170.497984600,0,1
170.498002000,1,1
170.498071200,0,1
170.498079800,1,1
170.498157600,0,1
170.498183600,1,1
170.498192400,0,1
170.498235600,1,1
170.498244200,0,1
170.498322200,1,1
170.498330800,0,1
170.498348000,1,1
170.498356800,0,1
170.498408600,1,1
170.498417400,0,1
170.498443200,1,1
170.498452000,0,1
170.498495200,1,1
170.498503800,0,1
170.498581800,1,1
170.498590400,0,1
170.498599000,1,1
170.498607600,0,1
170.498633600,1,1
170.498642400,0,1
170.498651000,1,1
170.498677000,0,1
170.498685600,1,1
170.498702800,0,1
170.498711600,1,1
170.498720200,0,1
170.498737400,1,1
170.519854400,1,0
170.519871600,1,1
170.519949600,1,0
170.519958200,1,1
170.520045000,1,0
170.520053600,1,1
170.520079600,1,0
170.520122800,1,1
170.520157600,1,0
170.520235400,1,1
170.520252800,1,0
170.520296000,1,1
170.520304800,1,0
170.520330800,1,1
170.520348200,1,0
170.520426000,1,1
170.520443400,1,0
170.520469400,1,1
170.520478200,1,0
170.520521400,1,1
170.520538800,1,0
170.520547400,1,1
170.520556000,1,0
170.520616600,1,1
170.520634000,1,0
170.520651400,1,1
170.520660000,1,0
170.520712000,1,1
170.520729400,1,0
170.520807200,1,1
170.520824600,1,0
170.520902600,1,1
170.520920000,1,0
170.520937200,1,1
170.520946000,1,0
170.520997800,1,1
170.521041200,1,0
170.521049800,1,1
170.521058600,1,0
170.521119200,1,1
170.521136600,1,0
170.521214400,1,1
170.521231800,1,0
170.521240400,1,1
170.521257800,1,0
170.521309800,1,1
170.521327200,1,0
170.521335800,1,1
170.521344400,1,0
170.521405000,1,1
170.521422400,1,0
170.521500400,1,1
170.521535000,1,0
170.521561000,1,1
170.521569800,1,0
170.521613000,1,1
170.521630400,1,0
170.521639000,1,1
170.521647600,1,0
170.521708200,1,1
170.521725600,1,0
170.521803600,1,1
170.521821000,1,0
170.521898800,1,1
170.521916200,1,0
170.521924800,1,1
170.521933600,1,0
170.521942200,1,1
170.521951000,1,0
170.521959400,1,1
170.521968200,1,0
170.521976800,1,1
170.521985600,1,0
170.521994200,1,1
170.522011600,1,0
170.522020200,1,1
170.522028800,1,0
170.522037400,1,1
170.522046200,1,0
170.522054800,1,1
170.522063600,1,0
170.522072000,1,1
170.522080800,1,0
170.522089400,1,1
171.472081400,0,1
171.472098600,1,1
171.472167800,0,1
171.472176600,1,1
171.472254400,0,1
171.472280400,1,1
171.472289000,0,1
171.472332200,1,1
171.472341000,0,1
171.472418800,1,1
171.472427400,0,1
171.472444800,1,1
171.472453400,0,1
171.472505400,1,1
171.472514000,0,1
171.472531400,1,1
171.472540000,0,1
171.472591800,1,1
171.472600600,0,1
171.472678400,1,1
171.472687000,0,1
171.472695800,1,1
171.472713000,0,1
171.472721600,1,1
171.472756400,0,1
171.472765000,1,1
171.472773600,0,1
171.472782200,1,1
171.472791000,0,1
171.472799600,1,1
171.472816800,0,1
171.472825600,1,1
171.472842800,0,1
171.472851400,1,1
171.497430400,1,0
171.497447600,1,1
171.497525800,1,0
171.497534400,1,1
171.497621200,1,0
171.497629600,1,1
171.497655800,1,0
171.497699000,1,1
171.497725200,1,0
171.497803000,1,1
171.497820400,1,0
171.497829000,1,1
171.497837800,1,0
171.497846400,1,1
171.497863800,1,0
171.497898400,1,1
171.497915800,1,0
171.497993800,1,1
171.498011200,1,0
171.498028400,1,1
171.498037200,1,0
171.498089000,1,1
171.498106400,1,0
171.498115000,1,1
171.498123800,1,0
171.498184400,1,1
171.498201800,1,0
171.498219000,1,1
171.498227800,1,0
171.498279800,1,1
171.498297200,1,0
171.498375000,1,1
171.498392600,1,0
171.498470400,1,1
171.498487800,1,0
171.498505000,1,1
171.498513800,1,0
171.498565800,1,1
171.498583200,1,0
171.498591800,1,1
171.498600600,1,0
171.498661000,1,1
171.498678600,1,0
171.498704400,1,1
171.498713200,1,0
171.498756400,1,1
171.498773800,1,0
171.498782400,1,1
171.498799800,1,0
171.498851800,1,1
171.498869200,1,0
171.498877800,1,1
171.498886400,1,0
171.498947000,1,1
171.498981800,1,0
171.498990400,1,1
171.498999200,1,0
171.499059800,1,1
171.499077200,1,0
171.499155000,1,1
171.499172400,1,0
171.499181000,1,1
171.499198400,1,0
171.499207000,1,1
171.499224400,1,0
171.499250400,1,1
171.499267800,1,0
171.499276400,1,1
171.499285200,1,0
171.499293600,1,1
171.499328400,1,0
171.499337000,1,1
171.499903200,0,1
171.499920600,1,1
171.499989800,0,1
171.499998400,1,1
171.500076400,0,1
171.500102200,1,1
171.500111000,0,1
171.500154200,1,1
171.500162800,0,1
171.500240800,1,1
171.500249400,0,1
171.500266800,1,1
171.500275400,0,1
171.500327200,1,1
171.500336000,0,1
171.500344600,1,1
171.500362000,0,1
171.500413800,1,1
171.500422400,0,1
171.500500400,1,1
171.500509000,0,1
171.500543600,1,1
171.500552200,0,1
171.500569600,1,1
171.500578200,0,1
171.500587000,1,1
171.500595600,0,1
171.500621600,1,1
171.500647400,0,1
171.500656200,1,1
171.500664800,0,1
171.500673400,1,1
171.523203600,1,0
171.523220800,1,1
171.523298800,1,0
171.523307400,1,1
171.523411600,1,0
171.523420200,1,1
171.523446200,1,0
171.523489400,1,1
171.523506800,1,0
171.523584800,1,1
171.523602200,1,0
171.523662800,1,1
171.523671600,1,0
171.523680200,1,1
171.523697600,1,0
171.523775400,1,1
171.523793000,1,0
171.523801400,1,1
171.523819000,1,0
171.523870800,1,1
171.523888200,1,0
171.523896800,1,1
171.523905600,1,0
171.523966200,1,1
171.523983600,1,0
171.524000800,1,1
171.524009600,1,0
171.524061600,1,1
171.524079000,1,0
171.524156800,1,1
171.524174200,1,0
171.524252200,1,1
171.524287000,1,0
171.524304200,1,1
171.524313000,1,0
171.524364800,1,1
171.524382200,1,0
171.524390800,1,1
171.524399600,1,0
171.524460200,1,1
171.524477600,1,0
171.524486200,1,1
171.524495000,1,0
171.524555600,1,1
171.524573000,1,0
171.524581600,1,1
171.524599000,1,0
171.524650800,1,1
171.524668400,1,0
171.524676800,1,1
171.524685600,1,0
171.524746200,1,1
171.524763600,1,0
171.524841600,1,1
171.524859000,1,0
171.524885000,1,1
171.524893600,1,0
171.524937000,1,1
171.524954400,1,0
171.524963000,1,1
171.524971600,1,0
171.525032200,1,1
171.525049600,1,0
171.525058200,1,1
171.525075600,1,0
171.525084200,1,1
171.525119000,1,0
171.525127600,1,1
171.525162400,1,0
171.525171000,1,1
171.525179600,1,0
171.525188200,1,1
171.525197000,1,0
171.525240200,1,1
171.525257800,1,0
171.525266200,1,1
171.525275000,1,0
171.525335600,1,1
171.525353000,1,0
171.525361600,1,1
171.525379000,1,0
171.525387600,1,1
171.525422400,1,0
171.525431000,1,1
171.525448400,1,0
171.525465600,1,1
171.525474400,1,0
171.525483000,1,1
171.525491800,1,0
171.525526400,1,1
171.525543800,1,0
171.525552400,1,1
171.525561000,1,0
171.525621600,1,1
171.525639200,1,0
171.525656400,1,1
171.525665000,1,0
171.525717000,1,1
171.525734400,1,0
171.525760400,1,1
171.525777800,1,0
171.525812400,1,1
171.525829800,1,0
171.525838400,1,1
171.525847200,1,0
171.525907600,1,1
171.525925200,1,0
171.526003000,1,1
171.526020400,1,0
171.526029000,1,1
171.526037800,1,0
171.526046400,1,1
171.526063800,1,0
171.526098400,1,1
171.526115800,1,0
171.526124400,1,1
171.526133200,1,0
171.526193600,1,1
171.526211200,1,0
171.526219600,1,1
171.526228400,1,0
171.526289000,1,1
171.526306400,1,0
171.526349600,1,1
171.526358400,1,0
171.526384400,1,1
171.526419200,1,0
171.526427600,1,1
171.526436400,1,0
171.526497000,1,1
171.526514400,1,0
171.526592400,1,1
171.526609800,1,0
171.526618400,1,1
171.526627200,1,0
171.526653000,1,1
171.526661800,1,0
171.526687600,1,1
171.526705200,1,0
171.526722400,1,1
171.526731200,1,0
171.526783000,1,1
171.526800400,1,0
171.526878400,1,1
171.526895800,1,0
171.526973600,1,1
171.526991200,1,0
171.527043000,1,1
171.527051800,1,0
171.527069000,1,1
171.527086400,1,0
171.527095000,1,1
171.527103800,1,0
171.527164400,1,1
171.527181800,1,0
171.527190400,1,1
171.527207800,1,0
171.527259800,1,1
171.527294400,1,0
171.527303000,1,1
171.527311800,1,0
171.527346400,1,1
171.527355200,1,0
171.527372400,1,1
171.527389800,1,0
171.527407000,1,1
171.527415800,1,0
171.527467800,1,1
171.527485200,1,0
171.527563000,1,1
171.527580600,1,0
171.527606400,1,1
171.527623800,1,0
171.527658400,1,1
171.527675800,1,0
171.527693200,1,1
171.527701800,1,0
171.527710400,1,1
171.527719200,1,0
171.527727800,1,1
171.527736600,1,0
171.527753800,1,1
171.527771200,1,0
171.527779800,1,1
171.527788600,1,0
171.527849200,1,1
171.527866600,1,0
171.527875200,1,1
171.527883800,1,0
171.527944400,1,1
171.527961800,1,0
171.527970400,1,1
171.527987800,1,0
171.527996400,1,1
171.528005200,1,0
171.528013800,1,1
171.528022600,1,0
171.528039800,1,1
171.528074600,1,0
171.528083200,1,1
171.528091800,1,0
171.528152400,1,1
171.528169800,1,0
171.528178400,1,1
171.528187200,1,0
171.528247800,1,1
171.528265200,1,0
171.528291200,1,1
171.528308600,1,0
171.528317200,1,1
171.528325800,1,0
171.528343200,1,1
171.528360600,1,0
171.528369200,1,1
171.528377800,1,0
171.528438400,1,1
171.528455800,1,0
171.528481800,1,1
171.528490600,1,0
171.528533800,1,1
171.528551200,1,0
171.528594400,1,1
171.528612000,1,0
171.528629200,1,1
171.528646600,1,0
171.528655200,1,1
171.528664000,1,0
171.528724400,1,1
171.528742000,1,0
171.528767800,1,1
171.528776600,1,0
171.528793800,1,1
171.528811200,1,0
171.528819800,1,1
171.528837200,1,0
171.528863200,1,1
171.528872000,1,0
171.528880600,1,1
171.528898000,1,0
171.528915200,1,1
171.528932600,1,0
171.528941200,1,1
171.528950000,1,0
171.529010600,1,1
171.529054000,1,0
171.529131800,1,1
171.529149200,1,0
171.529166600,1,1
171.529184000,1,0
171.529192600,1,1
171.529210000,1,0
171.529227200,1,1
171.529244600,1,0
171.529253200,1,1
171.529262000,1,0
171.529322600,1,1
171.529340000,1,0
171.529418000,1,1
171.529435400,1,0
171.529496000,1,1
171.529504600,1,0
171.529513200,1,1
171.529556600,1,0
171.529574000,1,1
171.529582600,1,0
171.529634600,1,1
171.529652000,1,0
171.529730000,1,1
171.529747400,1,0
171.529825200,1,1
171.529842600,1,0
171.529920600,1,1
171.529938000,1,0
171.529972600,1,1
171.529981400,1,0
171.529990000,1,1
171.530050600,1,0
171.530076600,1,1
171.530094000,1,0
171.530102600,1,1
171.530111400,1,0
171.530120000,1,1
171.530892400,0,1
171.530909800,1,1
171.530979000,0,1
171.530987600,1,1
171.531065600,0,1
171.531091600,1,1
171.531100200,0,1
171.531143400,1,1
171.531152000,0,1
171.531230000,1,1
171.531238600,0,1
171.531256000,1,1
171.531264600,0,1
171.531316600,1,1
171.531325200,0,1
171.531351200,1,1
171.531359800,0,1
171.531403000,1,1
171.531411800,0,1
171.531489600,1,1
171.531498200,0,1
171.531506800,1,1
171.531515600,0,1
171.531541600,1,1
171.531550200,0,1
171.531558800,1,1
171.531584800,0,1
171.531593400,1,1
171.531610800,0,1
171.531619400,1,1
171.531628000,0,1
171.531645400,1,1
171.552662600,1,0
171.552679800,1,1
171.552757800,1,0
171.552766400,1,1
171.552853200,1,0
171.552861800,1,1
171.552887800,1,0
171.552931000,1,1
171.552948600,1,0
171.553026400,1,1
171.553043800,1,0
171.553087200,1,1
171.553095800,1,0
171.553121800,1,1
171.553139200,1,0
171.553217000,1,1
171.553234600,1,0
171.553260400,1,1
171.553269200,1,0
171.553312400,1,1
171.553329800,1,0
171.553338400,1,1
171.553347200,1,0
171.553407800,1,1
171.553425200,1,0
171.553442400,1,1
171.553451200,1,0
171.553503200,1,1
171.553520600,1,0
171.553598400,1,1
171.553615800,1,0
171.553693800,1,1
171.553720000,1,0
171.553737200,1,1
171.553746000,1,0
171.553797800,1,1
171.553815200,1,0
171.553823800,1,1
171.553832600,1,0
171.553893200,1,1
171.553910600,1,0
171.553988400,1,1
171.554006000,1,0
171.554014400,1,1
171.554032000,1,0
171.554083800,1,1
171.554110000,1,0
171.554118400,1,1
171.554127200,1,0
171.554187800,1,1
171.554240000,1,0
171.554317800,1,1
171.554352600,1,0
171.554378600,1,1
171.554387200,1,0
171.554430600,1,1
171.554448000,1,0
171.554456600,1,1
171.554465200,1,0
171.554525800,1,1
171.554543200,1,0
171.554621200,1,1
171.554638600,1,0
171.554716400,1,1
171.554734000,1,0
171.554742400,1,1
171.554751200,1,0
171.554759800,1,1
171.554768600,1,0
171.554777200,1,1
171.554786000,1,0
171.554794400,1,1
171.554803200,1,0
171.554811800,1,1
171.554829200,1,0
171.554837800,1,1
171.554846600,1,0
171.554855200,1,1
171.554864000,1,0
171.554872400,1,1
171.554881200,1,0
171.554889800,1,1
171.554898600,1,0
171.554907200,1,1
172.504071800,0,1
172.504089200,1,1
172.504158400,0,1
172.504167000,1,1
172.504245000,0,1
172.504271000,1,1
172.504279600,0,1
172.504322800,1,1
172.504331400,0,1
172.504409400,1,1
172.504418000,0,1
172.504435400,1,1
172.504444000,0,1
172.504496000,1,1
172.504504600,0,1
172.504521800,1,1
172.504530600,0,1
172.504582400,1,1
172.504591200,0,1
172.504669000,1,1
172.504677600,0,1
172.504686200,1,1
172.504703600,0,1
172.504712200,1,1
172.504746800,0,1
172.504755600,1,1
172.504764200,0,1
172.504772800,1,1
172.504781400,0,1
172.504790200,1,1
172.504807400,0,1
172.504816200,1,1
172.504833400,0,1
172.504842000,1,1
172.525452600,1,0
172.525469800,1,1
172.525547800,1,0
172.525556400,1,1
172.525643200,1,0
172.525651800,1,1
172.525677800,1,0
172.525721000,1,1
172.525738400,1,0
172.525816400,1,1
172.525833800,1,0
172.525842400,1,1
172.525851200,1,0
172.525859600,1,1
172.525877000,1,0
172.525911600,1,1
172.525929000,1,0
172.526007000,1,1
172.526024400,1,0
172.526041600,1,1
172.526050400,1,0
172.526102200,1,1
172.526119800,1,0
172.526128200,1,1
172.526137000,1,0
172.526197600,1,1
172.526215000,1,0
172.526232200,1,1
172.526241000,1,0
172.526292800,1,1
172.526310400,1,0
172.526388200,1,1
172.526414400,1,0
172.526492200,1,1
172.526509600,1,0
172.526526800,1,1
172.526535600,1,0
172.526587600,1,1
172.526605000,1,0
172.526613600,1,1
172.526622200,1,0
172.526682800,1,1
172.526700200,1,0
172.526726200,1,1
172.526735000,1,0
172.526778200,1,1
172.526804200,1,0
172.526812800,1,1
172.526830200,1,0
172.526882200,1,1
172.526899600,1,0
172.526908200,1,1
172.526916800,1,0
172.526977400,1,1
172.526994800,1,0
172.527003400,1,1
172.527012200,1,0
172.527072800,1,1
172.527090200,1,0
172.527168000,1,1
172.527185400,1,0
172.527194000,1,1
172.527211400,1,0
172.527220000,1,1
172.527237400,1,0
172.527263400,1,1
172.527298200,1,0
172.527306600,1,1
172.527315400,1,0
172.527324000,1,1
172.527358800,1,0
172.527367400,1,1
172.527939000,0,1
172.527956400,1,1
172.528025600,0,1
172.528034200,1,1
172.528112200,0,1
172.528138000,1,1
172.528146800,0,1
172.528190000,1,1
172.528198600,0,1
172.528276600,1,1
172.528285200,0,1
172.528302400,1,1
172.528311200,0,1
172.528363000,1,1
172.528371800,0,1
172.528380400,1,1
172.528397600,0,1
172.528449600,1,1
172.528458200,0,1
172.528536200,1,1
172.528544800,0,1
172.528579400,1,1
172.528588000,0,1
172.528605400,1,1
172.528614000,0,1
172.528622600,1,1
172.528631400,0,1
172.528657200,1,1
172.528683200,0,1
172.528692000,1,1
172.528700600,0,1
172.528709200,1,1
172.551173200,1,0
172.551190400,1,1
172.551268600,1,0
172.551277200,1,1
172.551364000,1,0
172.551372600,1,1
172.551398600,1,0
172.551441800,1,1
172.551468000,1,0
172.551545800,1,1
172.551563200,1,0
172.551623800,1,1
172.551632600,1,0
172.551641200,1,1
172.551658600,1,0
172.551736600,1,1
172.551754000,1,0
172.551762600,1,1
172.551780000,1,0
172.551832000,1,1
172.551849400,1,0
172.551858000,1,1
172.551866600,1,0
172.551927200,1,1
172.551944600,1,0
172.551962000,1,1
172.551970600,1,0
172.552022600,1,1
172.552040000,1,0
172.552118000,1,1
172.552135400,1,0
172.552213400,1,1
172.552230800,1,0
172.552248000,1,1
172.552256800,1,0
172.552308600,1,1
172.552326000,1,0
172.552334600,1,1
172.552343400,1,0
172.552404000,1,1
172.552421400,1,0
172.552430000,1,1
172.552438800,1,0
172.552499400,1,1
172.552516800,1,0
172.552525400,1,1
172.552542800,1,0
172.552594800,1,1
172.552612200,1,0
172.552620800,1,1
172.552629400,1,0
172.552690000,1,1
172.552724800,1,0
172.552802800,1,1
172.552820200,1,0
172.552846000,1,1
172.552854800,1,0
172.552898000,1,1
172.552915400,1,0
172.552924000,1,1
172.552932800,1,0
172.552993400,1,1
172.553010800,1,0
172.553019400,1,1
172.553036800,1,0
172.553045400,1,1
172.553080200,1,0
172.553088800,1,1
172.553106200,1,0
172.553114800,1,1
172.553123600,1,0
172.553132200,1,1
172.553140800,1,0
172.553184200,1,1
172.553201600,1,0
172.553210200,1,1
172.553218800,1,0
172.553279400,1,1
172.553296800,1,0
172.553305400,1,1
172.553322800,1,0
172.553331400,1,1
172.553366200,1,0
172.553374800,1,1
172.553392200,1,0
172.553409400,1,1
172.553418200,1,0
172.553426800,1,1
172.553435600,1,0
172.553470200,1,1
172.553487600,1,0
172.553496200,1,1
172.553504800,1,0
172.553565400,1,1
172.553600200,1,0
172.553617400,1,1
172.553626200,1,0
172.553678200,1,1
172.553695600,1,0
172.553721400,1,1
172.553738800,1,0
172.553773400,1,1
172.553790800,1,0
172.553799400,1,1
172.553808200,1,0
172.553868800,1,1
172.553886200,1,0
172.553964200,1,1
172.553981600,1,0
172.553990200,1,1
172.553998800,1,0
172.554007400,1,1
172.554024800,1,0
172.554059400,1,1
172.554076800,1,0
172.554085400,1,1
172.554094200,1,0
172.554154800,1,1
172.554172200,1,0
172.554180800,1,1
172.554189600,1,0
172.554250000,1,1
172.554267600,1,0
172.554310800,1,1
172.554319600,1,0
172.554345400,1,1
172.554362800,1,0
172.554371400,1,1
172.554380200,1,0
172.554440800,1,1
172.554475400,1,0
172.554553400,1,1
172.554570800,1,0
172.554579400,1,1
172.554588200,1,0
172.554614000,1,1
172.554622800,1,0
172.554648800,1,1
172.554666200,1,0
172.554683400,1,1
172.554692200,1,0
172.554744000,1,1
172.554761400,1,0
172.554839400,1,1
172.554856800,1,0
172.554934600,1,1
172.554952000,1,0
172.555004000,1,1
172.555012800,1,0
172.555030000,1,1
172.555047400,1,0
172.555056000,1,1
172.555064800,1,0
172.555125400,1,1
172.555142800,1,0
172.555151400,1,1
172.555168800,1,0
172.555220600,1,1
172.555238000,1,0
172.555246600,1,1
172.555255400,1,0
172.555290000,1,1
172.555298600,1,0
172.555316000,1,1
172.555333400,1,0
172.555350600,1,1
172.555359400,1,0
172.555411200,1,1
172.555428600,1,0
172.555506600,1,1
172.555576000,1,0
172.555602000,1,1
172.555619400,1,0
172.555654000,1,1
172.555671400,1,0
172.555688600,1,1
172.555697400,1,0
172.555706000,1,1
172.555714600,1,0
172.555723200,1,1
172.555732000,1,0
172.555749200,1,1
172.555766600,1,0
172.555775200,1,1
172.555784000,1,0
172.555844600,1,1
172.555862000,1,0
172.555870600,1,1
172.555879400,1,0
172.555939800,1,1
172.555957400,1,0
172.555965800,1,1
172.555983400,1,0
172.555991800,1,1
172.556000600,1,0
172.556009200,1,1
172.556018000,1,0
172.556035200,1,1
172.556052600,1,0
172.556061200,1,1
172.556070000,1,0
172.556130600,1,1
172.556148000,1,0
172.556156600,1,1
172.556165200,1,0
172.556225800,1,1
172.556243200,1,0
172.556269200,1,1
172.556286600,1,0
172.556295200,1,1
172.556304000,1,0
172.556321200,1,1
172.556356000,1,0
172.556364600,1,1
172.556373200,1,0
172.556433800,1,1
172.556451200,1,0
172.556477200,1,1
172.556486000,1,0
172.556529200,1,1
172.556546600,1,0
172.556589800,1,1
172.556607200,1,0
172.556624400,1,1
172.556642000,1,0
172.556650400,1,1
172.556659200,1,0
172.556719800,1,1
172.556737200,1,0
172.556763200,1,1
172.556771800,1,0
172.556789200,1,1
172.556806600,1,0
172.556815000,1,1
172.556832600,1,0
172.556858400,1,1
172.556867200,1,0
172.556875800,1,1
172.556893200,1,0
172.556910400,1,1
172.556927800,1,0
172.556936400,1,1
172.556945200,1,0
172.557005800,1,1
172.557023200,1,0
172.557101000,1,1
172.557118400,1,0
172.557135800,1,1
172.557153200,1,0
172.557161800,1,1
172.557179200,1,0
172.557196400,1,1
172.557231200,1,0
172.557239800,1,1
172.557248400,1,0
172.557309000,1,1
172.557326400,1,0
172.557404400,1,1
172.557421800,1,0
172.557482400,1,1
172.557491200,1,0
172.557499600,1,1
172.557517000,1,0
172.557534400,1,1
172.557543000,1,0
172.557595000,1,1
172.557612400,1,0
172.557690400,1,1
172.557707800,1,0
172.557785600,1,1
172.557803000,1,0
172.557881000,1,1
172.557898400,1,0
172.557933000,1,1
172.557941800,1,0
172.557950200,1,1
172.557993800,1,0
172.558019600,1,1
172.558037000,1,0
172.558045600,1,1
172.558054400,1,0
172.558063000,1,1
172.558815800,0,1
172.558833000,1,1
172.558902400,0,1
172.558911000,1,1
172.558988800,0,1
172.559014800,1,1
172.559023400,0,1
172.559066800,1,1
172.559075400,0,1
172.559153200,1,1
172.559162000,0,1
172.559179200,1,1
172.559187800,0,1
172.559239800,1,1
172.559248400,0,1
172.559274400,1,1
172.559283000,0,1
172.559326400,1,1
172.559335000,0,1
172.559412800,1,1
172.559421600,0,1
172.559430200,1,1
172.559438800,0,1
172.559464800,1,1
172.559473400,0,1
172.559482200,1,1
172.559508000,0,1
172.559516800,1,1
172.559534000,0,1
172.559542600,1,1
172.559551400,0,1
172.559568600,1,1
172.580587000,1,0
172.580604200,1,1
172.580682400,1,0
172.580691000,1,1
172.580777600,1,0
172.580786200,1,1
172.580812400,1,0
172.580855600,1,1
172.580873000,1,0
172.580951000,1,1
172.580968400,1,0
172.581011600,1,1
172.581020400,1,0
172.581046200,1,1
172.581063600,1,0
172.581141600,1,1
172.581159000,1,0
172.581185000,1,1
172.581193600,1,0
172.581237000,1,1
172.581254400,1,0
172.581263000,1,1
172.581271600,1,0
172.581332200,1,1
172.581349600,1,0
172.581367000,1,1
172.581375600,1,0
172.581427600,1,1
172.581445000,1,0
172.581522800,1,1
172.581540400,1,0
172.581618200,1,1
172.581635600,1,0
172.581652800,1,1
172.581661600,1,0
172.581713600,1,1
172.581731000,1,0
172.581739600,1,1
172.581748400,1,0
172.581808800,1,1
172.581826400,1,0
172.581904200,1,1
172.581921600,1,0
172.581930200,1,1
172.581947600,1,0
172.581999600,1,1
172.582034200,1,0
172.582042800,1,1
172.582051600,1,0
172.582112200,1,1
172.582129600,1,0
172.582207600,1,1
172.582225000,1,0
172.582250800,1,1
172.582259600,1,0
172.582302800,1,1
172.582320200,1,0
172.582328800,1,1
172.582337600,1,0
172.582398200,1,1
172.582415600,1,0
172.582493600,1,1
172.582511000,1,0
172.582588800,1,1
172.582606400,1,0
172.582614800,1,1
172.582623600,1,0
172.582632200,1,1
172.582641000,1,0
172.582649600,1,1
172.582658400,1,0
172.582666800,1,1
172.582675600,1,0
172.582684200,1,1
172.582701600,1,0
172.582710200,1,1
172.582719000,1,0
172.582727600,1,1
172.582736400,1,0
172.582744800,1,1
172.582753600,1,0
172.582762200,1,1
172.582771000,1,0
172.582779600,1,1
172.884059800,0,1
172.884077200,1,1
172.884146400,0,1
172.884155000,1,1
172.884233000,0,1
172.884258800,1,1
172.884267600,0,1
172.884310800,1,1
172.884319400,0,1
172.884397400,1,1
172.884406000,0,1
172.884423400,1,1
172.884432000,0,1
172.884483800,1,1
172.884492600,0,1
172.884501200,1,1
172.884509800,0,1
172.884518600,1,1
172.884527200,0,1
172.884570400,1,1
172.884579000,0,1
172.884657000,1,1
172.884665600,0,1
172.884683000,1,1
172.884691600,0,1
172.884717600,1,1
172.884752200,0,1
172.884769400,1,1
172.884778200,0,1
172.884786800,1,1
172.906684000,1,0
172.906701200,1,1
172.906779400,1,0
172.906787800,1,1
172.906874600,1,0
172.906883200,1,1
172.906909400,1,0
172.906952600,1,1
172.906970000,1,0
172.907047800,1,1
172.907065400,1,0
172.907073800,1,1
172.907091400,1,0
172.907099800,1,1
172.907117400,1,0
172.907143200,1,1
172.907160600,1,0
172.907238600,1,1
172.907256000,1,0
172.907264600,1,1
172.907273200,1,0
172.907281800,1,1
172.907290600,1,0
172.907333800,1,1
172.907351200,1,0
172.907359800,1,1
172.907368600,1,0
172.907429200,1,1
172.907446600,1,0
172.907463800,1,1
172.907472600,1,0
172.907524600,1,1
172.907542000,1,0
172.907619800,1,1
172.907637200,1,0
172.907715200,1,1
172.907732600,1,0
172.907741200,1,1
172.907767200,1,0
172.907810600,1,1
172.907828000,1,0
172.907845200,1,1
172.907854000,1,0
172.907905800,1,1
172.907923200,1,0
172.907940600,1,1
172.907949400,1,0
172.908001200,1,1
172.908018600,1,0
172.908061800,1,1
172.908070600,1,0
172.908079200,1,1
172.908131400,1,0
172.908165800,1,1
172.908174600,1,0
172.908209200,1,1
172.908226600,1,0
172.908252600,1,1
172.908261400,1,0
172.908304600,1,1
172.908322000,1,0
172.908400000,1,1
172.908417400,1,0
172.908495200,1,1
172.908512600,1,0
172.908521200,1,1
172.908530000,1,0
172.908538600,1,1
172.908547400,1,0
172.908564600,1,1
172.908573400,1,0
172.908590600,1,1
172.908608000,1,0
172.908677200,1,1
172.908703400,1,0
172.908712000,1,1
172.908720800,1,0
172.908729200,1,1
172.908746800,1,0
172.908781200,1,1
172.908798800,1,0
172.908816000,1,1
172.908824800,1,0
172.908876600,1,1
172.908894000,1,0
172.908911400,1,1
172.908920000,1,0
172.908972000,1,1
172.909006800,1,0
172.909050000,1,1
172.909058800,1,0
172.909067400,1,1
172.909102000,1,0
172.909119400,1,1
172.909145400,1,0
172.909180000,1,1
172.909197400,1,0
172.909223400,1,1
172.909232200,1,0
172.909275400,1,1
172.909292800,1,0
172.909370600,1,1
172.909388200,1,0
172.909466000,1,1
172.909483400,1,0
172.909492000,1,1
172.909500800,1,0
172.909509400,1,1
172.909518200,1,0
172.909535400,1,1
172.909544200,1,0
172.909561400,1,1
172.909578800,1,0
172.909648000,1,1
172.909674200,1,0
172.909752000,1,1
172.909769400,1,0
172.909778000,1,1
172.909786800,1,0
172.909804000,1,1
172.909812800,1,0
172.909830000,1,1
172.909864800,1,0
172.909882000,1,1
172.909890800,1,0
172.909899400,1,1
172.909908200,1,0
172.909942800,1,1
172.910704800,0,1
172.910722200,1,1
172.910791400,0,1
172.910800000,1,1
172.910878000,0,1
172.910904000,1,1
172.910912600,0,1
172.910955800,1,1
172.910964400,0,1
172.911042400,1,1
172.911051000,0,1
172.911068400,1,1
172.911077000,0,1
172.911129000,1,1
172.911137600,0,1
172.911146200,1,1
172.911163600,0,1
172.911172200,1,1
172.911180800,0,1
172.911215400,1,1
172.911224200,0,1
172.911302000,1,1
172.911310600,0,1
172.911319200,1,1
172.911328000,0,1
172.911371200,1,1
172.911397200,0,1
172.911405800,1,1
172.911414400,0,1
172.911423200,1,1
172.911431800,0,1
172.911440400,1,1
172.936583800,1,0
172.936601000,1,1
172.936696400,1,0
172.936705000,1,1
172.936791600,1,0
172.936800200,1,1
172.936826400,1,0
172.936869600,1,1
172.936887000,1,0
172.936964800,1,1
172.936982400,1,0
172.936990800,1,1
172.937008400,1,0
172.937060200,1,1
172.937077600,1,0
172.937086200,1,1
172.937103600,1,0
172.937155600,1,1
172.937173000,1,0
172.937181600,1,1
172.937199000,1,0
172.937207600,1,1
172.937216200,1,0
172.937250800,1,1
172.937268200,1,0
172.937346200,1,1
172.937363600,1,0
172.937372200,1,1
172.937381000,1,0
172.937398200,1,1
172.937407000,1,0
172.937424200,1,1
172.937433000,1,0
172.937441600,1,1
172.937459000,1,0
172.937476200,1,1
172.937493600,1,0
172.937502200,1,1
172.937519600,1,0
172.937536800,1,1
173.510075000,0,1
173.510092400,1,1
173.510161600,0,1
173.510170200,1,1
173.510248200,0,1
173.510274000,1,1
173.510282800,0,1
173.510326000,1,1
173.510334600,0,1
173.510412600,1,1
173.510421200,0,1
173.510438600,1,1
173.510447200,0,1
173.510499000,1,1
173.510507800,0,1
173.510525000,1,1
173.510533800,0,1
173.510585600,1,1
173.510594200,0,1
173.510672200,1,1
173.510680800,0,1
173.510689400,1,1
173.510706800,0,1
173.510715400,1,1
173.510750000,0,1
173.510758800,1,1
173.510767400,0,1
173.510776000,1,1
173.510784600,0,1
173.510793400,1,1
173.510810600,0,1
173.510819200,1,1
173.510836600,0,1
173.510845200,1,1
173.533442600,1,0
173.533459800,1,1
173.533538000,1,0
173.533546600,1,1
173.533633400,1,0
173.533641800,1,1
173.533668000,1,0
173.533711200,1,1
173.533728600,1,0
173.533806600,1,1
173.533824000,1,0
173.533832600,1,1
173.533841400,1,0
173.533849800,1,1
173.533867400,1,0
173.533901800,1,1
173.533919400,1,0
173.533997200,1,1
173.534014600,1,0
173.534031800,1,1
173.534040600,1,0
173.534092600,1,1
173.534110000,1,0
173.534118600,1,1
173.534127200,1,0
173.534187800,1,1
173.534205400,1,0
173.534222600,1,1
173.534231400,1,0
173.534283200,1,1
173.534300600,1,0
173.534378600,1,1
173.534413400,1,0
173.534491200,1,1
173.534508600,1,0
173.534526000,1,1
173.534534600,1,0
173.534586600,1,1
173.534604000,1,0
173.534612600,1,1
173.534621400,1,0
173.534682000,1,1
173.534699400,1,0
173.534725200,1,1
173.534734000,1,0
173.534777200,1,1
173.534794600,1,0
173.534803200,1,1
173.534820600,1,0
173.534872600,1,1
173.534890000,1,0
173.534898600,1,1
173.534907400,1,0
173.534968000,1,1
173.534985400,1,0
173.534994000,1,1
173.535002600,1,0
173.535063200,1,1
173.535080600,1,0
173.535158600,1,1
173.535176000,1,0
173.535184600,1,1
173.535202000,1,0
173.535210600,1,1
173.535228000,1,0
173.535254000,1,1
173.535288800,1,0
173.535297200,1,1
173.535306000,1,0
173.535314600,1,1
173.535349400,1,0
173.535358000,1,1
173.535941200,0,1
173.535958600,1,1
173.536027800,0,1
173.536036400,1,1
173.536114400,0,1
173.536140200,1,1
173.536149000,0,1
173.536192200,1,1
173.536200800,0,1
173.536278800,1,1
173.536287400,0,1
173.536304800,1,1
173.536313400,0,1
173.536365200,1,1
173.536374000,0,1
173.536382600,1,1
173.536399800,0,1
173.536451800,1,1
173.536460400,0,1
173.536538400,1,1
173.536547000,0,1
173.536581600,1,1
173.536590200,0,1
173.536607600,1,1
173.536616200,0,1
173.536624800,1,1
173.536633600,0,1
173.536659600,1,1
173.536685400,0,1
173.536694200,1,1
173.536702800,0,1
173.536711400,1,1
173.559201400,1,0
173.559218600,1,1
173.559296800,1,0
173.559305400,1,1
173.559392200,1,0
173.559400800,1,1
173.559426800,1,0
173.559470000,1,1
173.559487400,1,0
173.559565400,1,1
173.559591400,1,0
173.559652000,1,1
173.559660800,1,0
173.559669400,1,1
173.559686800,1,0
173.559764800,1,1
173.559782200,1,0
173.559790800,1,1
173.559808200,1,0
173.559860000,1,1
173.559877400,1,0
173.559886000,1,1
173.559894800,1,0
173.559955400,1,1
173.559972800,1,0
173.559990000,1,1
173.559998800,1,0
173.560050800,1,1
173.560068200,1,0
173.560146000,1,1
173.560163600,1,0
173.560241400,1,1
173.560258800,1,0
173.560276000,1,1
173.560284800,1,0
173.560336800,1,1
173.560354200,1,0
173.560362800,1,1
173.560371600,1,0
173.560432000,1,1
173.560466800,1,0
173.560475400,1,1
173.560484200,1,0
173.560544800,1,1
173.560562200,1,0
173.560570800,1,1
173.560588200,1,0
173.560640200,1,1
173.560657600,1,0
173.560666200,1,1
173.560674800,1,0
173.560735400,1,1
173.560752800,1,0
173.560830800,1,1
173.560848200,1,0
173.560874200,1,1
173.560883000,1,0
173.560926200,1,1
173.560943600,1,0
173.560952200,1,1
173.560961000,1,0
173.561021600,1,1
173.561039000,1,0
173.561047600,1,1
173.561065000,1,0
173.561073600,1,1
173.561108200,1,0
173.561116800,1,1
173.561134400,1,0
173.561142800,1,1
173.561151600,1,0
173.561160200,1,1
173.561169000,1,0
173.561212200,1,1
173.561229600,1,0
173.561238200,1,1
173.561247000,1,0
173.561307600,1,1
173.561342400,1,0
173.561351000,1,1
173.561368400,1,0
173.561377000,1,1
173.561411600,1,0
173.561420200,1,1
173.561437600,1,0
173.561455000,1,1
173.561463600,1,0
173.561472200,1,1
173.561481000,1,0
173.561515600,1,1
173.561533000,1,0
173.561541600,1,1
173.561550400,1,0
173.561611000,1,1
173.561628400,1,0
173.561645600,1,1
173.561654400,1,0
173.561706200,1,1
173.561723600,1,0
173.561749600,1,1
173.561767000,1,0
173.561801600,1,1
173.561819000,1,0
173.561827600,1,1
173.561836400,1,0
173.561897000,1,1
173.561914400,1,0
173.561992200,1,1
173.562009600,1,0
173.562018200,1,1
173.562027000,1,0
173.562035600,1,1
173.562053000,1,0
173.562087600,1,1
173.562105000,1,0
173.562113600,1,1
173.562122400,1,0
173.562183000,1,1
173.562217800,1,0
173.562226200,1,1
173.562235000,1,0
173.562295600,1,1
173.562313000,1,0
173.562356400,1,1
173.562365000,1,0
173.562391000,1,1
173.562408400,1,0
173.562417000,1,1
173.562425800,1,0
173.562486400,1,1
173.562503800,1,0
173.562581600,1,1
173.562599200,1,0
173.562607600,1,1
173.562616400,1,0
173.562642400,1,1
173.562651200,1,0
173.562677000,1,1
173.562694400,1,0
173.562711800,1,1
173.562720400,1,0
173.562772400,1,1
173.562789800,1,0
173.562867800,1,1
173.562885200,1,0
173.562963000,1,1
173.562980600,1,0
173.563032400,1,1
173.563041200,1,0
173.563058400,1,1
173.563101800,1,0
173.563110400,1,1
173.563119200,1,0
173.563179800,1,1
173.563197200,1,0
173.563205800,1,1
173.563223200,1,0
173.563275200,1,1
173.563292600,1,0
173.563301200,1,1
173.563309800,1,0
173.563344400,1,1
173.563353200,1,0
173.563370400,1,1
173.563388000,1,0
173.563405200,1,1
173.563414000,1,0
173.563465800,1,1
173.563483200,1,0
173.563561200,1,1
173.563596000,1,0
173.563621800,1,1
173.563639200,1,0
173.563673800,1,1
173.563691200,1,0
173.563708600,1,1
173.563717200,1,0
173.563725800,1,1
173.563734600,1,0
173.563743200,1,1
173.563752000,1,0
173.563769200,1,1
173.563786600,1,0
173.563795200,1,1
173.563804000,1,0
173.563864600,1,1
173.563882000,1,0
173.563890600,1,1
173.563899400,1,0
173.563959800,1,1
173.563977400,1,0
173.563985800,1,1
173.564003400,1,0
173.564011800,1,1
173.564020600,1,0
173.564029200,1,1
173.564038000,1,0
173.564055200,1,1
173.564072600,1,0
173.564081200,1,1
173.564090000,1,0
173.564150600,1,1
173.564168000,1,0
173.564176600,1,1
173.564185400,1,0
173.564246000,1,1
173.564263400,1,0
173.564289200,1,1
173.564306800,1,0
173.564315200,1,1
173.564324000,1,0
173.564341200,1,1
173.564358800,1,0
173.564367200,1,1
173.564376000,1,0
173.564436600,1,1
173.564471400,1,0
173.564497400,1,1
173.564506000,1,0
173.564549400,1,1
173.564566800,1,0
173.564610000,1,1
173.564627400,1,0
173.564644600,1,1
173.564662000,1,0
173.564670600,1,1
173.564679400,1,0
173.564740000,1,1
173.564757400,1,0
173.564783400,1,1
173.564792000,1,0
173.564809400,1,1
173.564826800,1,0
173.564835400,1,1
173.564852800,1,0
173.564878600,1,1
173.564887400,1,0
173.564896000,1,1
173.564913400,1,0
173.564930600,1,1
173.564948200,1,0
173.564956600,1,1
173.564965400,1,0
173.565026000,1,1
173.565043400,1,0
173.565121400,1,1
173.565138800,1,0
173.565156000,1,1
173.565173400,1,0
173.565182000,1,1
173.565199400,1,0
173.565216600,1,1
173.565234200,1,0
173.565242600,1,1
173.565251400,1,0
173.565312000,1,1
173.565329400,1,0
173.565407400,1,1
173.565424800,1,0
173.565485400,1,1
173.565494200,1,0
173.565502800,1,1
173.565520200,1,0
173.565537400,1,1
173.565546200,1,0
173.565598000,1,1
173.565615400,1,0
173.565693400,1,1
173.565719400,1,0
173.565797400,1,1
173.565814800,1,0
173.565892800,1,1
173.565910200,1,0
173.565944800,1,1
173.565953400,1,0
173.565962000,1,1
173.566005400,1,0
173.566031400,1,1
173.566048800,1,0
173.566057400,1,1
173.566066200,1,0
173.566074800,1,1
173.568739200,0,1
173.568756400,1,1
173.568825600,0,1
173.568834400,1,1
173.568912200,0,1
173.568938200,1,1
173.568946800,0,1
173.568990000,1,1
173.568998800,0,1
173.569076600,1,1
173.569085200,0,1
173.569102600,1,1
173.569111200,0,1
173.569163200,1,1
173.569171800,0,1
173.569197800,1,1
173.569206400,0,1
173.569249600,1,1
173.569258400,0,1
173.569336200,1,1
173.569344800,0,1
173.569353600,1,1
173.569362200,0,1
173.569388200,1,1
173.569396800,0,1
173.569405400,1,1
173.569431400,0,1
173.569440000,1,1
173.569457400,0,1
173.569466000,1,1
173.569474600,0,1
173.569492000,1,1
173.593711600,1,0
173.593728800,1,1
173.593807000,1,0
173.593815400,1,1
173.593911000,1,0
173.593919400,1,1
173.593945600,1,0
173.593988800,1,1
173.594006200,1,0
173.594084200,1,1
173.594101600,1,0
173.594144800,1,1
173.594153600,1,0
173.594179400,1,1
173.594196800,1,0
173.594274800,1,1
173.594292200,1,0
173.594318000,1,1
173.594326800,1,0
173.594370000,1,1
173.594387600,1,0
173.594396000,1,1
173.594404800,1,0
173.594465400,1,1
173.594482800,1,0
173.594500000,1,1
173.594508800,1,0
173.594560800,1,1
173.594578200,1,0
173.594656000,1,1
173.594673400,1,0
173.594751400,1,1
173.594768800,1,0
173.594786000,1,1
173.594794800,1,0
173.594846600,1,1
173.594864200,1,0
173.594872600,1,1
173.594881400,1,0
173.594942000,1,1
173.594959400,1,0
173.595037400,1,1
173.595054800,1,0
173.595063400,1,1
173.595080800,1,0
173.595132600,1,1
173.595167400,1,0
173.595176000,1,1
173.595184800,1,0
173.595245200,1,1
173.595262800,1,0
173.595340600,1,1
173.595358000,1,0
173.595384000,1,1
173.595392600,1,0
173.595436000,1,1
173.595453400,1,0
173.595462000,1,1
173.595470600,1,0
173.595531200,1,1
173.595548600,1,0
173.595626600,1,1
173.595644000,1,0
173.595722000,1,1
173.595739400,1,0
173.595748000,1,1
173.595756600,1,0
173.595765200,1,1
173.595774000,1,0
173.595782600,1,1
173.595791400,1,0
173.595800000,1,1
173.595808600,1,0
173.595817200,1,1
173.595834600,1,0
173.595843200,1,1
173.595852000,1,0
173.595860600,1,1
173.595869400,1,0
173.595878000,1,1
173.595886600,1,0
173.595895200,1,1
173.595904000,1,0
173.595912600,1,1
174.546072400,0,1
174.546089600,1,1
174.546158800,0,1
174.546167400,1,1
174.546245400,0,1
174.546271400,1,1
174.546280000,0,1
174.546323200,1,1
174.546332000,0,1
174.546409800,1,1
174.546418400,0,1
174.546435800,1,1
174.546444400,0,1
174.546496400,1,1
174.546505000,0,1
174.546522200,1,1
174.546531000,0,1
174.546582800,1,1
174.546591600,0,1
174.546669400,1,1
174.546678000,0,1
174.546686800,1,1
174.546704000,0,1
174.546712600,1,1
174.546747400,0,1
174.546756000,1,1
174.546764600,0,1
174.546773200,1,1
174.546782000,0,1
174.546790600,1,1
174.546807800,0,1
174.546816600,1,1
174.546833800,0,1
174.546842400,1,1
174.571340200,1,0
174.571357400,1,1
174.571444200,1,0
174.571452800,1,1
174.571539600,1,0
174.571548200,1,1
174.571574200,1,0
174.571617600,1,1
174.571635000,1,0
174.571712800,1,1
174.571730200,1,0
174.571738800,1,1
174.571747600,1,0
174.571756200,1,1
174.571773600,1,0
174.571808200,1,1
174.571825600,1,0
174.571903600,1,1
174.571921000,1,0
174.571938200,1,1
174.571947000,1,0
174.571998800,1,1
174.572016200,1,0
174.572024800,1,1
174.572033600,1,0
174.572094200,1,1
174.572111600,1,0
174.572128800,1,1
174.572137600,1,0
174.572189600,1,1
174.572207000,1,0
174.572284800,1,1
174.572302200,1,0
174.572380200,1,1
174.572397600,1,0
174.572414800,1,1
174.572423600,1,0
174.572475600,1,1
174.572493000,1,0
174.572501600,1,1
174.572510200,1,0
174.572570800,1,1
174.572588200,1,0
174.572614200,1,1
174.572623000,1,0
174.572666200,1,1
174.572701000,1,0
174.572709600,1,1
174.572727000,1,0
174.572778800,1,1
174.572796200,1,0
174.572804800,1,1
174.572813600,1,0
174.572874200,1,1
174.572891600,1,0
174.572900200,1,1
174.572909000,1,0
174.572969600,1,1
174.572987000,1,0
174.573065000,1,1
174.573082400,1,0
174.573091000,1,1
174.573108400,1,0
174.573117000,1,1
174.573134400,1,0
174.573160200,1,1
174.573177600,1,0
174.573186200,1,1
174.573195000,1,0
174.573203600,1,1
174.573238400,1,0
174.573247000,1,1
174.573816400,0,1
174.573833600,1,1
174.573902800,0,1
174.573911600,1,1
174.573989400,0,1
174.574015400,1,1
174.574024000,0,1
174.574067400,1,1
174.574076000,0,1
174.574153800,1,1
174.574162600,0,1
174.574179800,1,1
174.574188400,0,1
174.574240400,1,1
174.574249000,0,1
174.574257600,1,1
174.574275000,0,1
174.574327000,1,1
174.574335600,0,1
174.574413400,1,1
174.574422200,0,1
174.574456800,1,1
174.574465400,0,1
174.574482600,1,1
174.574491400,0,1
174.574500000,1,1
174.574508600,0,1
174.574534600,1,1
174.574560600,0,1
174.574569200,1,1
174.574577800,0,1
174.574586600,1,1
174.597139800,1,0
174.597157000,1,1
174.597252400,1,0
174.597261000,1,1
174.597347800,1,0
174.597356200,1,1
174.597382400,1,0
174.597425600,1,1
174.597443000,1,0
174.597521000,1,1
174.597538400,1,0
174.597599000,1,1
174.597607800,1,0
174.597616200,1,1
174.597633800,1,0
174.597711600,1,1
174.597729000,1,0
174.597737600,1,1
174.597755000,1,0
174.597807000,1,1
174.597824400,1,0
174.597833000,1,1
174.597841800,1,0
174.597902200,1,1
174.597919800,1,0
174.597937000,1,1
174.597945800,1,0
174.597997600,1,1
174.598015000,1,0
174.598093000,1,1
174.598127800,1,0
174.598205600,1,1
174.598223000,1,0
174.598240200,1,1
174.598249000,1,0
174.598301000,1,1
174.598318400,1,0
174.598327000,1,1
174.598335600,1,0
174.598396200,1,1
174.598483000,1,0
174.598491600,1,1
174.598500400,1,0
174.598561000,1,1
174.598578400,1,0
174.598587000,1,1
174.598604400,1,0
174.598656200,1,1
174.598673600,1,0
174.598682200,1,1
174.598691000,1,0
174.598751600,1,1
174.598769000,1,0
174.598846800,1,1
174.598881600,1,0
174.598907600,1,1
174.598916400,1,0
174.598959600,1,1
174.598977000,1,0
174.598985600,1,1
174.598994200,1,0
174.599054800,1,1
174.599072200,1,0
174.599080800,1,1
174.599098200,1,0
174.599106800,1,1
174.599141600,1,0
174.599150200,1,1
174.599167600,1,0
174.599176200,1,1
174.599185000,1,0
174.599193600,1,1
174.599202200,1,0
174.599245600,1,1
174.599263000,1,0
174.599271600,1,1
174.599280200,1,0
174.599340800,1,1
174.599358200,1,0
174.599366800,1,1
174.599384200,1,0
174.599392800,1,1
174.599427600,1,0
174.599436200,1,1
174.599453600,1,0
174.599470800,1,1
174.599479600,1,0
174.599488200,1,1
174.599497000,1,0
174.599531400,1,1
174.599549000,1,0
174.599557400,1,1
174.599566200,1,0
174.599626800,1,1
174.599644200,1,0
174.599661400,1,1
174.599670200,1,0
174.599722200,1,1
174.599756800,1,0
174.599782800,1,1
174.599800200,1,0
174.599834800,1,1
174.599852200,1,0
174.599860800,1,1
174.599869600,1,0
174.599930000,1,1
174.599947400,1,0
174.600025400,1,1
174.600042800,1,0
174.600051400,1,1
174.600060200,1,0
174.600068800,1,1
174.600086200,1,0
174.600120800,1,1
174.600138200,1,0
174.600146800,1,1
174.600155400,1,0
174.600216000,1,1
174.600233400,1,0
174.600242000,1,1
174.600250800,1,0
174.600311400,1,1
174.600328800,1,0
174.600372000,1,1
174.600380800,1,0
174.600406600,1,1
174.600424200,1,0
174.600432600,1,1
174.600441400,1,0
174.600502000,1,1
174.600519400,1,0
174.600597400,1,1
174.600632000,1,0
174.600640600,1,1
174.600649400,1,0
174.600675400,1,1
174.600684000,1,0
174.600710000,1,1
174.600727400,1,0
174.600744600,1,1
174.600753400,1,0
174.600805200,1,1
174.600822800,1,0
174.600900600,1,1
174.600918000,1,0
174.600996000,1,1
174.601013400,1,0
174.601065200,1,1
174.601074000,1,0
174.601091200,1,1
174.601108600,1,0
174.601117200,1,1
174.601126000,1,0
174.601186600,1,1
174.601204000,1,0
174.601212600,1,1
174.601230000,1,0
174.601282000,1,1
174.601299400,1,0
174.601307800,1,1
174.601316600,1,0
174.601351200,1,1
174.601360000,1,0
174.601377200,1,1
174.601394600,1,0
174.601411800,1,1
174.601420600,1,0
174.601472600,1,1
174.601490000,1,0
174.601567800,1,1
174.601585400,1,0
174.601611200,1,1
174.601628600,1,0
174.601663200,1,1
174.601680600,1,0
174.601698000,1,1
174.601706600,1,0
174.601715200,1,1
174.601724000,1,0
174.601732600,1,1
174.601741400,1,0
174.601758600,1,1
174.601776000,1,0
174.601784600,1,1
174.601793400,1,0
174.601854000,1,1
174.601888600,1,0
174.601897200,1,1
174.601906000,1,0
174.601966600,1,1
174.601984000,1,0
174.601992600,1,1
174.602010000,1,0
174.602018600,1,1
174.602027400,1,0
174.602036000,1,1
174.602044600,1,0
174.602062000,1,1
174.602079400,1,0
174.602088000,1,1
174.602096800,1,0
174.602157200,1,1
174.602174800,1,0
174.602183200,1,1
174.602192000,1,0
174.602252600,1,1
174.602270000,1,0
174.602296000,1,1
174.602313400,1,0
174.602322000,1,1
174.602330800,1,0
174.602348000,1,1
174.602365400,1,0
174.602374000,1,1
174.602382800,1,0
174.602443200,1,1
174.602460800,1,0
174.602486600,1,1
174.602495400,1,0
174.602538600,1,1
174.602556000,1,0
174.602599400,1,1
174.602616800,1,0
174.602634000,1,1
174.602660000,1,0
174.602668600,1,1
174.602677400,1,0
174.602738000,1,1
174.602764000,1,0
174.602790000,1,1
174.602798800,1,0
174.602816000,1,1
174.602833400,1,0
174.602842000,1,1
174.602859400,1,0
174.602885400,1,1
174.602894000,1,0
174.602902600,1,1
174.602920000,1,0
174.602937400,1,1
174.602954800,1,0
174.602963400,1,1
174.602972000,1,0
174.603032600,1,1
174.603050000,1,0
174.603128000,1,1
174.603145400,1,0
174.603162600,1,1
174.603180000,1,0
174.603188600,1,1
174.603206000,1,0
174.603223400,1,1
174.603240800,1,0
174.603249400,1,1
174.603258000,1,0
174.603318600,1,1
174.603336000,1,0
174.603414000,1,1
174.603431400,1,0
174.603492000,1,1
174.603500800,1,0
174.603509400,1,1
174.603526800,1,0
174.603544000,1,1
174.603552800,1,0
174.603604600,1,1
174.603639400,1,0
174.603717400,1,1
174.603734800,1,0
174.603812600,1,1
174.603830000,1,0
174.603908000,1,1
174.603925400,1,0
174.603960000,1,1
174.603968800,1,0
174.603977200,1,1
174.604020800,1,0
174.604046600,1,1
174.604064000,1,0
174.604072600,1,1
174.604081400,1,0
174.604090000,1,1
174.606752600,0,1
174.606770000,1,1
174.606839200,0,1
174.606847800,1,1
174.606925800,0,1
174.606951800,1,1
174.606960400,0,1
174.607003600,1,1
174.607012400,0,1
174.607090200,1,1
174.607098800,0,1
174.607116200,1,1
174.607124800,0,1
174.607176800,1,1
174.607185400,0,1
174.607211400,1,1
174.607220000,0,1
174.607263200,1,1
174.607272000,0,1
174.607349800,1,1
174.607358400,0,1
174.607367200,1,1
174.607375800,0,1
174.607401800,1,1
174.607410400,0,1
174.607419000,1,1
174.607445000,0,1
174.607453600,1,1
174.607471000,0,1
174.607479600,1,1
174.607488200,0,1
174.607505600,1,1
174.631634000,1,0
174.631651400,1,1
174.631729400,1,0
174.631738000,1,1
174.631833400,1,0
174.631842000,1,1
174.631868000,1,0
174.631911400,1,1
174.631928800,1,0
174.632006600,1,1
174.632024200,1,0
174.632067400,1,1
174.632076200,1,0
174.632102000,1,1
174.632119400,1,0
174.632197400,1,1
174.632214800,1,0
174.632240600,1,1
174.632249400,1,0
174.632292600,1,1
174.632310200,1,0
174.632318600,1,1
174.632327400,1,0
174.632388000,1,1
174.632405400,1,0
174.632422600,1,1
174.632431400,1,0
174.632483400,1,1
174.632500800,1,0
174.632578600,1,1
174.632596200,1,0
174.632674000,1,1
174.632691400,1,0
174.632708800,1,1
174.632717400,1,0
174.632769400,1,1
174.632786800,1,0
174.632795400,1,1
174.632804200,1,0
174.632864800,1,1
174.632882200,1,0
174.632960000,1,1
174.632977400,1,0
174.632986000,1,1
174.633003400,1,0
174.633055400,1,1
174.633090200,1,0
174.633098800,1,1
174.633107400,1,0
174.633168000,1,1
174.633185400,1,0
174.633263400,1,1
174.633280800,1,0
174.633306800,1,1
174.633315600,1,0
174.633358800,1,1
174.633376200,1,0
174.633384800,1,1
174.633393600,1,0
174.633454200,1,1
174.633471600,1,0
174.633549400,1,1
174.633566800,1,0
174.633644800,1,1
174.633662200,1,0
174.633670800,1,1
174.633679600,1,0
174.633688200,1,1
174.633696800,1,0
174.633705400,1,1
174.633714200,1,0
174.633722800,1,1
174.633731600,1,0
174.633740200,1,1
174.633757600,1,0
174.633766200,1,1
174.633774800,1,0
174.633783400,1,1
174.633792200,1,0
174.633800800,1,1
174.633809600,1,0
174.633818200,1,1
174.633826800,1,0
174.633835400,1,1
175.584060000,0,1
175.584077200,1,1
175.584146400,0,1
175.584155000,1,1
175.584233000,0,1
175.584259000,1,1
175.584267600,0,1
175.584310800,1,1
175.584319600,0,1
175.584397400,1,1
175.584406000,0,1
175.584423400,1,1
175.584432000,0,1
175.584484000,1,1
175.584492600,0,1
175.584510000,1,1
175.584518600,0,1
175.584570400,1,1
175.584579200,0,1
175.584657000,1,1
175.584665600,0,1
175.584674400,1,1
175.584691600,0,1
175.584700200,1,1
175.584735000,0,1
175.584743600,1,1
175.584752200,0,1
175.584760800,1,1
175.584769600,0,1
175.584778200,1,1
175.584795400,0,1
175.584804200,1,1
175.584821400,0,1
175.584830000,1,1
175.609331000,1,0
175.609348200,1,1
175.609426400,1,0
175.609434800,1,1
175.609530400,1,0
175.609538800,1,1
175.609565000,1,0
175.609608200,1,1
175.609625600,1,0
175.609703600,1,1
175.609721000,1,0
175.609729600,1,1
175.609738400,1,0
175.609746800,1,1
175.609764400,1,0
175.609798800,1,1
175.609816400,1,0
175.609894200,1,1
175.609911600,1,0
175.609928800,1,1
175.609937600,1,0
175.609989600,1,1
175.610007000,1,0
175.610015600,1,1
175.610024200,1,0
175.610084800,1,1
175.610102200,1,0
175.610119400,1,1
175.610128200,1,0
175.610180200,1,1
175.610197600,1,0
175.610275400,1,1
175.610292800,1,0
175.610370800,1,1
175.610405600,1,0
175.610422800,1,1
175.610431600,1,0
175.610483400,1,1
175.610500800,1,0
175.610509400,1,1
175.610518200,1,0
175.610578800,1,1
175.610596200,1,0
175.610622000,1,1
175.610630800,1,0
175.610674000,1,1
175.610691400,1,0
175.610700000,1,1
175.610717400,1,0
175.610769400,1,1
175.610786800,1,0
175.610795400,1,1
175.610804200,1,0
175.610864800,1,1
175.610882200,1,0
175.610890800,1,1
175.610899400,1,0
175.610960000,1,1
175.610977400,1,0
175.611055400,1,1
175.611072800,1,0
175.611081400,1,1
175.611098800,1,0
175.611107400,1,1
175.611124800,1,0
175.611150600,1,1
175.611168200,1,0
175.611176600,1,1
175.611185400,1,0
175.611194000,1,1
175.611228800,1,0
175.611237400,1,1
175.611804000,0,1
175.611821200,1,1
175.611890600,0,1
175.611899200,1,1
175.611977000,0,1
175.612003000,1,1
175.612011600,0,1
175.612055000,1,1
175.612063600,0,1
175.612141400,1,1
175.612150200,0,1
175.612167400,1,1
175.612176000,0,1
175.612228000,1,1
175.612236600,0,1
175.612245400,1,1
175.612262600,0,1
175.612314600,1,1
175.612323200,0,1
175.612401000,1,1
175.612409800,0,1
175.612444400,1,1
175.612453000,0,1
175.612470400,1,1
175.612479000,0,1
175.612487600,1,1
175.612496200,0,1
175.612522200,1,1
175.612548200,0,1
175.612556800,1,1
175.612565600,0,1
175.612574200,1,1
175.635256200,1,0
175.635273400,1,1
175.635351400,1,0
175.635360000,1,1
175.635455400,1,0
175.635464000,1,1
175.635490200,1,0
175.635533400,1,1
175.635550800,1,0
175.635628600,1,1
175.635646000,1,0
175.635706600,1,1
175.635715400,1,0
175.635724000,1,1
175.635741400,1,0
175.635819200,1,1
175.635836800,1,0
175.635845200,1,1
175.635862800,1,0
175.635914600,1,1
175.635932000,1,0
175.635940600,1,1
175.635949400,1,0
175.636010000,1,1
175.636027400,1,0
175.636044600,1,1
175.636053400,1,0
175.636105200,1,1
175.636122600,1,0
175.636200600,1,1
175.636218000,1,0
175.636295800,1,1
175.636313400,1,0
175.636330600,1,1
175.636339200,1,0
175.636391200,1,1
175.636408600,1,0
175.636417200,1,1
175.636426000,1,0
175.636486400,1,1
175.636504000,1,0
175.636512400,1,1
175.636521200,1,0
175.636581800,1,1
175.636599200,1,0
175.636607800,1,1
175.636625200,1,0
175.636677000,1,1
175.636711800,1,0
175.636720400,1,1
175.636729200,1,0
175.636789800,1,1
175.636807200,1,0
175.636885000,1,1
175.636902400,1,0
175.636928400,1,1
175.636937200,1,0
175.636980400,1,1
175.636997800,1,0
175.637006400,1,1
175.637015000,1,0
175.637075600,1,1
175.637093000,1,0
175.637101600,1,1
175.637119000,1,0
175.637127600,1,1
175.637162400,1,0
175.637171000,1,1
175.637188400,1,0
175.637197000,1,1
175.637205800,1,0
175.637214200,1,1
175.637223000,1,0
175.637266200,1,1
175.637283600,1,0
175.637292200,1,1
175.637301000,1,0
175.637361600,1,1
175.637379000,1,0
175.637387600,1,1
175.637405000,1,0
175.637413600,1,1
175.637448200,1,0
175.637456800,1,1
175.637474200,1,0
175.637491600,1,1
175.637500200,1,0
175.637508800,1,1
175.637517600,1,0
175.637552200,1,1
175.637586800,1,0
175.637595400,1,1
175.637604200,1,0
175.637664800,1,1
175.637682200,1,0
175.637699400,1,1
175.637708200,1,0
175.637760000,1,1
175.637777400,1,0
175.637803400,1,1
175.637820800,1,0
175.637855400,1,1
175.637872800,1,0
175.637881400,1,1
175.637890200,1,0
175.637950600,1,1
175.637968000,1,0
175.638046000,1,1
175.638063400,1,0
175.638072000,1,1
175.638080800,1,0
175.638089200,1,1
175.638106800,1,0
175.638141200,1,1
175.638158800,1,0
175.638167200,1,1
175.638176000,1,0
175.638236600,1,1
175.638254000,1,0
175.638262600,1,1
175.638271400,1,0
175.638332000,1,1
175.638349400,1,0
175.638392600,1,1
175.638401400,1,0
175.638427200,1,1
175.638444600,1,0
175.638453200,1,1
175.638462000,1,0
175.638522600,1,1
175.638540000,1,0
175.638617800,1,1
175.638635200,1,0
175.638643800,1,1
175.638652600,1,0
175.638678400,1,1
175.638687200,1,0
175.638713200,1,1
175.638730600,1,0
175.638747800,1,1
175.638756600,1,0
175.638808400,1,1
175.638834600,1,0
175.638912400,1,1
175.638929800,1,0
175.639007800,1,1
175.639025200,1,0
175.639077000,1,1
175.639085800,1,0
175.639103000,1,1
175.639120400,1,0
175.639129000,1,1
175.639137800,1,0
175.639198400,1,1
175.639224400,1,0
175.639233000,1,1
175.639250400,1,0
175.639302200,1,1
175.639319800,1,0
175.639328200,1,1
175.639337000,1,0
175.639371600,1,1
175.639380400,1,0
175.639397600,1,1
175.639415000,1,0
175.639432200,1,1
175.639441000,1,0
175.639493000,1,1
175.639510400,1,0
175.639588200,1,1
175.639605600,1,0
175.639631600,1,1
175.639649000,1,0
175.639683600,1,1
175.639718400,1,0
175.639735600,1,1
175.639744200,1,0
175.639752800,1,1
175.639761600,1,0
175.639770200,1,1
175.639779000,1,0
175.639796200,1,1
175.639813600,1,0
175.639822200,1,1
175.639831000,1,0
175.639891400,1,1
175.639909000,1,0
175.639917400,1,1
175.639926200,1,0
175.639986800,1,1
175.640004200,1,0
175.640012800,1,1
175.640030200,1,0
175.640038800,1,1
175.640047600,1,0
175.640056200,1,1
175.640064800,1,0
175.640082200,1,1
175.640116800,1,0
175.640125400,1,1
175.640134200,1,0
175.640194800,1,1
175.640220800,1,0
175.640229400,1,1
175.640238200,1,0
175.640298600,1,1
175.640316200,1,0
175.640342000,1,1
175.640359400,1,0
175.640368000,1,1
175.640376800,1,0
175.640394000,1,1
175.640411400,1,0
175.640420000,1,1
175.640428800,1,0
175.640489400,1,1
175.640506800,1,0
175.640532600,1,1
175.640541400,1,0
175.640584600,1,1
175.640602000,1,0
175.640645200,1,1
175.640662600,1,0
175.640679800,1,1
175.640697400,1,0
175.640705800,1,1
175.640714600,1,0
175.640775200,1,1
175.640792600,1,0
175.640818600,1,1
175.640827200,1,0
175.640844600,1,1
175.640862000,1,0
175.640870600,1,1
175.640888000,1,0
175.640913800,1,1
175.640922600,1,0
175.640931200,1,1
175.640948600,1,0
175.640965800,1,1
175.640983200,1,0
175.640991800,1,1
175.641000600,1,0
175.641061200,1,1
175.641095800,1,0
175.641173800,1,1
175.641191200,1,0
175.641208400,1,1
175.641225800,1,0
175.641234400,1,1
175.641251800,1,0
175.641269000,1,1
175.641286400,1,0
175.641295000,1,1
175.641303800,1,0
175.641364400,1,1
175.641381800,1,0
175.641459600,1,1
175.641477200,1,0
175.641537600,1,1
175.641546400,1,0
175.641555000,1,1
175.641572400,1,0
175.641589600,1,1
175.641598400,1,0
175.641650400,1,1
175.641667800,1,0
175.641745600,1,1
175.641763000,1,0
175.641841000,1,1
175.641858400,1,0
175.641936200,1,1
175.641971000,1,0
175.642005600,1,1
175.642014200,1,0
175.642022800,1,1
175.642066200,1,0
175.642092200,1,1
175.642109600,1,0
175.642118200,1,1
175.642127000,1,0
175.642135400,1,1
175.644809600,0,1
175.644826800,1,1
175.644896000,0,1
175.644904800,1,1
175.644982600,0,1
175.645008600,1,1
175.645017200,0,1
175.645060400,1,1
175.645069200,0,1
175.645147000,1,1
175.645155600,0,1
175.645173000,1,1
175.645181600,0,1
175.645233600,1,1
175.645242200,0,1
175.645268200,1,1
175.645276800,0,1
175.645320000,1,1
175.645328800,0,1
175.645406600,1,1
175.645415200,0,1
175.645424000,1,1
175.645432600,0,1
175.645458600,1,1
175.645467200,0,1
175.645475800,1,1
175.645501800,0,1
175.645510400,1,1
175.645527800,0,1
175.645536400,1,1
175.645545200,0,1
175.645562400,1,1
175.669705400,1,0
175.669722600,1,1
175.669887400,1,0
175.669896000,1,1
175.669982600,1,0
175.669991200,1,1
175.670017400,1,0
175.670060600,1,1
175.670078000,1,0
175.670155800,1,1
175.670173200,1,0
175.670216400,1,1
175.670225200,1,0
175.670251200,1,1
175.670285800,1,0
175.670363800,1,1
175.670381200,1,0
175.670407000,1,1
175.670415800,1,0
175.670459000,1,1
175.670476400,1,0
175.670485000,1,1
175.670493800,1,0
175.670554400,1,1
175.670571800,1,0
175.670589000,1,1
175.670597800,1,0
175.670649600,1,1
175.670667000,1,0
175.670745000,1,1
175.670762400,1,0
175.670840200,1,1
175.670857600,1,0
175.670875000,1,1
175.670883600,1,0
175.670935600,1,1
175.670953000,1,0
175.670961600,1,1
175.670970400,1,0
175.671030800,1,1
175.671048200,1,0
175.671126200,1,1
175.671161000,1,0
175.671169400,1,1
175.671186800,1,0
175.671238800,1,1
175.671256200,1,0
175.671264800,1,1
175.671273600,1,0
175.671334000,1,1
175.671351600,1,0
175.671429400,1,1
175.671446800,1,0
175.671472800,1,1
175.671481400,1,0
175.671524600,1,1
175.671542200,1,0
175.671550600,1,1
175.671559400,1,0
175.671620000,1,1
175.671637400,1,0
175.671715400,1,1
175.671732800,1,0
175.671810600,1,1
175.671828000,1,0
175.671836600,1,1
175.671845400,1,0
175.671854000,1,1
175.671862600,1,0
175.671871200,1,1
175.671880000,1,0
175.671888600,1,1
175.671897400,1,0
175.671906000,1,1
175.671923400,1,0
175.671932000,1,1
175.671940600,1,0
175.671949200,1,1
175.671958000,1,0
175.671966600,1,1
175.671975400,1,0
175.671983800,1,1
175.671992600,1,0
175.672001200,1,1
176.622047600,0,1
176.622064800,1,1
176.622134000,0,1
176.622142800,1,1
176.622220600,0,1
176.622246600,1,1
176.622255200,0,1
176.622298400,1,1
176.622307200,0,1
176.622385000,1,1
176.622393600,0,1
176.622411000,1,1
176.622419600,0,1
176.622471600,1,1
176.622480200,0,1
176.622497600,1,1
176.622506200,0,1
176.622558200,1,1
176.622566800,0,1
176.622644600,1,1
176.622653400,0,1
176.622662000,1,1
176.622679200,0,1
176.622688000,1,1
176.622722600,0,1
176.622731200,1,1
176.622739800,0,1
176.622748400,1,1
176.622757200,0,1
176.622765800,1,1
176.622783200,0,1
176.622791800,1,1
176.622809000,0,1
176.622817800,1,1
176.647261800,1,0
176.647279000,1,1
176.647357200,1,0
176.647365600,1,1
176.647461000,1,0
176.647469600,1,1
176.647495800,1,0
176.647539000,1,1
176.647556400,1,0
176.647634200,1,1
176.647651800,1,0
176.647660200,1,1
176.647669000,1,0
176.647677600,1,1
176.647695000,1,0
176.647729600,1,1
176.647747000,1,0
176.647825000,1,1
176.647842400,1,0
176.647859600,1,1
176.647868400,1,0
176.647920200,1,1
176.647937600,1,0
176.647946200,1,1
176.647955000,1,0
176.648015600,1,1
176.648033000,1,0
176.648050200,1,1
176.648059000,1,0
176.648110800,1,1
176.648128200,1,0
176.648206200,1,1
176.648223600,1,0
176.648301600,1,1
176.648319000,1,0
176.648336200,1,1
176.648345000,1,0
176.648396800,1,1
176.648414200,1,0
176.648422800,1,1
176.648431600,1,0
176.648492200,1,1
176.648509600,1,0
176.648535400,1,1
176.648544200,1,0
176.648587400,1,1
176.648604800,1,0
176.648613400,1,1
176.648630800,1,0
176.648682800,1,1
176.648726200,1,0
176.648734800,1,1
176.648743400,1,0
176.648804000,1,1
176.648821400,1,0
176.648830000,1,1
176.648838800,1,0
176.648899400,1,1
176.648916800,1,0
176.648994600,1,1
176.649012000,1,0
176.649020600,1,1
176.649038000,1,0
176.649046600,1,1
176.649064000,1,0
176.649090000,1,1
176.649107400,1,0
176.649116000,1,1
176.649124800,1,0
176.649133400,1,1
176.649168000,1,0
176.649176600,1,1
176.649757000,0,1
176.649774200,1,1
176.649843600,0,1
176.649852200,1,1
176.649930000,0,1
176.649956000,1,1
176.649964600,0,1
176.650008000,1,1
176.650016600,0,1
176.650094400,1,1
176.650103200,0,1
176.650120400,1,1
176.650129000,0,1
176.650181000,1,1
176.650189600,0,1
176.650198400,1,1
176.650215600,0,1
176.650267600,1,1
176.650276200,0,1
176.650354000,1,1
176.650362800,0,1
176.650397400,1,1
176.650406000,0,1
176.650423400,1,1
176.650432000,0,1
176.650440600,1,1
176.650449200,0,1
176.650475200,1,1
176.650501200,0,1
176.650509800,1,1
176.650518600,0,1
176.650527200,1,1
176.672935800,1,0
176.672953000,1,1
176.673031000,1,0
176.673039600,1,1
176.673143800,1,0
176.673152400,1,1
176.673178400,1,0
176.673221600,1,1
176.673239000,1,0
176.673317000,1,1
176.673334400,1,0
176.673395000,1,1
176.673403600,1,0
176.673412200,1,1
176.673429600,1,0
176.673507600,1,1
176.673525000,1,0
176.673533600,1,1
176.673551000,1,0
176.673603000,1,1
176.673620400,1,0
176.673629000,1,1
176.673637600,1,0
176.673698200,1,1
176.673715600,1,0
176.673732800,1,1
176.673741600,1,0
176.673793600,1,1
176.673811000,1,0
176.673888800,1,1
176.673906400,1,0
176.673984200,1,1
176.674001600,1,0
176.674018800,1,1
176.674027600,1,0
176.674079600,1,1
176.674097000,1,0
176.674105600,1,1
176.674114200,1,0
176.674174800,1,1
176.674192200,1,0
176.674200800,1,1
176.674209600,1,0
176.674270200,1,1
176.674287600,1,0
176.674296200,1,1
176.674313600,1,0
176.674365600,1,1
176.674400200,1,0
176.674408800,1,1
176.674417600,1,0
176.674478200,1,1
176.674495600,1,0
176.674573600,1,1
176.674591000,1,0
176.674616800,1,1
176.674625600,1,0
176.674668800,1,1
176.674686200,1,0
176.674694800,1,1
176.674703600,1,0
176.674764200,1,1
176.674781600,1,0
176.674790200,1,1
176.674807600,1,0
176.674816200,1,1
176.674851000,1,0
176.674859600,1,1
176.674877000,1,0
176.674885600,1,1
176.674894200,1,0
176.674902800,1,1
176.674911600,1,0
176.674954800,1,1
176.674972200,1,0
176.674980800,1,1
176.674989600,1,0
176.675050200,1,1
176.675067600,1,0
176.675076200,1,1
176.675093600,1,0
176.675102200,1,1
176.675137000,1,0
176.675145400,1,1
176.675163000,1,0
176.675180200,1,1
176.675189000,1,0
176.675197400,1,1
176.675206200,1,0
176.675240800,1,1
176.675275600,1,0
176.675284200,1,1
176.675292800,1,0
176.675353400,1,1
176.675370800,1,0
176.675388200,1,1
176.675396800,1,0
176.675448800,1,1
176.675466200,1,0
176.675492200,1,1
176.675509600,1,0
176.675544200,1,1
176.675561600,1,0
176.675570200,1,1
176.675578800,1,0
176.675639400,1,1
176.675656800,1,0
176.675734800,1,1
176.675752200,1,0
176.675760800,1,1
176.675769600,1,0
176.675778200,1,1
176.675795600,1,0
176.675830200,1,1
176.675847600,1,0
176.675856200,1,1
176.675864800,1,0
176.675925400,1,1
176.675942800,1,0
176.675960200,1,1
176.675968800,1,0
176.676020800,1,1
176.676038200,1,0
176.676081400,1,1
176.676090200,1,0
176.676116000,1,1
176.676150800,1,0
176.676159400,1,1
176.676168200,1,0
176.676228800,1,1
176.676246200,1,0
176.676324000,1,1
176.676341400,1,0
176.676350000,1,1
176.676358800,1,0
176.676384600,1,1
176.676393400,1,0
176.676419400,1,1
176.676436800,1,0
176.676454000,1,1
176.676462800,1,0
176.676514600,1,1
176.676532200,1,0
176.676610000,1,1
176.676627400,1,0
176.676705400,1,1
176.676722800,1,0
176.676774600,1,1
176.676783400,1,0
176.676800600,1,1
176.676818000,1,0
176.676826600,1,1
176.676835400,1,0
176.676896000,1,1
176.676913400,1,0
176.676939200,1,1
176.676948000,1,0
176.676991200,1,1
176.677008800,1,0
176.677017200,1,1
176.677026000,1,0
176.677060600,1,1
176.677069400,1,0
176.677086600,1,1
176.677104000,1,0
176.677121200,1,1
176.677130000,1,0
176.677182000,1,1
176.677199400,1,0
176.677277200,1,1
176.677294600,1,0
176.677303200,1,1
176.677338000,1,0
176.677372600,1,1
176.677398600,1,0
176.677415800,1,1
176.677424600,1,0
176.677433200,1,1
176.677442000,1,0
176.677450600,1,1
176.677459400,1,0
176.677476600,1,1
176.677494000,1,0
176.677502600,1,1
176.677511400,1,0
176.677571800,1,1
176.677589200,1,0
176.677597800,1,1
176.677606600,1,0
176.677667200,1,1
176.677684600,1,0
176.677693200,1,1
176.677710600,1,0
176.677719200,1,1
176.677728000,1,0
176.677736600,1,1
176.677745200,1,0
176.677762400,1,1
176.677780000,1,0
176.677788400,1,1
176.677797200,1,0
176.677857800,1,1
176.677875200,1,0
176.677883800,1,1
176.677892600,1,0
176.677953200,1,1
176.677970600,1,0
176.677996400,1,1
176.678013800,1,0
176.678022400,1,1
176.678031200,1,0
176.678048400,1,1
176.678065800,1,0
176.678074400,1,1
176.678083200,1,0
176.678143800,1,1
176.678161200,1,0
176.678187200,1,1
176.678195800,1,0
176.678239000,1,1
176.678256600,1,0
176.678299800,1,1
176.678317200,1,0
176.678334400,1,1
176.678351800,1,0
176.678360400,1,1
176.678369200,1,0
176.678429800,1,1
176.678447200,1,0
176.678473000,1,1
176.678481800,1,0
176.678499000,1,1
176.678516600,1,0
176.678525000,1,1
176.678542400,1,0
176.678568400,1,1
176.678577200,1,0
176.678585800,1,1
176.678603200,1,0
176.678620400,1,1
176.678655200,1,0
176.678663800,1,1
176.678672400,1,0
176.678733000,1,1
176.678750400,1,0
176.678828400,1,1
176.678845800,1,0
176.678863000,1,1
176.678880400,1,0
176.678889000,1,1
176.678906400,1,0
176.678923600,1,1
176.678941200,1,0
176.678949600,1,1
176.678958400,1,0
176.679019000,1,1
176.679036400,1,0
176.679114400,1,1
176.679131800,1,0
176.679192400,1,1
176.679201200,1,0
176.679209600,1,1
176.679227000,1,0
176.679244400,1,1
176.679253000,1,0
176.679305000,1,1
176.679322400,1,0
176.679400400,1,1
176.679417800,1,0
176.679495600,1,1
176.679530400,1,0
176.679608200,1,1
176.679625600,1,0
176.679634200,1,1
176.679651600,1,0
176.679669000,1,1
176.679695000,1,0
176.679703600,1,1
176.679721000,1,0
176.679729600,1,1
176.679738400,1,0
176.679755600,1,1
176.679764400,1,0
176.679781600,1,1
176.711640200,0,1
176.711657600,1,1
176.711726800,0,1
176.711735400,1,1
176.711813400,0,1
176.711839200,1,1
176.711848000,0,1
176.711891200,1,1
176.711899800,0,1
176.711977800,1,1
176.711986400,0,1
176.712003600,1,1
176.712012400,0,1
176.712064200,1,1
176.712073000,0,1
176.712098800,1,1
176.712107600,0,1
176.712150800,1,1
176.712159400,0,1
176.712237400,1,1
176.712246000,0,1
176.712254600,1,1
176.712263400,0,1
176.712289200,1,1
176.712298000,0,1
176.712306600,1,1
176.712332600,0,1
176.712341200,1,1
176.712358600,0,1
176.712367200,1,1
176.712375800,0,1
176.712393200,1,1
176.737584800,1,0
176.737602000,1,1
176.737680200,1,0
176.737688600,1,1
176.737784000,1,0
176.737792600,1,1
176.737818800,1,0
176.737862000,1,1
176.737879400,1,0
176.737957400,1,1
176.737974800,1,0
176.738018000,1,1
176.738026800,1,0
176.738052600,1,1
176.738070000,1,0
176.738148000,1,1
176.738165400,1,0
176.738191400,1,1
176.738200000,1,0
176.738243400,1,1
176.738260800,1,0
176.738269400,1,1
176.738278000,1,0
176.738338600,1,1
176.738356000,1,0
176.738373200,1,1
176.738382000,1,0
176.738434000,1,1
176.738451400,1,0
176.738529200,1,1
176.738546800,1,0
176.738624600,1,1
176.738659400,1,0
176.738676600,1,1
176.738685400,1,0
176.738737200,1,1
176.738754600,1,0
176.738763200,1,1
176.738772000,1,0
176.738832600,1,1
176.738850000,1,0
176.738927800,1,1
176.738945400,1,0
176.738953800,1,1
176.738971400,1,0
176.739023200,1,1
176.739040600,1,0
176.739049200,1,1
176.739058000,1,0
176.739118600,1,1
176.739136000,1,0
176.739213800,1,1
176.739231200,1,0
176.739257200,1,1
176.739266000,1,0
176.739309200,1,1
176.739326600,1,0
176.739335200,1,1
176.739344000,1,0
176.739404600,1,1
176.739422000,1,0
176.739499800,1,1
176.739517200,1,0
176.739595200,1,1
176.739612600,1,0
176.739621200,1,1
176.739630000,1,0
176.739638600,1,1
176.739647200,1,0
176.739655800,1,1
176.739664600,1,0
176.739673200,1,1
176.739682000,1,0
176.739690600,1,1
176.739708000,1,0
176.739716600,1,1
176.739725200,1,0
176.739733800,1,1
176.739742600,1,0
176.739751200,1,1
176.739760000,1,0
176.739768600,1,1
176.739777200,1,0
176.739785800,1,1
177.640693800,0,1
177.640711200,1,1
177.640780400,0,1
177.640789000,1,1
177.640867000,0,1
177.640893000,1,1
177.640901600,0,1
177.640944800,1,1
177.640953600,0,1
177.641031400,1,1
177.641040000,0,1
177.641057400,1,1
177.641066000,0,1
177.641118000,1,1
177.641126600,0,1
177.641143800,1,1
177.641152600,0,1
177.641204400,1,1
177.641213200,0,1
177.641291000,1,1
177.641299600,0,1
177.641308400,1,1
177.641325600,0,1
177.641334200,1,1
177.641368800,0,1
177.641377600,1,1
177.641386200,0,1
177.641394800,1,1
177.641403400,0,1
177.641412200,1,1
177.641429400,0,1
177.641438200,1,1
177.641455400,0,1
177.641464000,1,1
177.665406000,1,0
177.665423200,1,1
177.665501400,1,0
177.665509800,1,1
177.665596600,1,0
177.665605200,1,1
177.665631200,1,0
177.665674400,1,1
177.665691800,1,0
177.665769800,1,1
177.665787200,1,0
177.665795800,1,1
177.665804600,1,0
177.665813000,1,1
177.665830600,1,0
177.665865000,1,1
177.665882400,1,0
177.665960400,1,1
177.665977800,1,0
177.665995000,1,1
177.666003800,1,0
177.666055600,1,1
177.666073000,1,0
177.666081600,1,1
177.666090400,1,0
177.666151000,1,1
177.666168400,1,0
177.666185600,1,1
177.666194400,1,0
177.666246200,1,1
177.666263600,1,0
177.666341600,1,1
177.666385000,1,0
177.666462800,1,1
177.666480200,1,0
177.666497400,1,1
177.666506200,1,0
177.666558200,1,1
177.666575600,1,0
177.666584200,1,1
177.666592800,1,0
177.666653400,1,1
177.666670800,1,0
177.666696800,1,1
177.666705600,1,0
177.666748800,1,1
177.666766200,1,0
177.666774800,1,1
177.666792200,1,0
177.666844000,1,1
177.666878800,1,0
177.666887400,1,1
177.666896200,1,0
177.666956600,1,1
177.666974000,1,0
177.666982600,1,1
177.666991400,1,0
177.667052000,1,1
177.667069400,1,0
177.667147200,1,1
177.667164600,1,0
177.667173200,1,1
177.667190600,1,0
177.667199200,1,1
177.667216600,1,0
177.667242600,1,1
177.667260000,1,0
177.667268600,1,1
177.667277400,1,0
177.667285800,1,1
177.667320600,1,0
177.667329200,1,1
177.667918800,0,1
177.667936000,1,1
177.668005200,0,1
177.668013800,1,1
177.668091800,0,1
177.668117800,1,1
177.668126400,0,1
177.668169600,1,1
177.668178400,0,1
177.668256200,1,1
177.668264800,0,1
177.668282200,1,1
177.668290800,0,1
177.668342800,1,1
177.668351400,0,1
177.668360000,1,1
177.668377400,0,1
177.668429200,1,1
177.668438000,0,1
177.668515800,1,1
177.668524400,0,1
177.668559000,1,1
177.668567800,0,1
177.668585000,1,1
177.668593800,0,1
177.668602400,1,1
177.668611000,0,1
177.668637000,1,1
177.668663000,0,1
177.668671600,1,1
177.668680200,0,1
177.668688800,1,1
177.691102600,1,0
177.691119800,1,1
177.691197800,1,0
177.691206400,1,1
177.691310600,1,0
177.691319000,1,1
177.691345200,1,0
177.691388400,1,1
177.691405800,1,0
177.691483800,1,1
177.691570400,1,0
177.691631000,1,1
177.691639800,1,0
177.691648400,1,1
177.691683000,1,0
177.691761000,1,1
177.691778400,1,0
177.691787000,1,1
177.691804400,1,0
177.691856200,1,1
177.691873600,1,0
177.691882200,1,1
177.691891000,1,0
177.691951600,1,1
177.691969000,1,0
177.691986200,1,1
177.691995000,1,0
177.692046800,1,1
177.692064200,1,0
177.692142200,1,1
177.692159600,1,0
177.692237400,1,1
177.692254800,1,0
177.692272200,1,1
177.692280800,1,0
177.692332800,1,1
177.692350200,1,0
177.692358800,1,1
177.692367600,1,0
177.692428000,1,1
177.692445400,1,0
177.692454000,1,1
177.692462800,1,0
177.692523400,1,1
177.692558000,1,0
177.692566600,1,1
177.692584000,1,0
177.692636000,1,1
177.692653400,1,0
177.692662000,1,1
177.692670800,1,0
177.692731200,1,1
177.692748800,1,0
177.692826600,1,1
177.692844000,1,0
177.692869800,1,1
177.692878600,1,0
177.692921800,1,1
177.692939400,1,0
177.692947800,1,1
177.692956600,1,0
177.693017200,1,1
177.693034600,1,0
177.693043200,1,1
177.693060600,1,0
177.693069200,1,1
177.693104000,1,0
177.693112400,1,1
177.693130000,1,0
177.693138400,1,1
177.693147200,1,0
177.693155800,1,1
177.693164600,1,0
177.693207800,1,1
177.693225200,1,0
177.693233800,1,1
177.693242600,1,0
177.693303000,1,1
177.693320600,1,0
177.693329000,1,1
177.693346600,1,0
177.693355000,1,1
177.693389800,1,0
177.693398400,1,1
177.693415800,1,0
177.693433000,1,1
177.693441800,1,0
177.693450400,1,1
177.693459200,1,0
177.693493600,1,1
177.693511200,1,0
177.693519600,1,1
177.693528400,1,0
177.693589000,1,1
177.693606400,1,0
177.693623600,1,1
177.693632400,1,0
177.693684400,1,1
177.693701800,1,0
177.693727600,1,1
177.693745000,1,0
177.693779600,1,1
177.693814400,1,0
177.693823000,1,1
177.693831600,1,0
177.693892200,1,1
177.693909600,1,0
177.693987600,1,1
177.694005000,1,0
177.694013600,1,1
177.694022200,1,0
177.694030800,1,1
177.694048200,1,0
177.694082800,1,1
177.694100200,1,0
177.694108800,1,1
177.694117600,1,0
177.694178200,1,1
177.694195600,1,0
177.694212800,1,1
177.694221600,1,0
177.694273400,1,1
177.694290800,1,0
177.694334200,1,1
177.694342800,1,0
177.694368800,1,1
177.694386200,1,0
177.694394800,1,1
177.694403600,1,0
177.694464200,1,1
177.694481600,1,0
177.694559400,1,1
177.694576800,1,0
177.694585400,1,1
177.694594200,1,0
177.694620000,1,1
177.694628800,1,0
177.694654800,1,1
177.694689400,1,0
177.694706800,1,1
177.694715400,1,0
177.694767400,1,1
177.694784800,1,0
177.694862600,1,1
177.694880200,1,0
177.694958000,1,1
177.694975400,1,0
177.695027400,1,1
177.695036000,1,0
177.695053400,1,1
177.695070800,1,0
177.695079400,1,1
177.695088000,1,0
177.695148600,1,1
177.695166000,1,0
177.695192000,1,1
177.695200800,1,0
177.695244000,1,1
177.695261400,1,0
177.695270000,1,1
177.695278800,1,0
177.695313400,1,1
177.695322000,1,0
177.695339400,1,1
177.695356800,1,0
177.695374000,1,1
177.695382800,1,0
177.695434600,1,1
177.695452000,1,0
177.695530000,1,1
177.695564800,1,0
177.695573400,1,1
177.695582000,1,0
177.695608000,1,1
177.695616800,1,0
177.695642600,1,1
177.695660000,1,0
177.695677200,1,1
177.695686000,1,0
177.695694600,1,1
177.695703400,1,0
177.695712000,1,1
177.695720800,1,0
177.695738000,1,1
177.695755400,1,0
177.695764000,1,1
177.695772800,1,0
177.695833200,1,1
177.695850600,1,0
177.695859200,1,1
177.695868000,1,0
177.695928600,1,1
177.695946000,1,0
177.695954600,1,1
177.695972000,1,0
177.695980600,1,1
177.695989400,1,0
177.695998000,1,1
177.696006600,1,0
177.696024000,1,1
177.696041400,1,0
177.696050000,1,1
177.696058600,1,0
177.696119200,1,1
177.696136600,1,0
177.696145200,1,1
177.696154000,1,0
177.696214600,1,1
177.696232000,1,0
177.696257800,1,1
177.696275200,1,0
177.696283800,1,1
177.696292600,1,0
177.696309800,1,1
177.696327200,1,0
177.696335800,1,1
177.696344600,1,0
177.696405200,1,1
177.696448600,1,0
177.696474400,1,1
177.696483200,1,0
177.696526400,1,1
177.696578600,1,0
177.696621800,1,1
177.696639200,1,0
177.696656400,1,1
177.696691200,1,0
177.696699800,1,1
177.696708600,1,0
177.696769000,1,1
177.696786600,1,0
177.696812400,1,1
177.696821200,1,0
177.696838400,1,1
177.696855800,1,0
177.696864400,1,1
177.696881800,1,0
177.696907800,1,1
177.696916400,1,0
177.696925000,1,1
177.696942400,1,0
177.696959600,1,1
177.696977200,1,0
177.696985600,1,1
177.696994400,1,0
177.697055000,1,1
177.697072400,1,0
177.697150400,1,1
177.697167800,1,0
177.697185000,1,1
177.697202400,1,0
177.697211000,1,1
177.697228400,1,0
177.697245600,1,1
177.697263000,1,0
177.697271600,1,1
177.697280400,1,0
177.697341000,1,1
177.697358400,1,0
177.697436200,1,1
177.697453600,1,0
177.697514200,1,1
177.697523000,1,0
177.697531600,1,1
177.697566400,1,0
177.697583600,1,1
177.697592400,1,0
177.697644200,1,1
177.697661600,1,0
177.697739600,1,1
177.697757000,1,0
177.697834800,1,1
177.697852200,1,0
177.697930200,1,1
177.697947600,1,0
177.697956200,1,1
177.697964800,1,0
177.697982200,1,1
177.697990800,1,0
177.697999400,1,1
177.698008200,1,0
177.698025400,1,1
177.698042800,1,0
177.698051400,1,1
177.698060200,1,0
177.698077400,1,1
177.698086200,1,0
177.698094800,1,1
177.698103400,1,0
177.698112000,1,1
177.716708800,0,1
177.716726000,1,1
177.716795400,0,1
177.716804000,1,1
177.716881800,0,1
177.716907800,1,1
177.716916400,0,1
177.716959800,1,1
177.716968400,0,1
177.717046200,1,1
177.717055000,0,1
177.717072200,1,1
177.717080800,0,1
177.717132800,1,1
177.717141400,0,1
177.717167400,1,1
177.717176000,0,1
177.717219400,1,1
177.717228000,0,1
177.717305800,1,1
177.717314600,0,1
177.717323200,1,1
177.717331800,0,1
177.717357800,1,1
177.717366400,0,1
177.717375200,1,1
177.717401000,0,1
177.717409800,1,1
177.717427000,0,1
177.717435600,1,1
177.717444400,0,1
177.717461600,1,1
177.740604200,1,0
177.740621400,1,1
177.740699600,1,0
177.740708200,1,1
177.740795000,1,0
177.740803400,1,1
177.740829600,1,0
177.740872800,1,1
177.740907600,1,0
177.740985400,1,1
177.741002800,1,0
177.741046000,1,1
177.741054800,1,0
177.741080800,1,1
177.741098200,1,0
177.741176000,1,1
177.741193600,1,0
177.741219400,1,1
177.741228200,1,0
177.741271400,1,1
177.741288800,1,0
177.741297400,1,1
177.741306200,1,0
177.741366800,1,1
177.741384200,1,0
177.741401400,1,1
177.741410200,1,0
177.741462000,1,1
177.741479400,1,0
177.741557400,1,1
177.741574800,1,0
177.741652800,1,1
177.741670200,1,0
177.741687400,1,1
177.741696200,1,0
177.741748000,1,1
177.741765400,1,0
177.741774000,1,1
177.741782800,1,0
177.741843400,1,1
177.741860800,1,0
177.741938600,1,1
177.741956000,1,0
177.741964600,1,1
177.741982000,1,0
177.742034000,1,1
177.742051400,1,0
177.742060000,1,1
177.742068600,1,0
177.742129200,1,1
177.742155400,1,0
177.742233200,1,1
177.742250600,1,0
177.742276600,1,1
177.742285400,1,0
177.742328600,1,1
177.742346000,1,0
177.742354600,1,1
177.742363200,1,0
177.742423800,1,1
177.742441200,1,0
177.742519200,1,1
177.742536600,1,0
177.742614400,1,1
177.742632000,1,0
177.742640400,1,1
177.742649200,1,0
177.742657800,1,1
177.742666600,1,0
177.742675200,1,1
177.742684000,1,0
177.742692400,1,1
177.742701200,1,0
177.742709800,1,1
177.742727200,1,0
177.742735800,1,1
177.742744600,1,0
177.742753200,1,1
177.742762000,1,0
177.742770400,1,1
177.742779200,1,0
177.742787800,1,1
177.742796600,1,0
177.742805200,1,1
178.642041400,0,1
178.642058800,1,1
178.642128000,0,1
178.642136600,1,1
178.642214400,0,1
178.642240400,1,1
178.642249000,0,1
178.642292400,1,1
178.642301000,0,1
178.642379000,1,1
178.642387600,0,1
178.642404800,1,1
178.642413600,0,1
178.642465400,1,1
178.642474000,0,1
178.642491400,1,1
178.642500000,0,1
178.642552000,1,1
178.642560600,0,1
178.642638600,1,1
178.642647200,0,1
178.642655800,1,1
178.642673200,0,1
178.642681800,1,1
178.642716400,0,1
178.642725000,1,1
178.642733800,0,1
178.642742400,1,1
178.642751000,0,1
178.642759600,1,1
178.642777000,0,1
178.642785600,1,1
178.642803000,0,1
178.642811600,1,1
178.663185200,1,0
178.663202400,1,1
178.663280600,1,0
178.663289200,1,1
178.663375800,1,0
178.663384400,1,1
178.663410600,1,0
178.663453800,1,1
178.663471200,1,0
178.663549000,1,1
178.663566400,1,0
178.663575000,1,1
178.663583800,1,0
178.663592400,1,1
178.663609800,1,0
178.663644400,1,1
178.663661800,1,0
178.663739600,1,1
178.663757000,1,0
178.663774400,1,1
178.663783000,1,0
178.663835000,1,1
178.663852400,1,0
178.663861000,1,1
178.663869600,1,0
178.663930200,1,1
178.663947600,1,0
178.663964800,1,1
178.663973600,1,0
178.664025600,1,1
178.664043000,1,0
178.664120800,1,1
178.664138200,1,0
178.664216200,1,1
178.664233600,1,0
178.664250800,1,1
178.664259600,1,0
178.664311400,1,1
178.664328800,1,0
178.664337400,1,1
178.664346200,1,0
178.664406600,1,1
178.664424000,1,0
178.664450000,1,1
178.664458800,1,0
178.664502000,1,1
178.664536800,1,0
178.664545200,1,1
178.664562800,1,0
178.664614600,1,1
178.664632000,1,0
178.664640600,1,1
178.664649400,1,0
178.664709800,1,1
178.664727400,1,0
178.664735800,1,1
178.664744600,1,0
178.664805200,1,1
178.664822600,1,0
178.664900400,1,1
178.664918000,1,0
178.664926400,1,1
178.664944000,1,0
178.664952400,1,1
178.664969800,1,0
178.664995800,1,1
178.665013200,1,0
178.665021800,1,1
178.665030600,1,0
178.665039200,1,1
178.665073800,1,0
178.665082400,1,1
178.665640200,0,1
178.665657600,1,1
178.665726800,0,1
178.665735400,1,1
178.665813400,0,1
178.665839400,1,1
178.665848000,0,1
178.665891200,1,1
178.665900000,0,1
178.665977800,1,1
178.665986400,0,1
178.666003800,1,1
178.666012400,0,1
178.666064400,1,1
178.666073000,0,1
178.666081600,1,1
178.666099000,0,1
178.666150800,1,1
178.666159600,0,1
178.666237400,1,1
178.666246000,0,1
178.666280600,1,1
178.666289400,0,1
178.666306600,1,1
178.666315200,0,1
178.666324000,1,1
178.666332600,0,1
178.666358600,1,1
178.666384600,0,1
178.666393200,1,1
178.666401800,0,1
178.666410400,1,1
178.688855000,1,0
178.688872200,1,1
178.688959000,1,0
178.688967600,1,1
178.689054200,1,0
178.689062800,1,1
178.689088800,1,0
178.689132200,1,1
178.689149600,1,0
178.689227400,1,1
178.689244800,1,0
178.689305400,1,1
178.689314200,1,0
178.689322800,1,1
178.689340200,1,0
178.689418000,1,1
178.689435400,1,0
178.689444000,1,1
178.689461400,1,0
178.689513400,1,1
178.689530800,1,0
178.689539400,1,1
178.689548000,1,0
178.689608600,1,1
178.689626000,1,0
178.689643400,1,1
178.689652000,1,0
178.689704000,1,1
178.689721400,1,0
178.689799200,1,1
178.689834000,1,0
178.689911800,1,1
178.689929400,1,0
178.689946600,1,1
178.689955200,1,0
178.690007200,1,1
178.690024600,1,0
178.690033200,1,1
178.690042000,1,0
178.690102400,1,1
178.690119800,1,0
178.690128400,1,1
178.690137200,1,0
178.690197800,1,1
178.690215200,1,0
178.690223800,1,1
178.690241200,1,0
178.690293000,1,1
178.690310600,1,0
178.690319000,1,1
178.690327800,1,0
178.690388400,1,1
178.690405800,1,0
178.690483600,1,1
178.690501200,1,0
178.690527000,1,1
178.690535800,1,0
178.690579000,1,1
178.690596400,1,0
178.690605000,1,1
178.690613800,1,0
178.690674400,1,1
178.690709000,1,0
178.690717600,1,1
178.690735000,1,0
178.690743600,1,1
178.690778400,1,0
178.690787000,1,1
178.690804400,1,0
178.690813000,1,1
178.690821600,1,0
178.690830200,1,1
178.690839000,1,0
178.690882200,1,1
178.690899600,1,0
178.690908200,1,1
178.690917000,1,0
178.690977600,1,1
178.690995000,1,0
178.691003600,1,1
178.691021000,1,0
178.691029600,1,1
178.691064200,1,0
178.691072800,1,1
178.691090200,1,0
178.691107600,1,1
178.691116200,1,0
178.691124800,1,1
178.691133600,1,0
178.691168200,1,1
178.691185600,1,0
178.691194200,1,1
178.691203000,1,0
178.691263400,1,1
178.691280800,1,0
178.691298200,1,1
178.691306800,1,0
178.691358800,1,1
178.691376200,1,0
178.691402000,1,1
178.691419400,1,0
178.691454000,1,1
178.691471400,1,0
178.691480000,1,1
178.691488800,1,0
178.691549400,1,1
178.691566800,1,0
178.691644600,1,1
178.691662000,1,0
178.691670600,1,1
178.691679400,1,0
178.691688000,1,1
178.691705400,1,0
178.691740000,1,1
178.691757400,1,0
178.691766000,1,1
178.691774800,1,0
178.691835200,1,1
178.691852600,1,0
178.691869800,1,1
178.691878600,1,0
178.691930600,1,1
178.691965200,1,0
178.692008600,1,1
178.692017200,1,0
178.692043200,1,1
178.692060600,1,0
178.692069200,1,1
178.692078000,1,0
178.692138400,1,1
178.692216600,1,0
178.692294400,1,1
178.692311800,1,0
178.692320400,1,1
178.692329200,1,0
178.692355000,1,1
178.692363800,1,0
178.692389600,1,1
178.692407000,1,0
178.692424400,1,1
178.692433000,1,0
178.692485000,1,1
178.692502400,1,0
178.692580200,1,1
178.692597600,1,0
178.692675600,1,1
178.692693000,1,0
178.692744800,1,1
178.692753600,1,0
178.692770800,1,1
178.692788200,1,0
178.692796800,1,1
178.692805600,1,0
178.692866200,1,1
178.692883600,1,0
178.692909400,1,1
178.692918200,1,0
178.692961400,1,1
178.692978800,1,0
178.692987400,1,1
178.692996200,1,0
178.693030800,1,1
178.693039600,1,0
178.693056800,1,1
178.693091400,1,0
178.693108800,1,1
178.693117400,1,0
178.693169400,1,1
178.693186800,1,0
178.693264600,1,1
178.693282000,1,0
178.693290600,1,1
178.693299400,1,0
178.693325400,1,1
178.693334000,1,0
178.693360000,1,1
178.693377400,1,0
178.693394600,1,1
178.693403400,1,0
178.693412000,1,1
178.693420600,1,0
178.693429200,1,1
178.693438000,1,0
178.693455200,1,1
178.693472600,1,0
178.693481200,1,1
178.693490000,1,0
178.693550600,1,1
178.693568000,1,0
178.693576600,1,1
178.693585200,1,0
178.693645800,1,1
178.693663200,1,0
178.693671800,1,1
178.693689200,1,0
178.693697800,1,1
178.693706600,1,0
178.693715200,1,1
178.693724000,1,0
178.693741200,1,1
178.693758600,1,0
178.693767200,1,1
178.693775800,1,0
178.693836400,1,1
178.693853800,1,0
178.693862400,1,1
178.693871200,1,0
178.693931800,1,1
178.693966400,1,0
178.693992400,1,1
178.694009800,1,0
178.694018400,1,1
178.694027200,1,0
178.694044400,1,1
178.694061800,1,0
178.694070400,1,1
178.694079000,1,0
178.694139600,1,1
178.694157000,1,0
178.694183000,1,1
178.694191800,1,0
178.694235000,1,1
178.694252400,1,0
178.694295600,1,1
178.694313000,1,0
178.694330200,1,1
178.694347600,1,0
178.694356200,1,1
178.694365000,1,0
178.694425600,1,1
178.694443000,1,0
178.694468800,1,1
178.694477600,1,0
178.694494800,1,1
178.694512200,1,0
178.694520800,1,1
178.694538200,1,0
178.694564200,1,1
178.694573000,1,0
178.694581600,1,1
178.694599000,1,0
178.694616200,1,1
178.694633600,1,0
178.694642200,1,1
178.694651000,1,0
178.694711400,1,1
178.694728800,1,0
178.694806800,1,1
178.694841600,1,0
178.694858800,1,1
178.694876200,1,0
178.694884800,1,1
178.694902200,1,0
178.694919400,1,1
178.694936800,1,0
178.694945400,1,1
178.694954200,1,0
178.695014600,1,1
178.695032200,1,0
178.695110000,1,1
178.695127400,1,0
178.695188000,1,1
178.695196800,1,0
178.695205400,1,1
178.695222800,1,0
178.695240000,1,1
178.695248800,1,0
178.695300600,1,1
178.695318000,1,0
178.695396000,1,1
178.695413400,1,0
178.695491200,1,1
178.695508600,1,0
178.695586600,1,1
178.695604000,1,0
178.695612400,1,1
178.695621200,1,0
178.695638400,1,1
178.695647200,1,0
178.695655800,1,1
178.695664600,1,0
178.695681800,1,1
178.695699200,1,0
178.695707800,1,1
178.695716600,1,0
178.695733800,1,1
178.695742600,1,0
178.695751200,1,1
178.695759800,1,0
178.695768400,1,1
178.698420800,0,1
178.698438200,1,1
178.698507400,0,1
178.698516000,1,1
178.698594000,0,1
178.698619800,1,1
178.698628600,0,1
178.698671800,1,1
178.698680400,0,1
178.698758400,1,1
178.698767000,0,1
178.698784400,1,1
178.698793000,0,1
178.698844800,1,1
178.698853600,0,1
178.698879600,1,1
178.698888200,0,1
178.698931400,1,1
178.698940000,0,1
178.699018000,1,1
178.699026600,0,1
178.699035200,1,1
178.699044000,0,1
178.699069800,1,1
178.699078600,0,1
178.699087200,1,1
178.699113200,0,1
178.699121800,1,1
178.699139200,0,1
178.699147800,1,1
178.699156400,0,1
178.699173800,1,1
178.723421000,1,0
178.723438200,1,1
178.723525000,1,0
178.723533600,1,1
178.723620400,1,0
178.723628800,1,1
178.723655000,1,0
178.723698200,1,1
178.723715600,1,0
178.723793400,1,1
178.723811000,1,0
178.723854200,1,1
178.723862800,1,0
178.723888800,1,1
178.723906200,1,0
178.723984000,1,1
178.724001600,1,0
178.724027400,1,1
178.724036200,1,0
178.724079400,1,1
178.724096800,1,0
178.724105400,1,1
178.724114200,1,0
178.724174600,1,1
178.724192200,1,0
178.724209400,1,1
178.724218000,1,0
178.724270000,1,1
178.724287400,1,0
178.724365200,1,1
178.724400000,1,0
178.724477800,1,1
178.724495200,1,0
178.724512400,1,1
178.724521200,1,0
178.724573200,1,1
178.724590600,1,0
178.724599000,1,1
178.724607800,1,0
178.724668400,1,1
178.724685800,1,0
178.724763600,1,1
178.724781200,1,0
178.724789600,1,1
178.724807000,1,0
178.724859000,1,1
178.724876400,1,0
178.724885000,1,1
178.724893800,1,0
178.724954200,1,1
178.724971600,1,0
178.725049600,1,1
178.725067000,1,0
178.725092800,1,1
178.725101600,1,0
178.725144800,1,1
178.725162200,1,0
178.725170800,1,1
178.725179600,1,0
178.725240200,1,1
178.725275000,1,0
178.725352800,1,1
178.725370200,1,0
178.725448000,1,1
178.725465400,1,0
178.725474000,1,1
178.725482800,1,0
178.725491400,1,1
178.725500200,1,0
178.725508600,1,1
178.725517400,1,0
178.725526000,1,1
178.725534800,1,0
178.725543400,1,1
178.725560800,1,0
178.725569400,1,1
178.725578000,1,0
178.725586600,1,1
178.725595400,1,0
178.725604000,1,1
178.725612800,1,0
178.725621400,1,1
178.725630000,1,0
178.725638600,1,1
179.676057000,0,1
179.676074400,1,1
179.676143600,0,1
179.676152200,1,1
179.676230000,0,1
179.676256000,1,1
179.676264600,0,1
179.676308000,1,1
179.676316600,0,1
179.676394400,1,1
179.676403200,0,1
179.676420400,1,1
179.676429200,0,1
179.676481000,1,1
179.676489600,0,1
179.676507000,1,1
179.676515600,0,1
179.676567600,1,1
179.676576200,0,1
179.676654200,1,1
179.676662800,0,1
179.676671400,1,1
179.676688800,0,1
179.676697400,1,1
179.676732000,0,1
179.676740600,1,1
179.676749400,0,1
179.676758000,1,1
179.676766600,0,1
179.676775200,1,1
179.676792600,0,1
179.676801200,1,1
179.676818600,0,1
179.676827200,1,1
179.700706800,1,0
179.700724000,1,1
179.700802000,1,0
179.700810600,1,1
179.700897400,1,0
179.700905800,1,1
179.700932000,1,0
179.700975200,1,1
179.700992600,1,0
179.701070400,1,1
179.701087800,1,0
179.701096400,1,1
179.701105200,1,0
179.701113800,1,1
179.701131200,1,0
179.701165800,1,1
179.701183200,1,0
179.701261000,1,1
179.701278400,1,0
179.701295600,1,1
179.701304400,1,0
179.701356400,1,1
179.701373800,1,0
179.701382400,1,1
179.701391000,1,0
179.701451600,1,1
179.701469000,1,0
179.701486200,1,1
179.701495000,1,0
179.701547000,1,1
179.701564400,1,0
179.701642200,1,1
179.701659600,1,0
179.701737400,1,1
179.701754800,1,0
179.701772200,1,1
179.701780800,1,0
179.701832800,1,1
179.701850200,1,0
179.701858800,1,1
179.701867600,1,0
179.701928000,1,1
179.701945400,1,0
179.701971400,1,1
179.701980200,1,0
179.702023400,1,1
179.702040800,1,0
179.702049400,1,1
179.702066800,1,0
179.702118600,1,1
179.702136000,1,0
179.702144600,1,1
179.702153400,1,0
179.702214000,1,1
179.702248600,1,0
179.702257200,1,1
179.702266000,1,0
179.702326600,1,1
179.702344000,1,0
179.702421800,1,1
179.702439200,1,0
179.702447800,1,1
179.702465200,1,0
179.702473800,1,1
179.702491200,1,0
179.702517000,1,1
179.702534400,1,0
179.702543000,1,1
179.702551800,1,0
179.702560400,1,1
179.702595200,1,0
179.702603600,1,1
179.703152000,0,1
179.703169400,1,1
179.703238600,0,1
179.703247200,1,1
179.703325200,0,1
179.703351000,1,1
179.703359800,0,1
179.703403000,1,1
179.703411600,0,1
179.703489600,1,1
179.703498200,0,1
179.703515400,1,1
179.703524200,0,1
179.703576000,1,1
179.703584800,0,1
179.703593400,1,1
179.703610600,0,1
179.703662600,1,1
179.703671200,0,1
179.703749200,1,1
179.703757800,0,1
179.703792400,1,1
179.703801000,0,1
179.703818400,1,1
179.703827000,0,1
179.703835600,1,1
179.703844400,0,1
179.703870200,1,1
179.703896200,0,1
179.703905000,1,1
179.703913600,0,1
179.703922200,1,1
179.726460800,1,0
179.726478000,1,1
179.726556000,1,0
179.726564600,1,1
179.726668600,1,0
179.726677200,1,1
179.726703200,1,0
179.726746600,1,1
179.726764000,1,0
179.726841800,1,1
179.726859200,1,0
179.726919800,1,1
179.726928600,1,0
179.726937000,1,1
179.726954600,1,0
179.727032400,1,1
179.727049800,1,0
179.727058400,1,1
179.727075800,1,0
179.727127600,1,1
179.727145000,1,0
179.727153600,1,1
179.727162400,1,0
179.727223000,1,1
179.727240400,1,0
179.727257600,1,1
179.727266400,1,0
179.727318200,1,1
179.727335600,1,0
179.727413600,1,1
179.727431000,1,0
179.727508800,1,1
179.727543600,1,0
179.727560800,1,1
179.727569600,1,0
179.727621400,1,1
179.727638800,1,0
179.727647400,1,1
179.727656200,1,0
179.727716800,1,1
179.727734200,1,0
179.727742800,1,1
179.727751400,1,0
179.727812000,1,1
179.727829400,1,0
179.727838000,1,1
179.727855400,1,0
179.727907400,1,1
179.727924800,1,0
179.727933400,1,1
179.727942000,1,0
179.728002600,1,1
179.728020000,1,0
179.728098000,1,1
179.728115400,1,0
179.728141200,1,1
179.728150000,1,0
179.728193200,1,1
179.728210600,1,0
179.728219200,1,1
179.728228000,1,0
179.728288400,1,1
179.728305800,1,0
179.728314400,1,1
179.728331800,1,0
179.728340400,1,1
179.728375200,1,0
179.728383800,1,1
179.728427200,1,0
179.728435800,1,1
179.728444400,1,0
179.728453000,1,1
179.728461800,1,0
179.728505000,1,1
179.728522400,1,0
179.728531000,1,1
179.728539800,1,0
179.728600400,1,1
179.728617800,1,0
179.728626400,1,1
179.728643800,1,0
179.728652200,1,1
179.728687000,1,0
179.728695600,1,1
179.728713000,1,0
179.728730200,1,1
179.728739000,1,0
179.728747600,1,1
179.728756400,1,0
179.728790800,1,1
179.728808400,1,0
179.728816800,1,1
179.728825600,1,0
179.728886200,1,1
179.728921000,1,0
179.728938200,1,1
179.728947000,1,0
179.728998800,1,1
179.729016200,1,0
179.729042200,1,1
179.729059600,1,0
179.729094000,1,1
179.729111600,1,0
179.729120000,1,1
179.729128800,1,0
179.729189400,1,1
179.729206800,1,0
179.729284600,1,1
179.729302000,1,0
179.729310600,1,1
179.729319400,1,0
179.729328000,1,1
179.729345400,1,0
179.729380000,1,1
179.729397400,1,0
179.729406000,1,1
179.729414800,1,0
179.729475200,1,1
179.729492600,1,0
179.729509800,1,1
179.729518600,1,0
179.729570600,1,1
179.729588000,1,0
179.729631200,1,1
179.729640000,1,0
179.729665800,1,1
179.729683200,1,0
179.729691800,1,1
179.729700600,1,0
179.729761200,1,1
179.729795800,1,0
179.729873800,1,1
179.729891200,1,0
179.729899800,1,1
179.729908400,1,0
179.729934400,1,1
179.729943200,1,0
179.729969000,1,1
179.729986400,1,0
179.730003600,1,1
179.730012400,1,0
179.730064400,1,1
179.730081800,1,0
179.730159600,1,1
179.730177000,1,0
179.730254800,1,1
179.730272400,1,0
179.730324200,1,1
179.730333000,1,0
179.730350200,1,1
179.730367600,1,0
179.730376200,1,1
179.730385000,1,0
179.730445400,1,1
179.730463000,1,0
179.730488800,1,1
179.730497600,1,0
179.730540800,1,1
179.730558200,1,0
179.730566800,1,1
179.730575600,1,0
179.730610000,1,1
179.730618800,1,0
179.730636000,1,1
179.730653600,1,0
179.730670800,1,1
179.730679400,1,0
179.730731400,1,1
179.730748800,1,0
179.730826600,1,1
179.730844000,1,0
179.730861400,1,1
179.730870000,1,0
179.730887400,1,1
179.730896000,1,0
179.730922000,1,1
179.730939400,1,0
179.730956600,1,1
179.730965400,1,0
179.730974000,1,1
179.730982800,1,0
179.730991200,1,1
179.731000000,1,0
179.731017200,1,1
179.731043400,1,0
179.731052000,1,1
179.731060600,1,0
179.731121200,1,1
179.731138600,1,0
179.731147200,1,1
179.731156000,1,0
179.731216400,1,1
179.731234000,1,0
179.731242400,1,1
179.731260000,1,0
179.731268400,1,1
179.731277200,1,0
179.731285800,1,1
179.731294600,1,0
179.731311800,1,1
179.731329200,1,0
179.731337800,1,1
179.731346600,1,0
179.731407000,1,1
179.731433200,1,0
179.731441800,1,1
179.731450400,1,0
179.731511000,1,1
179.731528400,1,0
179.731554400,1,1
179.731571800,1,0
179.731580400,1,1
179.731589000,1,0
179.731606400,1,1
179.731623800,1,0
179.731632200,1,1
179.731641000,1,0
179.731701600,1,1
179.731719000,1,0
179.731744800,1,1
179.731753600,1,0
179.731796800,1,1
179.731814200,1,0
179.731857600,1,1
179.731875000,1,0
179.731892200,1,1
179.731927000,1,0
179.731935400,1,1
179.731944200,1,0
179.732004800,1,1
179.732022200,1,0
179.732048200,1,1
179.732056800,1,0
179.732074000,1,1
179.732091600,1,0
179.732100000,1,1
179.732117600,1,0
179.732143400,1,1
179.732152200,1,0
179.732160800,1,1
179.732178200,1,0
179.732195400,1,1
179.732212800,1,0
179.732221400,1,1
179.732230200,1,0
179.732290600,1,1
179.732308000,1,0
179.732386000,1,1
179.732403400,1,0
179.732420600,1,1
179.732438000,1,0
179.732446600,1,1
179.732464000,1,0
179.732481200,1,1
179.732498600,1,0
179.732507200,1,1
179.732516000,1,0
179.732576600,1,1
179.732594000,1,0
179.732671800,1,1
179.732689200,1,0
179.732749800,1,1
179.732758600,1,0
179.732767200,1,1
179.732801800,1,0
179.732819000,1,1
179.732827800,1,0
179.732879800,1,1
179.732897200,1,0
179.732975000,1,1
179.732992400,1,0
179.733070400,1,1
179.733087800,1,0
179.733165600,1,1
179.733183000,1,0
179.733226200,1,1
179.733252400,1,0
179.733260800,1,1
179.733278400,1,0
179.733304200,1,1
179.733321600,1,0
179.733330200,1,1
179.733339000,1,0
179.733347600,1,1
179.756087200,0,1
179.756104600,1,1
179.756173800,0,1
179.756182400,1,1
179.756260400,0,1
179.756286400,1,1
179.756295000,0,1
179.756338200,1,1
179.756346800,0,1
179.756424800,1,1
179.756433400,0,1
179.756450800,1,1
179.756459400,0,1
179.756511400,1,1
179.756520000,0,1
179.756546000,1,1
179.756554600,0,1
179.756597800,1,1
179.756606400,0,1
179.756684400,1,1
179.756693000,0,1
179.756701600,1,1
179.756710400,0,1
179.756736200,1,1
179.756745000,0,1
179.756753600,1,1
179.756779600,0,1
179.756788200,1,1
179.756805600,0,1
179.756814200,1,1
179.756822800,0,1
179.756840200,1,1
179.780912400,1,0
179.780929600,1,1
179.781016400,1,0
179.781025000,1,1
179.781111600,1,0
179.781120200,1,1
179.781146400,1,0
179.781189600,1,1
179.781207000,1,0
179.781284800,1,1
179.781302200,1,0
179.781345400,1,1
179.781354200,1,0
179.781380200,1,1
179.781397600,1,0
179.781475400,1,1
179.781518800,1,0
179.781544600,1,1
179.781553400,1,0
179.781596600,1,1
179.781614000,1,0
179.781622600,1,1
179.781631400,1,0
179.781692000,1,1
179.781709400,1,0
179.781726600,1,1
179.781735400,1,0
179.781787200,1,1
179.781804600,1,0
179.781882600,1,1
179.781900000,1,0
179.781977800,1,1
179.782012600,1,0
179.782029800,1,1
179.782038600,1,0
179.782090400,1,1
179.782107800,1,0
179.782116400,1,1
179.782125200,1,0
179.782185600,1,1
179.782203000,1,0
179.782281000,1,1
179.782298400,1,0
179.782307000,1,1
179.782324400,1,0
179.782376200,1,1
179.782393600,1,0
179.782402200,1,1
179.782411000,1,0
179.782471400,1,1
179.782488800,1,0
179.782566800,1,1
179.782584200,1,0
179.782610000,1,1
179.782618800,1,0
179.782662000,1,1
179.782679400,1,0
179.782688000,1,1
179.782696800,1,0
179.782757400,1,1
179.782774800,1,0
179.782852600,1,1
179.782887400,1,0
179.782965200,1,1
179.782982600,1,0
179.782991200,1,1
179.783000000,1,0
179.783008600,1,1
179.783017200,1,0
179.783025800,1,1
179.783034600,1,0
179.783043200,1,1
179.783052000,1,0
179.783060400,1,1
179.783077800,1,0
179.783086400,1,1
179.783095200,1,0
179.783103800,1,1
179.783112600,1,0
179.783121200,1,1
179.783129800,1,0
179.783138400,1,1
179.783147200,1,0
179.783155800,1,1
180.686023600,0,1
180.686041000,1,1
180.686110200,0,1
180.686118800,1,1
180.686196800,0,1
180.686222800,1,1
180.686231400,0,1
180.686274600,1,1
180.686283400,0,1
180.686361200,1,1
180.686369800,0,1
180.686387200,1,1
180.686395800,0,1
180.686447800,1,1
180.686456400,0,1
180.686473600,1,1
180.686482400,0,1
180.686534200,1,1
180.686543000,0,1
180.686620800,1,1
180.686629400,0,1
180.686638200,1,1
180.686655400,0,1
180.686664000,1,1
180.686698600,0,1
180.686707400,1,1
180.686716000,0,1
180.686724600,1,1
180.686733200,0,1
180.686742000,1,1
180.686759200,0,1
180.686768000,1,1
180.686785200,0,1
180.686793800,1,1
180.708277600,1,0
180.708294800,1,1
180.708372800,1,0
180.708381400,1,1
180.708468200,1,0
180.708476800,1,1
180.708502800,1,0
180.708546000,1,1
180.708563400,1,0
180.708641400,1,1
180.708658800,1,0
180.708667400,1,1
180.708676000,1,0
180.708684600,1,1
180.708702000,1,0
180.708736600,1,1
180.708754000,1,0
180.708832000,1,1
180.708849400,1,0
180.708866600,1,1
180.708875400,1,0
180.708927200,1,1
180.708944600,1,0
180.708953200,1,1
180.708962000,1,0
180.709022600,1,1
180.709040000,1,0
180.709057200,1,1
180.709066000,1,0
180.709117800,1,1
180.709152600,1,0
180.709230400,1,1
180.709247800,1,0
180.709325600,1,1
180.709343200,1,0
180.709360400,1,1
180.709369200,1,0
180.709421000,1,1
180.709438400,1,0
180.709447000,1,1
180.709455800,1,0
180.709516400,1,1
180.709577000,1,0
180.709603000,1,1
180.709611600,1,0
180.709655000,1,1
180.709672400,1,0
180.709681000,1,1
180.709698400,1,0
180.709750200,1,1
180.709785000,1,0
180.709793600,1,1
180.709802200,1,0
180.709862800,1,1
180.709880200,1,0
180.709888800,1,1
180.709897600,1,0
180.709958200,1,1
180.709975600,1,0
180.710053400,1,1
180.710070800,1,0
180.710079400,1,1
180.710096800,1,0
180.710105400,1,1
180.710122800,1,0
180.710148600,1,1
180.710166200,1,0
180.710174600,1,1
180.710183400,1,0
180.710192000,1,1
180.710226800,1,0
180.710235400,1,1
180.710799400,0,1
180.710816800,1,1
180.710886000,0,1
180.710894600,1,1
180.710972600,0,1
180.710998600,1,1
180.711007200,0,1
180.711050400,1,1
180.711059200,0,1
180.711137000,1,1
180.711145600,0,1
180.711163000,1,1
180.711171600,0,1
180.711223600,1,1
180.711232200,0,1
180.711240800,1,1
180.711258200,0,1
180.711310000,1,1
180.711318800,0,1
180.711396600,1,1
180.711405200,0,1
180.711439800,1,1
180.711448600,0,1
180.711465800,1,1
180.711474400,0,1
180.711483200,1,1
180.711491800,0,1
180.711517800,1,1
180.711543800,0,1
180.711552400,1,1
180.711561000,0,1
180.711569600,1,1
180.734001200,1,0
180.734018400,1,1
180.734096400,1,0
180.734105000,1,1
180.734200400,1,0
180.734209000,1,1
180.734235000,1,0
180.734278200,1,1
180.734295800,1,0
180.734373600,1,1
180.734391000,1,0
180.734451600,1,1
180.734460400,1,0
180.734469000,1,1
180.734486400,1,0
180.734564200,1,1
180.734581600,1,0
180.734590200,1,1
180.734607600,1,0
180.734659600,1,1
180.734677000,1,0
180.734685600,1,1
180.734694200,1,0
180.734754800,1,1
180.734772200,1,0
180.734789400,1,1
180.734798200,1,0
180.734850200,1,1
180.734954200,1,0
180.735032200,1,1
180.735049600,1,0
180.735127400,1,1
180.735144800,1,0
180.735162200,1,1
180.735170800,1,0
180.735222800,1,1
180.735240200,1,0
180.735248800,1,1
180.735257600,1,0
180.735318000,1,1
180.735335600,1,0
180.735344000,1,1
180.735352800,1,0
180.735413400,1,1
180.735430800,1,0
180.735439400,1,1
180.735456800,1,0
180.735508800,1,1
180.735526200,1,0
180.735534600,1,1
180.735543400,1,0
180.735604000,1,1
180.735621400,1,0
180.735699400,1,1
180.735716800,1,0
180.735742600,1,1
180.735751400,1,0
180.735794600,1,1
180.735838000,1,0
180.735846600,1,1
180.735855400,1,0
180.735916000,1,1
180.735933400,1,0
180.735942000,1,1
180.735959400,1,0
180.735968000,1,1
180.736002600,1,0
180.736011200,1,1
180.736028600,1,0
180.736037200,1,1
180.736046000,1,0
180.736054600,1,1
180.736063400,1,0
180.736106600,1,1
180.736124000,1,0
180.736132600,1,1
180.736141400,1,0
180.736201800,1,1
180.736219200,1,0
180.736227800,1,1
180.736245200,1,0
180.736253800,1,1
180.736288600,1,0
180.736297200,1,1
180.736332000,1,0
180.736349200,1,1
180.736358000,1,0
180.736366400,1,1
180.736375200,1,0
180.736409800,1,1
180.736427200,1,0
180.736435800,1,1
180.736444600,1,0
180.736505200,1,1
180.736522600,1,0
180.736539800,1,1
180.736548600,1,0
180.736600400,1,1
180.736617800,1,0
180.736643800,1,1
180.736661200,1,0
180.736695800,1,1
180.736713200,1,0
180.736721800,1,1
180.736730400,1,0
180.736791000,1,1
180.736808400,1,0
180.736886400,1,1
180.736903800,1,0
180.736912400,1,1
180.736921000,1,0
180.736929600,1,1
180.736947000,1,0
180.736981600,1,1
180.736999000,1,0
180.737007600,1,1
180.737016400,1,0
180.737077000,1,1
180.737094400,1,0
180.737111600,1,1
180.737120400,1,0
180.737172200,1,1
180.737207000,1,0
180.737250200,1,1
180.737259000,1,0
180.737285000,1,1
180.737302400,1,0
180.737310800,1,1
180.737319600,1,0
180.737380200,1,1
180.737397600,1,0
180.737475600,1,1
180.737493000,1,0
180.737501600,1,1
180.737510200,1,0
180.737536200,1,1
180.737545000,1,0
180.737570800,1,1
180.737588200,1,0
180.737605600,1,1
180.737614200,1,0
180.737666200,1,1
180.737683600,1,0
180.737761600,1,1
180.737779000,1,0
180.737856800,1,1
180.737874200,1,0
180.737926200,1,1
180.737935000,1,0
180.737952200,1,1
180.737969600,1,0
180.737978200,1,1
180.737986800,1,0
180.738047400,1,1
180.738064800,1,0
180.738090800,1,1
180.738099600,1,0
180.738142800,1,1
180.738160200,1,0
180.738168800,1,1
180.738177600,1,0
180.738212000,1,1
180.738220800,1,0
180.738238000,1,1
180.738255400,1,0
180.738272800,1,1
180.738281400,1,0
180.738333400,1,1
180.738350800,1,0
180.738428600,1,1
180.738454800,1,0
180.738463400,1,1
180.738480800,1,0
180.738498000,1,1
180.738506800,1,0
180.738532600,1,1
180.738550200,1,0
180.738567400,1,1
180.738576200,1,0
180.738584600,1,1
180.738593400,1,0
180.738602000,1,1
180.738610800,1,0
180.738628000,1,1
180.738645400,1,0
180.738654000,1,1
180.738662800,1,0
180.738723400,1,1
180.738740800,1,0
180.738749200,1,1
180.738758000,1,0
180.738818600,1,1
180.738836000,1,0
180.738844600,1,1
180.738862000,1,0
180.738870600,1,1
180.738879400,1,0
180.738888000,1,1
180.738896600,1,0
180.738914000,1,1
180.738931400,1,0
180.738939800,1,1
180.738948600,1,0
180.739009200,1,1
180.739026600,1,0
180.739035200,1,1
180.739044000,1,0
180.739104400,1,1
180.739122000,1,0
180.739147800,1,1
180.739165200,1,0
180.739173800,1,1
180.739182600,1,0
180.739199800,1,1
180.739217200,1,0
180.739225800,1,1
180.739234600,1,0
180.739295200,1,1
180.739312600,1,0
180.739338400,1,1
180.739347200,1,0
180.739390400,1,1
180.739407800,1,0
180.739451000,1,1
180.739468400,1,0
180.739485800,1,1
180.739503200,1,0
180.739511600,1,1
180.739520400,1,0
180.739581000,1,1
180.739598400,1,0
180.739624400,1,1
180.739633000,1,0
180.739650400,1,1
180.739667800,1,0
180.739676400,1,1
180.739711000,1,0
180.739737000,1,1
180.739745800,1,0
180.739754400,1,1
180.739771800,1,0
180.739789000,1,1
180.739806400,1,0
180.739815000,1,1
180.739823800,1,0
180.739884200,1,1
180.739901600,1,0
180.739979600,1,1
180.739997000,1,0
180.740014200,1,1
180.740031600,1,0
180.740040200,1,1
180.740057600,1,0
180.740074800,1,1
180.740092400,1,0
180.740100800,1,1
180.740109600,1,0
180.740170200,1,1
180.740187600,1,0
180.740265400,1,1
180.740283000,1,0
180.740343400,1,1
180.740352200,1,0
180.740360800,1,1
180.740378200,1,0
180.740395400,1,1
180.740404200,1,0
180.740456000,1,1
180.740473600,1,0
180.740551400,1,1
180.740568800,1,0
180.740646800,1,1
180.740664200,1,0
180.740742000,1,1
180.740759400,1,0
180.740768000,1,1
180.740794200,1,0
180.740820000,1,1
180.740828800,1,0
180.740837400,1,1
180.740854800,1,0
180.740863400,1,1
180.740898000,1,0
180.740906600,1,1
180.740915400,1,0
180.740924000,1,1
180.759996200,0,1
180.760013600,1,1
180.760082800,0,1
180.760091400,1,1
180.760169400,0,1
180.760195400,1,1
180.760204000,0,1
180.760247200,1,1
180.760256000,0,1
180.760333800,1,1
180.760342400,0,1
180.760359800,1,1
180.760368400,0,1
180.760420400,1,1
180.760429000,0,1
180.760455000,1,1
180.760463600,0,1
180.760506800,1,1
180.760515600,0,1
180.760593400,1,1
180.760602000,0,1
180.760610800,1,1
180.760619400,0,1
180.760645400,1,1
180.760654000,0,1
180.760662600,1,1
180.760688600,0,1
180.760697200,1,1
180.760714600,0,1
180.760723200,1,1
180.760731800,0,1
180.760749200,1,1
180.783489400,1,0
180.783506600,1,1
180.783584800,1,0
180.783593400,1,1
180.783680000,1,0
180.783688600,1,1
180.783714800,1,0
180.783758000,1,1
180.783775400,1,0
180.783853200,1,1
180.783870600,1,0
180.783913800,1,1
180.783922600,1,0
180.783948600,1,1
180.783966000,1,0
180.784043800,1,1
180.784061200,1,0
180.784087200,1,1
180.784096000,1,0
180.784139200,1,1
180.784165200,1,0
180.784173800,1,1
180.784182600,1,0
180.784243200,1,1
180.784260600,1,0
180.784277800,1,1
180.784286600,1,0
180.784338400,1,1
180.784355800,1,0
180.784433800,1,1
180.784451200,1,0
180.784529000,1,1
180.784546400,1,0
180.784563600,1,1
180.784572400,1,0
180.784624400,1,1
180.784641800,1,0
180.784650400,1,1
180.784659000,1,0
180.784719600,1,1
180.784763000,1,0
180.784841000,1,1
180.784858400,1,0
180.784867000,1,1
180.784884400,1,0
180.784936200,1,1
180.784953600,1,0
180.784962200,1,1
180.784971000,1,0
180.785031400,1,1
180.785049000,1,0
180.785126800,1,1
180.785144200,1,0
180.785170200,1,1
180.785178800,1,0
180.785222200,1,1
180.785239600,1,0
180.785248000,1,1
180.785256800,1,0
180.785317400,1,1
180.785334800,1,0
180.785412600,1,1
180.785430200,1,0
180.785508000,1,1
180.785525400,1,0
180.785534000,1,1
180.785542800,1,0
180.785551400,1,1
180.785560000,1,0
180.785568600,1,1
180.785577400,1,0
180.785586000,1,1
180.785594800,1,0
180.785603200,1,1
180.785620800,1,0
180.785629200,1,1
180.785638000,1,0
180.785646600,1,1
180.785655400,1,0
180.785664000,1,1
180.785672600,1,0
180.785681200,1,1
180.785690000,1,0
180.785698600,1,1
181.736031400,0,1
181.736048800,1,1
181.736118000,0,1
181.736126600,1,1
181.736204600,0,1
181.736230400,1,1
181.736239200,0,1
181.736282400,1,1
181.736291000,0,1
181.736369000,1,1
181.736377600,0,1
181.736395000,1,1
181.736403600,0,1
181.736455400,1,1
181.736464200,0,1
181.736481400,1,1
181.736490200,0,1
181.736542000,1,1
181.736550600,0,1
181.736628600,1,1
181.736637200,0,1
181.736645800,1,1
181.736663200,0,1
181.736671800,1,1
181.736706400,0,1
181.736715000,1,1
181.736723800,0,1
181.736732400,1,1
181.736741000,0,1
181.736749800,1,1
181.736767000,0,1
181.736775600,1,1
181.736793000,0,1
181.736801600,1,1
181.786015800,0,1
181.786033000,1,1
181.786102200,0,1
181.786111000,1,1
181.786188800,0,1
181.786214800,1,1
181.786223400,0,1
181.786266600,1,1
181.786275400,0,1
181.786353200,1,1
181.786361800,0,1
181.786379200,1,1
181.786387800,0,1
181.786439800,1,1
181.786448400,0,1
181.786457000,1,1
181.786474400,0,1
181.786526400,1,1
181.786535000,0,1
181.786612800,1,1
181.786621600,0,1
181.786656200,1,1
181.786664800,0,1
181.786682000,1,1
181.786690800,0,1
181.786699400,1,1
181.786708000,0,1
181.786734000,1,1
181.786760000,0,1
181.786768600,1,1
181.786777200,0,1
181.786786000,1,1
181.811570400,1,0
181.811587600,1,1
181.811665600,1,0
181.811674200,1,1
181.811760800,1,0
181.811769400,1,1
181.811795600,1,0
181.811838800,1,1
181.811856200,1,0
181.811934000,1,1
181.811951400,1,0
181.812012000,1,1
181.812020600,1,0
181.812029200,1,1
181.812046600,1,0
181.812124600,1,1
181.812142000,1,0
181.812150400,1,1
181.812168000,1,0
181.812219800,1,1
181.812237200,1,0
181.812245800,1,1
181.812254600,1,0
181.812315000,1,1
181.812332400,1,0
181.812349600,1,1
181.812358400,1,0
181.812410200,1,1
181.812427800,1,0
181.812505600,1,1
181.812523000,1,0
181.812600800,1,1
181.812635600,1,0
181.812652800,1,1
181.812661600,1,0
181.812713400,1,1
181.812730800,1,0
181.812739400,1,1
181.812748000,1,0
181.812808600,1,1
181.812826000,1,0
181.812834600,1,1
181.812843400,1,0
181.812903800,1,1
181.812921200,1,0
181.812929800,1,1
181.812947200,1,0
181.812999200,1,1
181.813016600,1,0
181.813025000,1,1
181.813033800,1,0
181.813094400,1,1
181.813111800,1,0
181.813189600,1,1
181.813207000,1,0
181.813232800,1,1
181.813241600,1,0
181.813284800,1,1
181.813302200,1,0
181.813310800,1,1
181.813319600,1,0
181.813380000,1,1
181.813397600,1,0
181.813406000,1,1
181.813423400,1,0
181.813432000,1,1
181.813466800,1,0
181.813475400,1,1
181.813510000,1,0
181.813518600,1,1
181.813527400,1,0
181.813536000,1,1
181.813544800,1,0
181.813588000,1,1
181.813605400,1,0
181.813613800,1,1
181.813622600,1,0
181.813683200,1,1
181.813700600,1,0
181.813709200,1,1
181.813726600,1,0
181.813735200,1,1
181.813769800,1,0
181.813778400,1,1
181.813795800,1,0
181.813813000,1,1
181.813821800,1,0
181.813830400,1,1
181.813839200,1,0
181.813873600,1,1
181.813891000,1,0
181.813899600,1,1
181.813908400,1,0
181.813968800,1,1
181.813986400,1,0
181.814003600,1,1
181.814012200,1,0
181.814064200,1,1
181.814081600,1,0
181.814107400,1,1
181.814124800,1,0
181.814159400,1,1
181.814176800,1,0
181.814185400,1,1
181.814194000,1,0
181.814254600,1,1
181.814272000,1,0
181.814349800,1,1
181.814384600,1,0
181.814393200,1,1
181.814402000,1,0
181.814410400,1,1
181.814427800,1,0
181.814462400,1,1
181.814479800,1,0
181.814488400,1,1
181.814497200,1,0
181.814557600,1,1
181.814575000,1,0
181.814592400,1,1
181.814601000,1,0
181.814653000,1,1
181.814670400,1,0
181.814713600,1,1
181.814722400,1,0
181.814748200,1,1
181.814765600,1,0
181.814774200,1,1
181.814783000,1,0
181.814843400,1,1
181.814860800,1,0
181.814938800,1,1
181.814956200,1,0
181.814964800,1,1
181.814973400,1,0
181.814999400,1,1
181.815008000,1,0
181.815034000,1,1
181.815051400,1,0
181.815068600,1,1
181.815077400,1,0
181.815129200,1,1
181.815146600,1,0
181.815224400,1,1
181.815241800,1,0
181.815319800,1,1
181.815337200,1,0
181.815389000,1,1
181.815397800,1,0
181.815415000,1,1
181.815432400,1,0
181.815441000,1,1
181.815449800,1,0
181.815510200,1,1
181.815527600,1,0
181.815553600,1,1
181.815562200,1,0
181.815605400,1,1
181.815640200,1,0
181.815648800,1,1
181.815657600,1,0
181.815692000,1,1
181.815700800,1,0
181.815718000,1,1
181.815735400,1,0
181.815752600,1,1
181.815761400,1,0
181.815813200,1,1
181.815830800,1,0
181.815908600,1,1
181.815926000,1,0
181.815934600,1,1
181.815952000,1,0
181.815969200,1,1
181.815978000,1,0
181.816003800,1,1
181.816021200,1,0
181.816038400,1,1
181.816047200,1,0
181.816055800,1,1
181.816064400,1,0
181.816073000,1,1
181.816081800,1,0
181.816099000,1,1
181.816116400,1,0
181.816125000,1,1
181.816133800,1,0
181.816194200,1,1
181.816211600,1,0
181.816220200,1,1
181.816229000,1,0
181.816289600,1,1
181.816307000,1,0
181.816315400,1,1
181.816333000,1,0
181.816341400,1,1
181.816350200,1,0
181.816358800,1,1
181.816367600,1,0
181.816384800,1,1
181.816402200,1,0
181.816410800,1,1
181.816419600,1,0
181.816480000,1,1
181.816532000,1,0
181.816540600,1,1
181.816549400,1,0
181.816610000,1,1
181.816636000,1,0
181.816661800,1,1
181.816679200,1,0
181.816687800,1,1
181.816696600,1,0
181.816713800,1,1
181.816783200,1,0
181.816791800,1,1
181.816800600,1,0
181.816861000,1,1
181.816887200,1,0
181.816913000,1,1
181.816921800,1,0
181.816965000,1,1
181.816982400,1,0
181.817025600,1,1
181.817043000,1,0
181.817060200,1,1
181.817077600,1,0
181.817086200,1,1
181.817095000,1,0
181.817155400,1,1
181.817172800,1,0
181.817198800,1,1
181.817207600,1,0
181.817224800,1,1
181.817242200,1,0
181.817250800,1,1
181.817268200,1,0
181.817294000,1,1
181.817302800,1,0
181.817311400,1,1
181.817328800,1,0
181.817346000,1,1
181.817363400,1,0
181.817372000,1,1
181.817380600,1,0
181.817441200,1,1
181.817458600,1,0
181.817536400,1,1
181.817553800,1,0
181.817571200,1,1
181.817588600,1,0
181.817597000,1,1
181.817614400,1,0
181.817631800,1,1
181.817649200,1,0
181.817657600,1,1
181.817666400,1,0
181.817727000,1,1
181.817770400,1,0
181.817848200,1,1
181.817865600,1,0
181.817926200,1,1
181.817934800,1,0
181.817943400,1,1
181.817960800,1,0
181.817978000,1,1
181.817986800,1,0
181.818038600,1,1
181.818056000,1,0
181.818134000,1,1
181.818151400,1,0
181.818229200,1,1
181.818264000,1,0
181.818341800,1,1
181.818359200,1,0
181.818367800,1,1
181.818393800,1,0
181.818419800,1,1
181.818428600,1,0
181.818437000,1,1
181.818454400,1,0
181.818463000,1,1
181.818497800,1,0
181.818506400,1,1
181.818515200,1,0
181.818523600,1,1
181.821331800,0,1
181.821349200,1,1
181.821418400,0,1
181.821427000,1,1
181.821505000,0,1
181.821530800,1,1
181.821539600,0,1
181.821582800,1,1
181.821591400,0,1
181.821669400,1,1
181.821678000,0,1
181.821695400,1,1
181.821704000,0,1
181.821755800,1,1
181.821764600,0,1
181.821790600,1,1
181.821799200,0,1
181.821842400,1,1
181.821851000,0,1
181.821929000,1,1
181.821937600,0,1
181.821946200,1,1
181.821955000,0,1
181.821980800,1,1
181.821989600,0,1
181.821998200,1,1
181.822024200,0,1
181.822032800,1,1
181.822050200,0,1
181.822058800,1,1
181.822067400,0,1
181.822084800,1,1
181.846075800,1,0
181.846093000,1,1
181.846171000,1,0
181.846179600,1,1
181.846266400,1,0
181.846275000,1,1
181.846301000,1,0
181.846344200,1,1
181.846361600,1,0
181.846439400,1,1
181.846456800,1,0
181.846500000,1,1
181.846508800,1,0
181.846534800,1,1
181.846552200,1,0
181.846630000,1,1
181.846647400,1,0
181.846673200,1,1
181.846682000,1,0
181.846725200,1,1
181.846742600,1,0
181.846751200,1,1
181.846760000,1,0
181.846820600,1,1
181.846838000,1,0
181.846855200,1,1
181.846863800,1,0
181.846915800,1,1
181.846933200,1,0
181.847011000,1,1
181.847028400,1,0
181.847106200,1,1
181.847123800,1,0
181.847141000,1,1
181.847149600,1,0
181.847201600,1,1
181.847219000,1,0
181.847227600,1,1
181.847236200,1,0
181.847296800,1,1
181.847314200,1,0
181.847392000,1,1
181.847418200,1,0
181.847426800,1,1
181.847444200,1,0
181.847496000,1,1
181.847513400,1,0
181.847522000,1,1
181.847530800,1,0
181.847591200,1,1
181.847608600,1,0
181.847686600,1,1
181.847704000,1,0
181.847729800,1,1
181.847738600,1,0
181.847781800,1,1
181.847799200,1,0
181.847807800,1,1
181.847816600,1,0
181.847877000,1,1
181.847894400,1,0
181.847972200,1,1
181.847989800,1,0
181.848067600,1,1
181.848085000,1,0
181.848093600,1,1
181.848102400,1,0
181.848110800,1,1
181.848119600,1,0
181.848128200,1,1
181.848137000,1,0
181.848145600,1,1
181.848154200,1,0
181.848162800,1,1
181.848180200,1,0
181.848188800,1,1
181.848197600,1,0
181.848206200,1,1
181.848214800,1,0
181.848223400,1,1
181.848232200,1,0
181.848240800,1,1
181.848249600,1,0
181.848258200,1,1
182.748014400,0,1
182.748031800,1,1
182.748101000,0,1
182.748109600,1,1
182.748187600,0,1
182.748213400,1,1
182.748222200,0,1
182.748265400,1,1
182.748274000,0,1
182.748352000,1,1
182.748360600,0,1
182.748377800,1,1
182.748386600,0,1
182.748438400,1,1
182.748447200,0,1
182.748464400,1,1
182.748473000,0,1
182.748525000,1,1
182.748533600,0,1
182.748611600,1,1
182.748620200,0,1
182.748628800,1,1
182.748646200,0,1
182.748654800,1,1
182.748689400,0,1
182.748698000,1,1
182.748706800,0,1
182.748715400,1,1
182.748724000,0,1
182.748732600,1,1
182.748750000,0,1
182.748758600,1,1
182.748776000,0,1
182.748784600,1,1
182.772874200,1,0
182.772891400,1,1
182.772969400,1,0
182.772978000,1,1
182.773064600,1,0
182.773073200,1,1
182.773099400,1,0
182.773142600,1,1
182.773160000,1,0
182.773237800,1,1
182.773255200,1,0
182.773263800,1,1
182.773272400,1,0
182.773281000,1,1
182.773298400,1,0
182.773333000,1,1
182.773350400,1,0
182.773428200,1,1
182.773445600,1,0
182.773463000,1,1
182.773471600,1,0
182.773523600,1,1
182.773541000,1,0
182.773549600,1,1
182.773558200,1,0
182.773618800,1,1
182.773636200,1,0
182.773653400,1,1
182.773662200,1,0
182.773714000,1,1
182.773731400,1,0
182.773809200,1,1
182.773844000,1,0
182.773921800,1,1
182.773939200,1,0
182.773956400,1,1
182.773965200,1,0
182.774017000,1,1
182.774034400,1,0
182.774043000,1,1
182.774051800,1,0
182.774112200,1,1
182.774129800,1,0
182.774155600,1,1
182.774164400,1,0
182.774207600,1,1
182.774225000,1,0
182.774233600,1,1
182.774251000,1,0
182.774302800,1,1
182.774320200,1,0
182.774328800,1,1
182.774337600,1,0
182.774398000,1,1
182.774415400,1,0
182.774424000,1,1
182.774432800,1,0
182.774493200,1,1
182.774510600,1,0
182.774588600,1,1
182.774606000,1,0
182.774614400,1,1
182.774631800,1,0
182.774640400,1,1
182.774657800,1,0
182.774683800,1,1
182.774718400,1,0
182.774727000,1,1
182.774735800,1,0
182.774744400,1,1
182.774779000,1,0
182.774787600,1,1
182.974008200,0,1
182.974025400,1,1
182.974094800,0,1
182.974103400,1,1
182.974181200,0,1
182.974207200,1,1
182.974215800,0,1
182.974259200,1,1
182.974267800,0,1
182.974345600,1,1
182.974354400,0,1
182.974371600,1,1
182.974380400,0,1
182.974432200,1,1
182.974440800,0,1
182.974449600,1,1
182.974466800,0,1
182.974518800,1,1
182.974527400,0,1
182.974605400,1,1
182.974614000,0,1
182.974648600,1,1
182.974657200,0,1
182.974674600,1,1
182.974683200,0,1
182.974691800,1,1
182.974700400,0,1
182.974726400,1,1
182.974752400,0,1
182.974761000,1,1
182.974769800,0,1
182.974778400,1,1
182.998957400,1,0
182.998974600,1,1
182.999052800,1,0
182.999061400,1,1
182.999148000,1,0
182.999156600,1,1
182.999182800,1,0
182.999226000,1,1
182.999243400,1,0
182.999321200,1,1
182.999338600,1,0
182.999399200,1,1
182.999408000,1,0
182.999416600,1,1
182.999434000,1,0
182.999511800,1,1
182.999529200,1,0
182.999537800,1,1
182.999555200,1,0
182.999607200,1,1
182.999641800,1,0
182.999650400,1,1
182.999659200,1,0
182.999719800,1,1
182.999737200,1,0
182.999754400,1,1
182.999763200,1,0
182.999815000,1,1
182.999832400,1,0
182.999910400,1,1
182.999927800,1,0
183.000005600,1,1
183.000023000,1,0
183.000040400,1,1
183.000049000,1,0
183.000101000,1,1
183.000118400,1,0
183.000127000,1,1
183.000135600,1,0
183.000196200,1,1
183.000213600,1,0
183.000222200,1,1
183.000231000,1,0
183.000291600,1,1
183.000309000,1,0
183.000317600,1,1
183.000335000,1,0
183.000386800,1,1
183.000404200,1,0
183.000412800,1,1
183.000421600,1,0
183.000482200,1,1
183.000499600,1,0
183.000577400,1,1
183.000594800,1,0
183.000620800,1,1
183.000629400,1,0
183.000672800,1,1
183.000690200,1,0
183.000698600,1,1
183.000707400,1,0
183.000768000,1,1
183.000785400,1,0
183.000794000,1,1
183.000811400,1,0
183.000820000,1,1
183.000854800,1,0
183.000863200,1,1
183.000898000,1,0
183.000906600,1,1
183.000915400,1,0
183.000924000,1,1
183.000932800,1,0
183.000976000,1,1
183.000993400,1,0
183.001002000,1,1
183.001010600,1,0
183.001071200,1,1
183.001088600,1,0
183.001097200,1,1
183.001114600,1,0
183.001123200,1,1
183.001158000,1,0
183.001166600,1,1
183.001184000,1,0
183.001201200,1,1
183.001210000,1,0
183.001218400,1,1
183.001227200,1,0
183.001261800,1,1
183.001279200,1,0
183.001287800,1,1
183.001296600,1,0
183.001357200,1,1
183.001374600,1,0
183.001391800,1,1
183.001400600,1,0
183.001452400,1,1
183.001469800,1,0
183.001495800,1,1
183.001513200,1,0
183.001547800,1,1
183.001565200,1,0
183.001573600,1,1
183.001582400,1,0
183.001643000,1,1
183.001660400,1,0
183.001738200,1,1
183.001781600,1,0
183.001790200,1,1
183.001799000,1,0
183.001807600,1,1
183.001825000,1,0
183.001859600,1,1
183.001877000,1,0
183.001885600,1,1
183.001894200,1,0
183.001954800,1,1
183.001972200,1,0
183.001989400,1,1
183.001998200,1,0
183.002050200,1,1
183.002067600,1,0
183.002110800,1,1
183.002119600,1,0
183.002145400,1,1
183.002162800,1,0
183.002171400,1,1
183.002180200,1,0
183.002240800,1,1
183.002275400,1,0
183.002353400,1,1
183.002370800,1,0
183.002379400,1,1
183.002388000,1,0
183.002414000,1,1
183.002422800,1,0
183.002448600,1,1
183.002466000,1,0
183.002483200,1,1
183.002492000,1,0
183.002544000,1,1
183.002561400,1,0
183.002639200,1,1
183.002656600,1,0
183.002734600,1,1
183.002752000,1,0
183.002803800,1,1
183.002812600,1,0
183.002829800,1,1
183.002847200,1,0
183.002855800,1,1
183.002864600,1,0
183.002925200,1,1
183.002942600,1,0
183.002968400,1,1
183.002977200,1,0
183.003020400,1,1
183.003037800,1,0
183.003046400,1,1
183.003055200,1,0
183.003089800,1,1
183.003098600,1,0
183.003115800,1,1
183.003150600,1,0
183.003167800,1,1
183.003176600,1,0
183.003228400,1,1
183.003245800,1,0
183.003323800,1,1
183.003341200,1,0
183.003349800,1,1
183.003367200,1,0
183.003384400,1,1
183.003393200,1,0
183.003419000,1,1
183.003436400,1,0
183.003453800,1,1
183.003462400,1,0
183.003471000,1,1
183.003479800,1,0
183.003488400,1,1
183.003497200,1,0
183.003514400,1,1
183.003531800,1,0
183.003540400,1,1
183.003549200,1,0
183.003609600,1,1
183.003627200,1,0
183.003635600,1,1
183.003644400,1,0
183.003705000,1,1
183.003722400,1,0
183.003731000,1,1
183.003748400,1,0
183.003757000,1,1
183.003765800,1,0
183.003774400,1,1
183.003783000,1,0
183.003800400,1,1
183.003817800,1,0
183.003826400,1,1
183.003835000,1,0
183.003895600,1,1
183.003913000,1,0
183.003921600,1,1
183.003930400,1,0
183.003991000,1,1
183.004025600,1,0
183.004051600,1,1
183.004069000,1,0
183.004077600,1,1
183.004086400,1,0
183.004103600,1,1
183.004121000,1,0
183.004129600,1,1
183.004138400,1,0
183.004198800,1,1
183.004216400,1,0
183.004242200,1,1
183.004251000,1,0
183.004294200,1,1
183.004311600,1,0
183.004354800,1,1
183.004372200,1,0
183.004389400,1,1
183.004406800,1,0
183.004415400,1,1
183.004424200,1,0
183.004484800,1,1
183.004502200,1,0
183.004528000,1,1
183.004536800,1,0
183.004554000,1,1
183.004571400,1,0
183.004580000,1,1
183.004597400,1,0
183.004623400,1,1
183.004632200,1,0
183.004640800,1,1
183.004658200,1,0
183.004675400,1,1
183.004692800,1,0
183.004701400,1,1
183.004710000,1,0
183.004770600,1,1
183.004788000,1,0
183.004866000,1,1
183.004883400,1,0
183.004900600,1,1
183.004918000,1,0
183.004926600,1,1
183.004944000,1,0
183.004961200,1,1
183.004978600,1,0
183.004987200,1,1
183.004996000,1,0
183.005056600,1,1
183.005074000,1,0
183.005151800,1,1
183.005169400,1,0
183.005229800,1,1
183.005238600,1,0
183.005247200,1,1
183.005282000,1,0
183.005299200,1,1
183.005308000,1,0
183.005359800,1,1
183.005377200,1,0
183.005455200,1,1
183.005472600,1,0
183.005550400,1,1
183.005568000,1,0
183.005645800,1,1
183.005663200,1,0
183.005671800,1,1
183.005697800,1,0
183.005723800,1,1
183.005732600,1,0
183.005741200,1,1
183.005758600,1,0
183.005767200,1,1
183.005801800,1,0
183.005810400,1,1
183.005819200,1,0
183.005827800,1,1
183.008528200,0,1
183.008545400,1,1
183.008614800,0,1
183.008623400,1,1
183.008701200,0,1
183.008727200,1,1
183.008735800,0,1
183.008779200,1,1
183.008787800,0,1
183.008865600,1,1
183.008874400,0,1
183.008891600,1,1
183.008900200,0,1
183.008952200,1,1
183.008960800,0,1
183.008986800,1,1
183.008995400,0,1
183.009038800,1,1
183.009047400,0,1
183.009125200,1,1
183.009134000,0,1
183.009142600,1,1
183.009151200,0,1
183.009177200,1,1
183.009185800,0,1
183.009194600,1,1
183.009220400,0,1
183.009229200,1,1
183.009246400,0,1
183.009255000,1,1
183.009263800,0,1
183.009281000,1,1
183.033446400,1,0
183.033463600,1,1
183.033541600,1,0
183.033550200,1,1
183.033637000,1,0
183.033645400,1,1
183.033671600,1,0
183.033714800,1,1
183.033732200,1,0
183.033810000,1,1
183.033827400,1,0
183.033870800,1,1
183.033879400,1,0
183.033905400,1,1
183.033922800,1,0
183.034000600,1,1
183.034018000,1,0
183.034044000,1,1
183.034052800,1,0
183.034096000,1,1
183.034113400,1,0
183.034122000,1,1
183.034130800,1,0
183.034191200,1,1
183.034208600,1,0
183.034225800,1,1
183.034234600,1,0
183.034286600,1,1
183.034304000,1,0
183.034381800,1,1
183.034399200,1,0
183.034477200,1,1
183.034494600,1,0
183.034511800,1,1
183.034520600,1,0
183.034572400,1,1
183.034589800,1,0
183.034598400,1,1
183.034607200,1,0
183.034667800,1,1
183.034702400,1,0
183.034780400,1,1
183.034797800,1,0
183.034806400,1,1
183.034823800,1,0
183.034875600,1,1
183.034893000,1,0
183.034901600,1,1
183.034910400,1,0
183.034971000,1,1
183.034988400,1,0
183.035066200,1,1
183.035083600,1,0
183.035109600,1,1
183.035118200,1,0
183.035161600,1,1
183.035179000,1,0
183.035187600,1,1
183.035196200,1,0
183.035256800,1,1
183.035274200,1,0
183.035352000,1,1
183.035369600,1,0
183.035447400,1,1
183.035464800,1,0
183.035473400,1,1
183.035482200,1,0
183.035490800,1,1
183.035499400,1,0
183.035508000,1,1
183.035516800,1,0
183.035525400,1,1
183.035534200,1,0
183.035542800,1,1
183.035577400,1,0
183.035586000,1,1
183.035594800,1,0
183.035603400,1,1
183.035612200,1,0
183.035620600,1,1
183.035629400,1,0
183.035638000,1,1
183.035646800,1,0
183.035655400,1,1
183.036237600,0,1
183.036255000,1,1
183.036324200,0,1
183.036332800,1,1
183.036410600,0,1
183.036436600,1,1
183.036445400,0,1
183.036488600,1,1
183.036497200,0,1
183.036575200,1,1
183.036583800,0,1
183.036601000,1,1
183.036609800,0,1
183.036661600,1,1
183.036670400,0,1
183.036679000,1,1
183.036687600,0,1
183.036696200,1,1
183.036705000,0,1
183.036748200,1,1
183.036756800,0,1
183.036834800,1,1
183.036843400,0,1
183.036860600,1,1
183.036869400,0,1
183.036895200,1,1
183.036930000,0,1
183.036947200,1,1
183.036955800,0,1
183.036964600,1,1
183.058570200,1,0
183.058587600,1,1
183.058665600,1,0
183.058674200,1,1
183.058761000,1,0
183.058769400,1,1
183.058795600,1,0
183.058838800,1,1
183.058873600,1,0
183.058951400,1,1
183.058968800,1,0
183.058977400,1,1
183.058994800,1,0
183.059003400,1,1
183.059020800,1,0
183.059046800,1,1
183.059064200,1,0
183.059142000,1,1
183.059159400,1,0
183.059168000,1,1
183.059176800,1,0
183.059185400,1,1
183.059194000,1,0
183.059237200,1,1
183.059272000,1,0
183.059280600,1,1
183.059289400,1,0
183.059350000,1,1
183.059376000,1,0
183.059393200,1,1
183.059402000,1,0
183.059454000,1,1
183.059471400,1,0
183.059549200,1,1
183.059566600,1,0
183.059644600,1,1
183.059662000,1,0
183.059670600,1,1
183.059696600,1,0
183.059739800,1,1
183.059757200,1,0
183.059774400,1,1
183.059783200,1,0
183.059835200,1,1
183.059852600,1,0
183.059869800,1,1
183.059878600,1,0
183.059930400,1,1
183.059947800,1,0
183.059991200,1,1
183.059999800,1,0
183.060008400,1,1
183.060043200,1,0
183.060077800,1,1
183.060086600,1,0
183.060121000,1,1
183.060138400,1,0
183.060164400,1,1
183.060173200,1,0
183.060216400,1,1
183.060251200,1,0
183.060329000,1,1
183.060346400,1,0
183.060424400,1,1
183.060441800,1,0
183.060450200,1,1
183.060459000,1,0
183.060467600,1,1
183.060476400,1,0
183.060493600,1,1
183.060502400,1,0
183.060519600,1,1
183.060537000,1,0
183.060606200,1,1
183.060632400,1,0
183.060640800,1,1
183.060649600,1,0
183.060658200,1,1
183.060675600,1,0
183.060710200,1,1
183.060727600,1,0
183.060744800,1,1
183.060753600,1,0
183.060805400,1,1
183.060823000,1,0
183.060840200,1,1
183.060849000,1,0
183.060900800,1,1
183.060918200,1,0
183.060961400,1,1
183.060970200,1,0
183.060978800,1,1
183.061013600,1,0
183.061030800,1,1
183.061056800,1,0
183.061091400,1,1
183.061126200,1,0
183.061152000,1,1
183.061160800,1,0
183.061204000,1,1
183.061221400,1,0
183.061299400,1,1
183.061316800,1,0
183.061394600,1,1
183.061412000,1,0
183.061420600,1,1
183.061429400,1,0
183.061438000,1,1
183.061446600,1,0
183.061464000,1,1
183.061472600,1,0
183.061490000,1,1
183.061507400,1,0
183.061576600,1,1
183.061602600,1,0
183.061680600,1,1
183.061698000,1,0
183.061706600,1,1
183.061715200,1,0
183.061732600,1,1
183.061741200,1,0
183.061758600,1,1
183.061793200,1,0
183.061810400,1,1
183.061819200,1,0
183.061827800,1,1
183.061836600,1,0
183.061871200,1,1
183.062597000,0,1
183.062614400,1,1
183.062683600,0,1
183.062692200,1,1
183.062770200,0,1
183.062796000,1,1
183.062804800,0,1
183.062848000,1,1
183.062856600,0,1
183.062934600,1,1
183.062943200,0,1
183.062960600,1,1
183.062969200,0,1
183.063021000,1,1
183.063029800,0,1
183.063038400,1,1
183.063055800,0,1
183.063064400,1,1
183.063073000,0,1
183.063107600,1,1
183.063116200,0,1
183.063194200,1,1
183.063202800,0,1
183.063211400,1,1
183.063220200,0,1
183.063263400,1,1
183.063289400,0,1
183.063298000,1,1
183.063306600,0,1
183.063315400,1,1
183.063324000,0,1
183.063332600,1,1
183.088391600,1,0
183.088408800,1,1
183.088487000,1,0
183.088495600,1,1
183.088582400,1,0
183.088590800,1,1
183.088617000,1,0
183.088660200,1,1
183.088677600,1,0
183.088755600,1,1
183.088773000,1,0
183.088781600,1,1
183.088799000,1,0
183.088850800,1,1
183.088868200,1,0
183.088876800,1,1
183.088894200,1,0
183.088946200,1,1
183.088963600,1,0
183.088972000,1,1
183.088989600,1,0
183.088998000,1,1
183.089006800,1,0
183.089041400,1,1
183.089058800,1,0
183.089136800,1,1
183.089154200,1,0
183.089162600,1,1
183.089171400,1,0
183.089188600,1,1
183.089197400,1,0
183.089214600,1,1
183.089223400,1,0
183.089232000,1,1
183.089249400,1,0
183.089266600,1,1
183.089284000,1,0
183.089292600,1,1
183.089310000,1,0
183.089327400,1,1
183.790000200,0,1
183.790017400,1,1
183.790086800,0,1
183.790095400,1,1
183.790173200,0,1
183.790199200,1,1
183.790207800,0,1
183.790251200,1,1
183.790259800,0,1
183.790337600,1,1
183.790346400,0,1
183.790363600,1,1
183.790372200,0,1
183.790424200,1,1
183.790432800,0,1
183.790450200,1,1
183.790458800,0,1
183.790510800,1,1
183.790519400,0,1
183.790597200,1,1
183.790606000,0,1
183.790614600,1,1
183.790631800,0,1
183.790640600,1,1
183.790675200,0,1
183.790683800,1,1
183.790692400,0,1
183.790701200,1,1
183.790709800,0,1
183.790718400,1,1
183.790735800,0,1
183.790744400,1,1
183.790761800,0,1
183.790770400,1,1
183.815384600,1,0
183.815401800,1,1
183.815479800,1,0
183.815488400,1,1
183.815575000,1,0
183.815583600,1,1
183.815609800,1,0
183.815653000,1,1
183.815670400,1,0
183.815748200,1,1
183.815765600,1,0
183.815774200,1,1
183.815783000,1,0
183.815791600,1,1
183.815809000,1,0
183.815843600,1,1
183.815861000,1,0
183.815938800,1,1
183.815956200,1,0
183.815973400,1,1
183.815982200,1,0
183.816034000,1,1
183.816051600,1,0
183.816060000,1,1
183.816068800,1,0
183.816129400,1,1
183.816146800,1,0
183.816164000,1,1
183.816172800,1,0
183.816224600,1,1
183.816259400,1,0
183.816337200,1,1
183.816354600,1,0
183.816432600,1,1
183.816450000,1,0
183.816467200,1,1
183.816476000,1,0
183.816527800,1,1
183.816545200,1,0
183.816553800,1,1
183.816562600,1,0
183.816623000,1,1
183.816640600,1,0
183.816666400,1,1
183.816675200,1,0
183.816718400,1,1
183.816735800,1,0
183.816744400,1,1
183.816761800,1,0
183.816813600,1,1
183.816831000,1,0
183.816839600,1,1
183.816848400,1,0
183.816909000,1,1
183.816926400,1,0
183.816935000,1,1
183.816943600,1,0
183.817004200,1,1
183.817021600,1,0
183.817099400,1,1
183.817134200,1,0
183.817142800,1,1
183.817160200,1,0
183.817168800,1,1
183.817186200,1,0
183.817212200,1,1
183.817229600,1,0
183.817238000,1,1
183.817246800,1,0
183.817255400,1,1
183.817290200,1,0
183.817298800,1,1
183.817856800,0,1
183.817874000,1,1
183.817943200,0,1
183.817952000,1,1
183.818029800,0,1
183.818055800,1,1
183.818064400,0,1
183.818107600,1,1
183.818116400,0,1
183.818194200,1,1
183.818202800,0,1
183.818220200,1,1
183.818228800,0,1
183.818280800,1,1
183.818289400,0,1
183.818298000,1,1
183.818315400,0,1
183.818367200,1,1
183.818376000,0,1
183.818453800,1,1
183.818462400,0,1
183.818497200,1,1
183.818505800,0,1
183.818523000,1,1
183.818531800,0,1
183.818540400,1,1
183.818549000,0,1
183.818575000,1,1
183.818601000,0,1
183.818609600,1,1
183.818618200,0,1
183.818627000,1,1
183.841112600,1,0
183.841130000,1,1
183.841208000,1,0
183.841216600,1,1
183.841312000,1,0
183.841320600,1,1
183.841346600,1,0
183.841389800,1,1
183.841407200,1,0
183.841485200,1,1
183.841502600,1,0
183.841563000,1,1
183.841571800,1,0
183.841580400,1,1
183.841597800,1,0
183.841675800,1,1
183.841693200,1,0
183.841701600,1,1
183.841719200,1,0
183.841771000,1,1
183.841831800,1,0
183.841840400,1,1
183.841849000,1,0
183.841909600,1,1
183.841927000,1,0
183.841944200,1,1
183.841953000,1,0
183.842005000,1,1
183.842022400,1,0
183.842100200,1,1
183.842117600,1,0
183.842195400,1,1
183.842213000,1,0
183.842230200,1,1
183.842238800,1,0
183.842290800,1,1
183.842308200,1,0
183.842316800,1,1
183.842325600,1,0
183.842386000,1,1
183.842403400,1,0
183.842412000,1,1
183.842420800,1,0
183.842481400,1,1
183.842498800,1,0
183.842507400,1,1
183.842524800,1,0
183.842576600,1,1
183.842594000,1,0
183.842602600,1,1
183.842611400,1,0
183.842672000,1,1
183.842689400,1,0
183.842767200,1,1
183.842784600,1,0
183.842810600,1,1
183.842819200,1,0
183.842862400,1,1
183.842880000,1,0
183.842888400,1,1
183.842897200,1,0
183.842957800,1,1
183.843061800,1,0
183.843070400,1,1
183.843087800,1,0
183.843096400,1,1
183.843131000,1,0
183.843139600,1,1
183.843157000,1,0
183.843165600,1,1
183.843174400,1,0
183.843183000,1,1
183.843191800,1,0
183.843235000,1,1
183.843252400,1,0
183.843261000,1,1
183.843269600,1,0
183.843330200,1,1
183.843347600,1,0
183.843356200,1,1
183.843373600,1,0
183.843382200,1,1
183.843417000,1,0
183.843425600,1,1
183.843443000,1,0
183.843460200,1,1
183.843469000,1,0
183.843477600,1,1
183.843486200,1,0
183.843520800,1,1
183.843538200,1,0
183.843546800,1,1
183.843555600,1,0
183.843616200,1,1
183.843633600,1,0
183.843650800,1,1
183.843659600,1,0
183.843711400,1,1
183.843728800,1,0
183.843754800,1,1
183.843772200,1,0
183.843806800,1,1
183.843824200,1,0
183.843832800,1,1
183.843841600,1,0
183.843902000,1,1
183.843928200,1,0
183.844006000,1,1
183.844023400,1,0
183.844032000,1,1
183.844040800,1,0
183.844049400,1,1
183.844066800,1,0
183.844101400,1,1
183.844118800,1,0
183.844127400,1,1
183.844136000,1,0
183.844196600,1,1
183.844214000,1,0
183.844231200,1,1
183.844240000,1,0
183.844292000,1,1
183.844318000,1,0
183.844361200,1,1
183.844370000,1,0
183.844396000,1,1
183.844413400,1,0
183.844422000,1,1
183.844430600,1,0
183.844491200,1,1
183.844508600,1,0
183.844586600,1,1
183.844604000,1,0
183.844612600,1,1
183.844621200,1,0
183.844647200,1,1
183.844656000,1,0
183.844681800,1,1
183.844699200,1,0
183.844716400,1,1
183.844725200,1,0
183.844777200,1,1
183.844811800,1,0
183.844889800,1,1
183.844907200,1,0
183.844985000,1,1
183.845002400,1,0
183.845054400,1,1
183.845063000,1,0
183.845080400,1,1
183.845097800,1,0
183.845106400,1,1
183.845115000,1,0
183.845175600,1,1
183.845193000,1,0
183.845219000,1,1
183.845227600,1,0
183.845271000,1,1
183.845288400,1,0
183.845296800,1,1
183.845305600,1,0
183.845340200,1,1
183.845349000,1,0
183.845366200,1,1
183.845383600,1,0
183.845400800,1,1
183.845409600,1,0
183.845461600,1,1
183.845479000,1,0
183.845556800,1,1
183.845574200,1,0
183.845600200,1,1
183.845608800,1,0
183.845617400,1,1
183.845626200,1,0
183.845652200,1,1
183.845686800,1,0
183.845704200,1,1
183.845712800,1,0
183.845721400,1,1
183.845730200,1,0
183.845738800,1,1
183.845747600,1,0
183.845764800,1,1
183.845782200,1,0
183.845790800,1,1
183.845799600,1,0
183.845860000,1,1
183.845877400,1,0
183.845886000,1,1
183.845894800,1,0
183.845955400,1,1
183.845972800,1,0
183.845981400,1,1
183.845998800,1,0
183.846007400,1,1
183.846016200,1,0
183.846024600,1,1
183.846033400,1,0
183.846050600,1,1
183.846068000,1,0
183.846076600,1,1
183.846085400,1,0
183.846146000,1,1
183.846163400,1,0
183.846172000,1,1
183.846180800,1,0
183.846241200,1,1
183.846258600,1,0
183.846284600,1,1
183.846302000,1,0
183.846310600,1,1
183.846319200,1,0
183.846336600,1,1
183.846354000,1,0
183.846362600,1,1
183.846371200,1,0
183.846431800,1,1
183.846449200,1,0
183.846475200,1,1
183.846483800,1,0
183.846527000,1,1
183.846544600,1,0
183.846587800,1,1
183.846605200,1,0
183.846622400,1,1
183.846639800,1,0
183.846648400,1,1
183.846657000,1,0
183.846717600,1,1
183.846735000,1,0
183.846761000,1,1
183.846769800,1,0
183.846787000,1,1
183.846804400,1,0
183.846813000,1,1
183.846830400,1,0
183.846856200,1,1
183.846865000,1,0
183.846873600,1,1
183.846891000,1,0
183.846908200,1,1
183.846934200,1,0
183.846942800,1,1
183.846951600,1,0
183.847012200,1,1
183.847029600,1,0
183.847107400,1,1
183.847124800,1,0
183.847142000,1,1
183.847159600,1,0
183.847168000,1,1
183.847185400,1,0
183.847202800,1,1
183.847220200,1,0
183.847228800,1,1
183.847237400,1,0
183.847298000,1,1
183.847315400,1,0
183.847393200,1,1
183.847410600,1,0
183.847471200,1,1
183.847480000,1,0
183.847488600,1,1
183.847506000,1,0
183.847523200,1,1
183.847532000,1,0
183.847583800,1,1
183.847601200,1,0
183.847679200,1,1
183.847696600,1,0
183.847774400,1,1
183.847791800,1,0
183.847869600,1,1
183.847956400,1,0
183.847973600,1,1
183.847982400,1,0
183.848017000,1,1
183.848069000,1,0
183.848086200,1,1
183.848103600,1,0
183.848120800,1,1
183.848129600,1,0
183.848138200,1,1
183.858131400,0,1
183.858148800,1,1
183.858218000,0,1
183.858226600,1,1
183.858304600,0,1
183.858330600,1,1
183.858339200,0,1
183.858382400,1,1
183.858391000,0,1
183.858469000,1,1
183.858477600,0,1
183.858495000,1,1
183.858503600,0,1
183.858555600,1,1
183.858564200,0,1
183.858590200,1,1
183.858598800,0,1
183.858642000,1,1
183.858650600,0,1
183.858728600,1,1
183.858737200,0,1
183.858745800,1,1
183.858754600,0,1
183.858780400,1,1
183.858789200,0,1
183.858797800,1,1
183.858823800,0,1
183.858832400,1,1
183.858849800,0,1
183.858858400,1,1
183.858867000,0,1
183.858884400,1,1
183.880547000,1,0
183.880564200,1,1
183.880642400,1,0
183.880651000,1,1
183.880755000,1,0
183.880763600,1,1
183.880789600,1,0
183.880832800,1,1
183.880850200,1,0
183.880928200,1,1
183.880945600,1,0
183.880988800,1,1
183.880997600,1,0
183.881023400,1,1
183.881040800,1,0
183.881118800,1,1
183.881136200,1,0
183.881162000,1,1
183.881170800,1,0
183.881214000,1,1
183.881231400,1,0
183.881240000,1,1
183.881248800,1,0
183.881309200,1,1
183.881326800,1,0
183.881344000,1,1
183.881352800,1,0
183.881404600,1,1
183.881422000,1,0
183.881499800,1,1
183.881517400,1,0
183.881595200,1,1
183.881630000,1,0
183.881647200,1,1
183.881656000,1,0
183.881707800,1,1
183.881725200,1,0
183.881733800,1,1
183.881742600,1,0
183.881803000,1,1
183.881820600,1,0
183.881898400,1,1
183.881915800,1,0
183.881924400,1,1
183.881941800,1,0
183.881993600,1,1
183.882011200,1,0
183.882019600,1,1
183.882028400,1,0
183.882089000,1,1
183.882106400,1,0
183.882184200,1,1
183.882201600,1,0
183.882227600,1,1
183.882236400,1,0
183.882279600,1,1
183.882297000,1,0
183.882305600,1,1
183.882314200,1,0
183.882374800,1,1
183.882392200,1,0
183.882470200,1,1
183.882504800,1,0
183.882582800,1,1
183.882600200,1,0
183.882608800,1,1
183.882617400,1,0
183.882626000,1,1
183.882634800,1,0
183.882643400,1,1
183.882652200,1,0
183.882660800,1,1
183.882669400,1,0
183.882678000,1,1
183.882695400,1,0
183.882704000,1,1
183.882712800,1,0
183.882721400,1,1
183.882730200,1,0
183.882738600,1,1
183.882747400,1,0
183.882756000,1,1
183.882764800,1,0
183.882773400,1,1
184.831985800,0,1
184.832003200,1,1
184.832072400,0,1
184.832081000,1,1
184.832159000,0,1
184.832185000,1,1
184.832193600,0,1
184.832236800,1,1
184.832245600,0,1
184.832323400,1,1
184.832332000,0,1
184.832349400,1,1
184.832358000,0,1
184.832410000,1,1
184.832418600,0,1
184.832435800,1,1
184.832444600,0,1
184.832496400,1,1
184.832505200,0,1
184.832583000,1,1
184.832591600,0,1
184.832600400,1,1
184.832617600,0,1
184.832626200,1,1
184.832660800,0,1
184.832669600,1,1
184.832678200,0,1
184.832686800,1,1
184.832695400,0,1
184.832704200,1,1
184.832721400,0,1
184.832730200,1,1
184.832747400,0,1
184.832756000,1,1
184.853336600,1,0
184.853353800,1,1
184.853431800,1,0
184.853440400,1,1
184.853527200,1,0
184.853535800,1,1
184.853561800,1,0
184.853605000,1,1
184.853622400,1,0
184.853700400,1,1
184.853717800,1,0
184.853726400,1,1
184.853735200,1,0
184.853743800,1,1
184.853761200,1,0
184.853795600,1,1
184.853813200,1,0
184.853891000,1,1
184.853908400,1,0
184.853925600,1,1
184.853934400,1,0
184.853986200,1,1
184.854003800,1,0
184.854012200,1,1
184.854021000,1,0
184.854081600,1,1
184.854099000,1,0
184.854116200,1,1
184.854125000,1,0
184.854177000,1,1
184.854194400,1,0
184.854272200,1,1
184.854307000,1,0
184.854384800,1,1
184.854402200,1,0
184.854419400,1,1
184.854428200,1,0
184.854480000,1,1
184.854497600,1,0
184.854506000,1,1
184.854514800,1,0
184.854575400,1,1
184.854592800,1,0
184.854618800,1,1
184.854627400,1,0
184.854670600,1,1
184.854688200,1,0
184.854696600,1,1
184.854714000,1,0
184.854766000,1,1
184.854783400,1,0
184.854792000,1,1
184.854800800,1,0
184.854861200,1,1
184.854878800,1,0
184.854887200,1,1
184.854896000,1,0
184.854956600,1,1
184.854974000,1,0
184.855052000,1,1
184.855069400,1,0
184.855078000,1,1
184.855095400,1,0
184.855103800,1,1
184.855121400,1,0
184.855147200,1,1
184.855182000,1,0
184.855190600,1,1
184.855199200,1,0
184.855207800,1,1
184.855242600,1,0
184.855251200,1,1
184.855844400,0,1
184.855861600,1,1
184.855931000,0,1
184.855939600,1,1
184.856017400,0,1
184.856043400,1,1
184.856052000,0,1
184.856095400,1,1
184.856104000,0,1
184.856181800,1,1
184.856190600,0,1
184.856207800,1,1
184.856216600,0,1
184.856268400,1,1
184.856277000,0,1
184.856285800,1,1
184.856303000,0,1
184.856355000,1,1
184.856363600,0,1
184.856441400,1,1
184.856450200,0,1
184.856484800,1,1
184.856493400,0,1
184.856510800,1,1
184.856519400,0,1
184.856528000,1,1
184.856536600,0,1
184.856562600,1,1
184.856588600,0,1
184.856597200,1,1
184.856606000,0,1
184.856614600,1,1
184.879064600,1,0
184.879081800,1,1
184.879159800,1,0
184.879168400,1,1
184.879255200,1,0
184.879263800,1,1
184.879289800,1,0
184.879333000,1,1
184.879350400,1,0
184.879428400,1,1
184.879445800,1,0
184.879506200,1,1
184.879515000,1,0
184.879523600,1,1
184.879541000,1,0
184.879619000,1,1
184.879636400,1,0
184.879645000,1,1
184.879662400,1,0
184.879714200,1,1
184.879731600,1,0
184.879740200,1,1
184.879749000,1,0
184.879809400,1,1
184.879827000,1,0
184.879844200,1,1
184.879852800,1,0
184.879904800,1,1
184.879922200,1,0
184.880000000,1,1
184.880017400,1,0
184.880095400,1,1
184.880112800,1,0
184.880130000,1,1
184.880138800,1,0
184.880190600,1,1
184.880225400,1,0
184.880234000,1,1
184.880242600,1,0
184.880303200,1,1
184.880320600,1,0
184.880329200,1,1
184.880338000,1,0
184.880398600,1,1
184.880416000,1,0
184.880424400,1,1
184.880442000,1,0
184.880493800,1,1
184.880511200,1,0
184.880519800,1,1
184.880528600,1,0
184.880589200,1,1
184.880606600,1,0
184.880684400,1,1
184.880701800,1,0
184.880727800,1,1
184.880736400,1,0
184.880779600,1,1
184.880797200,1,0
184.880805600,1,1
184.880814400,1,0
184.880875000,1,1
184.880892400,1,0
184.880901000,1,1
184.880918400,1,0
184.880927000,1,1
184.880961800,1,0
184.880970200,1,1
184.880987800,1,0
184.880996200,1,1
184.881005000,1,0
184.881013600,1,1
184.881022400,1,0
184.881065600,1,1
184.881100400,1,0
184.881108800,1,1
184.881117600,1,0
184.881178200,1,1
184.881195600,1,0
184.881204200,1,1
184.881221600,1,0
184.881230200,1,1
184.881264800,1,0
184.881273400,1,1
184.881290800,1,0
184.881308200,1,1
184.881316800,1,0
184.881325400,1,1
184.881334200,1,0
184.881368800,1,1
184.881386200,1,0
184.881394800,1,1
184.881403400,1,0
184.881464000,1,1
184.881481400,1,0
184.881498600,1,1
184.881507400,1,0
184.881559400,1,1
184.881576800,1,0
184.881602600,1,1
184.881620000,1,0
184.881654600,1,1
184.881672000,1,0
184.881680600,1,1
184.881689400,1,0
184.881749800,1,1
184.881767400,1,0
184.881845200,1,1
184.881862600,1,0
184.881871200,1,1
184.881880000,1,0
184.881888400,1,1
184.881905800,1,0
184.881940400,1,1
184.881983800,1,0
184.881992400,1,1
184.882001200,1,0
184.882061800,1,1
184.882079200,1,0
184.882096400,1,1
184.882105200,1,0
184.882157000,1,1
184.882174400,1,0
184.882217600,1,1
184.882226400,1,0
184.882252200,1,1
184.882269800,1,0
184.882278200,1,1
184.882287000,1,0
184.882347600,1,1
184.882365000,1,0
184.882442800,1,1
184.882477600,1,0
184.882486200,1,1
184.882494800,1,0
184.882520800,1,1
184.882529600,1,0
184.882555400,1,1
184.882572800,1,0
184.882590000,1,1
184.882598800,1,0
184.882650800,1,1
184.882668200,1,0
184.882746000,1,1
184.882763400,1,0
184.882841200,1,1
184.882858800,1,0
184.882910600,1,1
184.882919400,1,0
184.882936600,1,1
184.882954000,1,0
184.882962600,1,1
184.882971400,1,0
184.883031800,1,1
184.883049200,1,0
184.883057800,1,1
184.883066600,1,0
184.883075200,1,1
184.883084000,1,0
184.883127200,1,1
184.883144600,1,0
184.883153200,1,1
184.883162000,1,0
184.883196400,1,1
184.883205200,1,0
184.883222400,1,1
184.883239800,1,0
184.883257000,1,1
184.883265800,1,0
184.883317800,1,1
184.883352400,1,0
184.883430400,1,1
184.883447800,1,0
184.883456400,1,1
184.883465000,1,0
184.883473600,1,1
184.883482400,1,0
184.883491000,1,1
184.883499800,1,0
184.883525600,1,1
184.883543000,1,0
184.883560200,1,1
184.883569000,1,0
184.883577600,1,1
184.883586400,1,0
184.883595000,1,1
184.883603600,1,0
184.883621000,1,1
184.883638400,1,0
184.883647000,1,1
184.883655600,1,0
184.883716200,1,1
184.883733600,1,0
184.883742200,1,1
184.883751000,1,0
184.883811400,1,1
184.883829000,1,0
184.883837400,1,1
184.883855000,1,0
184.883863400,1,1
184.883872200,1,0
184.883880800,1,1
184.883889600,1,0
184.883906800,1,1
184.883924200,1,0
184.883932800,1,1
184.883941600,1,0
184.884002000,1,1
184.884019600,1,0
184.884028000,1,1
184.884036800,1,0
184.884097400,1,1
184.884114800,1,0
184.884140600,1,1
184.884158200,1,0
184.884166600,1,1
184.884175400,1,0
184.884192600,1,1
184.884227400,1,0
184.884236000,1,1
184.884244800,1,0
184.884305200,1,1
184.884322600,1,0
184.884348600,1,1
184.884357400,1,0
184.884400600,1,1
184.884418000,1,0
184.884461200,1,1
184.884478600,1,0
184.884495800,1,1
184.884513200,1,0
184.884521800,1,1
184.884530600,1,0
184.884591200,1,1
184.884608600,1,0
184.884634400,1,1
184.884643200,1,0
184.884660400,1,1
184.884677800,1,0
184.884686400,1,1
184.884703800,1,0
184.884729800,1,1
184.884738400,1,0
184.884747000,1,1
184.884764400,1,0
184.884781600,1,1
184.884799200,1,0
184.884807600,1,1
184.884816400,1,0
184.884877000,1,1
184.884894400,1,0
184.884972400,1,1
184.884989800,1,0
184.885007000,1,1
184.885024400,1,0
184.885033000,1,1
184.885050400,1,0
184.885067600,1,1
184.885085000,1,0
184.885093600,1,1
184.885102400,1,0
184.885163000,1,1
184.885180400,1,0
184.885258200,1,1
184.885275600,1,0
184.885336200,1,1
184.885345000,1,0
184.885353600,1,1
184.885371000,1,0
184.885388200,1,1
184.885397000,1,0
184.885448800,1,1
184.885483600,1,0
184.885561400,1,1
184.885578800,1,0
184.885656800,1,1
184.885674200,1,0
184.885752000,1,1
184.885769600,1,0
184.885778000,1,1
184.885786800,1,0
184.885812800,1,1
184.885821600,1,0
184.885830000,1,1
184.885864800,1,0
184.885873400,1,1
184.885882200,1,0
184.885908000,1,1
184.885925400,1,0
184.885942800,1,1
184.896127800,0,1
184.896145000,1,1
184.896214400,0,1
184.896223000,1,1
184.896300800,0,1
184.896326800,1,1
184.896335400,0,1
184.896378800,1,1
184.896387400,0,1
184.896465200,1,1
184.896474000,0,1
184.896491200,1,1
184.896500000,0,1
184.896551800,1,1
184.896560400,0,1
184.896586400,1,1
184.896595000,0,1
184.896638400,1,1
184.896647000,0,1
184.896724800,1,1
184.896733600,0,1
184.896742200,1,1
184.896750800,0,1
184.896776800,1,1
184.896785400,0,1
184.896794200,1,1
184.896820000,0,1
184.896828800,1,1
184.896846000,0,1
184.896854800,1,1
184.896863400,0,1
184.896880600,1,1
184.918560600,1,0
184.918577800,1,1
184.918673200,1,0
184.918681800,1,1
184.918768400,1,0
184.918777000,1,1
184.918803000,1,0
184.918846400,1,1
184.918863800,1,0
184.918941600,1,1
184.918959000,1,0
184.919002200,1,1
184.919011000,1,0
184.919036800,1,1
184.919054400,1,0
184.919132200,1,1
184.919149600,1,0
184.919175600,1,1
184.919184200,1,0
184.919227400,1,1
184.919245000,1,0
184.919253400,1,1
184.919262200,1,0
184.919322800,1,1
184.919340200,1,0
184.919357400,1,1
184.919366200,1,0
184.919418000,1,1
184.919435400,1,0
184.919513400,1,1
184.919548200,1,0
184.919626000,1,1
184.919643400,1,0
184.919660600,1,1
184.919669400,1,0
184.919721400,1,1
184.919738800,1,0
184.919747200,1,1
184.919756000,1,0
184.919816600,1,1
184.919834000,1,0
184.919912000,1,1
184.919929400,1,0
184.919937800,1,1
184.919955400,1,0
184.920007200,1,1
184.920024600,1,0
184.920033200,1,1
184.920042000,1,0
184.920102400,1,1
184.920120000,1,0
184.920197800,1,1
184.920215200,1,0
184.920241200,1,1
184.920249800,1,0
184.920293200,1,1
184.920310600,1,0
184.920319200,1,1
184.920327800,1,0
184.920388400,1,1
184.920423200,1,0
184.920501000,1,1
184.920518400,1,0
184.920596400,1,1
184.920613800,1,0
184.920622400,1,1
184.920631000,1,0
184.920639600,1,1
184.920648400,1,0
184.920657000,1,1
184.920665800,1,0
184.920674400,1,1
184.920683000,1,0
184.920691600,1,1
184.920709000,1,0
184.920717600,1,1
184.920726400,1,0
184.920735000,1,1
184.920743800,1,0
184.920752200,1,1
184.920761000,1,0
184.920769600,1,1
184.920778400,1,0
184.920787000,1,1
185.869990800,0,1
185.870008200,1,1
185.870077400,0,1
185.870086000,1,1
185.870163800,0,1
185.870189800,1,1
185.870198400,0,1
185.870241800,1,1
185.870250400,0,1
185.870328200,1,1
185.870337000,0,1
185.870354200,1,1
185.870363000,0,1
185.870414800,1,1
185.870423400,0,1
185.870440800,1,1
185.870449400,0,1
185.870501400,1,1
185.870510000,0,1
185.870588000,1,1
185.870596600,0,1
185.870605200,1,1
185.870622600,0,1
185.870631200,1,1
185.870665800,0,1
185.870674400,1,1
185.870683200,0,1
185.870691800,1,1
185.870700400,0,1
185.870709000,1,1
185.870726400,0,1
185.870735000,1,1
185.870752400,0,1
185.870761000,1,1
185.891029800,1,0
185.891047000,1,1
185.891125000,1,0
185.891133600,1,1
185.891220400,1,0
185.891229000,1,1
185.891255000,1,0
185.891298200,1,1
185.891315600,1,0
185.891393600,1,1
185.891411000,1,0
185.891419600,1,1
185.891428200,1,0
185.891436800,1,1
185.891454200,1,0
185.891488800,1,1
185.891506200,1,0
185.891584200,1,1
185.891601600,1,0
185.891618800,1,1
185.891627600,1,0
185.891679400,1,1
185.891696800,1,0
185.891705400,1,1
185.891714200,1,0
185.891774800,1,1
185.891792200,1,0
185.891809400,1,1
185.891818200,1,0
185.891870000,1,1
185.891913400,1,0
185.891991200,1,1
185.892008800,1,0
185.892086600,1,1
185.892104000,1,0
185.892121200,1,1
185.892130000,1,0
185.892181800,1,1
185.892199200,1,0
185.892207800,1,1
185.892216600,1,0
185.892277200,1,1
185.892294600,1,0
185.892320400,1,1
185.892329200,1,0
185.892372400,1,1
185.892407200,1,0
185.892415800,1,1
185.892433200,1,0
185.892485000,1,1
185.892502400,1,0
185.892511000,1,1
185.892519800,1,0
185.892580400,1,1
185.892597800,1,0
185.892606400,1,1
185.892615200,1,0
185.892675600,1,1
185.892693000,1,0
185.892771000,1,1
185.892788400,1,0
185.892797000,1,1
185.892814400,1,0
185.892823000,1,1
185.892840400,1,0
185.892866200,1,1
185.892883600,1,0
185.892892200,1,1
185.892901000,1,0
185.892909600,1,1
185.892944200,1,0
185.892952800,1,1
185.893537800,0,1
185.893555000,1,1
185.893624400,0,1
185.893633000,1,1
185.893710800,0,1
185.893736800,1,1
185.893745400,0,1
185.893788800,1,1
185.893797400,0,1
185.893875200,1,1
185.893884000,0,1
185.893901200,1,1
185.893909800,0,1
185.893961800,1,1
185.893970400,0,1
185.893979200,1,1
185.893996400,0,1
185.894048400,1,1
185.894057000,0,1
185.894134800,1,1
185.894143600,0,1
185.894178200,1,1
185.894186800,0,1
185.894204200,1,1
185.894212800,0,1
185.894221400,1,1
185.894230000,0,1
185.894256000,1,1
185.894282000,0,1
185.894290600,1,1
185.894299400,0,1
185.894308000,1,1
185.916748600,1,0
185.916765800,1,1
185.916843800,1,0
185.916852400,1,1
185.916947800,1,0
185.916956400,1,1
185.916982600,1,0
185.917025800,1,1
185.917043200,1,0
185.917121000,1,1
185.917138400,1,0
185.917199000,1,1
185.917207800,1,0
185.917216400,1,1
185.917233800,1,0
185.917311600,1,1
185.917329200,1,0
185.917337600,1,1
185.917355000,1,0
185.917407000,1,1
185.917450400,1,0
185.917459000,1,1
185.917467800,1,0
185.917528200,1,1
185.917545600,1,0
185.917563000,1,1
185.917571600,1,0
185.917623600,1,1
185.917641000,1,0
185.917718800,1,1
185.917736200,1,0
185.917814200,1,1
185.917831600,1,0
185.917848800,1,1
185.917857600,1,0
185.917909400,1,1
185.917944200,1,0
185.917952800,1,1
185.917961600,1,0
185.918022000,1,1
185.918039600,1,0
185.918048000,1,1
185.918056800,1,0
185.918117400,1,1
185.918134800,1,0
185.918143400,1,1
185.918160800,1,0
185.918212600,1,1
185.918230200,1,0
185.918238600,1,1
185.918247400,1,0
185.918308000,1,1
185.918325400,1,0
185.918403200,1,1
185.918420800,1,0
185.918446600,1,1
185.918455400,1,0
185.918498600,1,1
185.918516000,1,0
185.918524600,1,1
185.918533400,1,0
185.918593800,1,1
185.918611400,1,0
185.918619800,1,1
185.918637400,1,0
185.918645800,1,1
185.918680600,1,0
185.918689200,1,1
185.918706600,1,0
185.918715200,1,1
185.918724000,1,0
185.918732400,1,1
185.918741200,1,0
185.918784400,1,1
185.918819200,1,0
185.918827800,1,1
185.918836600,1,0
185.918897000,1,1
185.918914400,1,0
185.918923000,1,1
185.918940400,1,0
185.918949000,1,1
185.918983800,1,0
185.918992400,1,1
185.919009800,1,0
185.919027000,1,1
185.919035800,1,0
185.919044400,1,1
185.919053200,1,0
185.919087600,1,1
185.919105000,1,0
185.919113600,1,1
185.919122400,1,0
185.919183000,1,1
185.919200400,1,0
185.919217600,1,1
185.919226400,1,0
185.919278200,1,1
185.919295600,1,0
185.919321600,1,1
185.919339000,1,0
185.919373600,1,1
185.919391000,1,0
185.919399600,1,1
185.919408400,1,0
185.919468800,1,1
185.919486200,1,0
185.919564200,1,1
185.919581600,1,0
185.919590200,1,1
185.919598800,1,0
185.919607400,1,1
185.919624800,1,0
185.919659400,1,1
185.919676800,1,0
185.919685400,1,1
185.919694200,1,0
185.919754800,1,1
185.919772200,1,0
185.919789400,1,1
185.919798200,1,0
185.919850000,1,1
185.919867400,1,0
185.919910600,1,1
185.919919400,1,0
185.919945400,1,1
185.919962800,1,0
185.919971200,1,1
185.919980000,1,0
185.920040600,1,1
185.920075400,1,0
185.920153200,1,1
185.920170600,1,0
185.920179200,1,1
185.920188000,1,0
185.920213800,1,1
185.920222600,1,0
185.920248600,1,1
185.920266000,1,0
185.920283200,1,1
185.920292000,1,0
185.920343800,1,1
185.920361200,1,0
185.920439000,1,1
185.920456600,1,0
185.920534400,1,1
185.920551800,1,0
185.920603600,1,1
185.920612400,1,0
185.920629600,1,1
185.920647000,1,0
185.920655600,1,1
185.920664400,1,0
185.920725000,1,1
185.920742400,1,0
185.920751000,1,1
185.920759600,1,0
185.920768200,1,1
185.920777000,1,0
185.920820200,1,1
185.920837600,1,0
185.920846200,1,1
185.920855000,1,0
185.920889600,1,1
185.920898200,1,0
185.920915600,1,1
185.920950200,1,0
185.920967400,1,1
185.920976200,1,0
185.921028200,1,1
185.921045600,1,0
185.921123400,1,1
185.921140800,1,0
185.921149400,1,1
185.921158200,1,0
185.921166800,1,1
185.921175400,1,0
185.921184000,1,1
185.921192800,1,0
185.921218600,1,1
185.921236200,1,0
185.921253400,1,1
185.921262000,1,0
185.921270600,1,1
185.921279400,1,0
185.921288000,1,1
185.921296800,1,0
185.921314000,1,1
185.921331400,1,0
185.921340000,1,1
185.921348800,1,0
185.921409200,1,1
185.921426600,1,0
185.921435200,1,1
185.921444000,1,0
185.921504600,1,1
185.921522000,1,0
185.921530600,1,1
185.921548000,1,0
185.921556600,1,1
185.921565200,1,0
185.921573800,1,1
185.921582600,1,0
185.921599800,1,1
185.921617200,1,0
185.921625800,1,1
185.921634600,1,0
185.921695200,1,1
185.921712600,1,0
185.921721000,1,1
185.921729800,1,0
185.921790400,1,1
185.921825200,1,0
185.921851000,1,1
185.921868400,1,0
185.921877000,1,1
185.921885800,1,0
185.921903000,1,1
185.921920400,1,0
185.921929000,1,1
185.921937800,1,0
185.921998200,1,1
185.922015800,1,0
185.922041600,1,1
185.922050400,1,0
185.922093600,1,1
185.922111000,1,0
185.922154200,1,1
185.922171600,1,0
185.922188800,1,1
185.922206400,1,0
185.922214800,1,1
185.922223600,1,0
185.922284200,1,1
185.922301600,1,0
185.922327400,1,1
185.922336200,1,0
185.922353400,1,1
185.922371000,1,0
185.922379400,1,1
185.922396800,1,0
185.922422800,1,1
185.922431600,1,0
185.922440200,1,1
185.922457600,1,0
185.922474800,1,1
185.922492200,1,0
185.922500800,1,1
185.922509600,1,0
185.922570000,1,1
185.922587400,1,0
185.922665400,1,1
185.922700200,1,0
185.922717400,1,1
185.922734800,1,0
185.922743400,1,1
185.922760800,1,0
185.922778000,1,1
185.922795400,1,0
185.922804000,1,1
185.922812800,1,0
185.922873200,1,1
185.922890600,1,0
185.922968600,1,1
185.922986000,1,0
185.923046600,1,1
185.923055200,1,0
185.923063800,1,1
185.923081200,1,0
185.923098400,1,1
185.923107200,1,0
185.923159200,1,1
185.923176600,1,0
185.923254400,1,1
185.923271800,1,0
185.923349800,1,1
185.923367200,1,0
185.923445000,1,1
185.923462400,1,0
185.923471000,1,1
185.923479800,1,0
185.923505600,1,1
185.923514400,1,0
185.923523000,1,1
185.923557800,1,0
185.923566200,1,1
185.923575000,1,0
185.923601000,1,1
185.923618400,1,0
185.923635600,1,1
185.924397200,0,1
185.924414400,1,1
185.924483800,0,1
185.924492400,1,1
185.924570200,0,1
185.924596200,1,1
185.924604800,0,1
185.924648200,1,1
185.924656800,0,1
185.924734600,1,1
185.924743400,0,1
185.924760600,1,1
185.924769400,0,1
185.924821200,1,1
185.924829800,0,1
185.924855800,1,1
185.924864400,0,1
185.924907800,1,1
185.924916400,0,1
185.924994200,1,1
185.925003000,0,1
185.925011600,1,1
185.925020200,0,1
185.925046200,1,1
185.925054800,0,1
185.925063600,1,1
185.925089400,0,1
185.925098200,1,1
185.925115400,0,1
185.925124200,1,1
185.925132800,0,1
185.925150000,1,1
185.946261400,1,0
185.946278600,1,1
185.946365400,1,0
185.946374000,1,1
185.946460600,1,0
185.946469200,1,1
185.946495200,1,0
185.946538600,1,1
185.946556000,1,0
185.946633800,1,1
185.946651200,1,0
185.946694400,1,1
185.946703200,1,0
185.946729000,1,1
185.946746600,1,0
185.946824400,1,1
185.946841800,1,0
185.946867600,1,1
185.946876400,1,0
185.946919600,1,1
185.946937000,1,0
185.946945600,1,1
185.946954400,1,0
185.947015000,1,1
185.947032400,1,0
185.947049600,1,1
185.947058400,1,0
185.947110200,1,1
185.947127600,1,0
185.947205600,1,1
185.947223000,1,0
185.947300800,1,1
185.947318200,1,0
185.947335400,1,1
185.947344200,1,0
185.947396000,1,1
185.947413600,1,0
185.947422000,1,1
185.947430800,1,0
185.947491400,1,1
185.947552200,1,0
185.947630000,1,1
185.947647400,1,0
185.947656000,1,1
185.947673400,1,0
185.947725200,1,1
185.947742600,1,0
185.947751200,1,1
185.947760000,1,0
185.947820600,1,1
185.947838000,1,0
185.947915800,1,1
185.947933200,1,0
185.947959200,1,1
185.947967800,1,0
185.948011200,1,1
185.948028600,1,0
185.948037000,1,1
185.948045800,1,0
185.948106400,1,1
185.948123800,1,0
185.948201600,1,1
185.948219000,1,0
185.948297000,1,1
185.948314400,1,0
185.948323000,1,1
185.948331600,1,0
185.948340200,1,1
185.948349000,1,0
185.948357600,1,1
185.948366400,1,0
185.948374800,1,1
185.948383600,1,0
185.948392200,1,1
185.948409600,1,0
185.948418200,1,1
185.948427000,1,0
185.948435600,1,1
185.948444200,1,0
185.948452800,1,1
185.948461600,1,0
185.948470200,1,1
185.948479000,1,0
185.948487400,1,1
186.897974800,0,1
186.897992000,1,1
186.898061200,0,1
186.898070000,1,1
186.898147800,0,1
186.898173800,1,1
186.898182400,0,1
186.898225600,1,1
186.898234400,0,1
186.898312200,1,1
186.898320800,0,1
186.898338200,1,1
186.898346800,0,1
186.898398800,1,1
186.898407400,0,1
186.898424800,1,1
186.898433400,0,1
186.898485200,1,1
186.898494000,0,1
186.898571800,1,1
186.898580400,0,1
186.898589200,1,1
186.898606400,0,1
186.898615000,1,1
186.898649800,0,1
186.898658400,1,1
186.898667000,0,1
186.898675600,1,1
186.898684400,0,1
186.898693000,1,1
186.898710200,0,1
186.898719000,1,1
186.898736200,0,1
186.898745000,1,1
186.923648000,1,0
186.923665200,1,1
186.923743400,1,0
186.923752000,1,1
186.923847400,1,0
186.923855800,1,1
186.923882000,1,0
186.923925200,1,1
186.923942600,1,0
186.924020400,1,1
186.924038000,1,0
186.924046400,1,1
186.924055200,1,0
186.924063800,1,1
186.924081200,1,0
186.924115800,1,1
186.924133200,1,0
186.924211000,1,1
186.924228400,1,0
186.924245800,1,1
186.924254400,1,0
186.924306400,1,1
186.924323800,1,0
186.924332400,1,1
186.924341200,1,0
186.924401600,1,1
186.924419000,1,0
186.924436200,1,1
186.924445000,1,0
186.924497000,1,1
186.924514400,1,0
186.924592200,1,1
186.924609600,1,0
186.924687600,1,1
186.924722200,1,0
186.924739600,1,1
186.924748200,1,0
186.924800200,1,1
186.924817600,1,0
186.924826200,1,1
186.924835000,1,0
186.924895400,1,1
186.924912800,1,0
186.924938800,1,1
186.924947600,1,0
186.924990800,1,1
186.925008200,1,0
186.925016800,1,1
186.925034200,1,0
186.925086000,1,1
186.925103400,1,0
186.925112000,1,1
186.925120800,1,0
186.925181400,1,1
186.925198800,1,0
186.925207400,1,1
186.925216000,1,0
186.925276600,1,1
186.925294000,1,0
186.925371800,1,1
186.925389400,1,0
186.925397800,1,1
186.925415400,1,0
186.925423800,1,1
186.925441200,1,0
186.925467200,1,1
186.925484600,1,0
186.925493200,1,1
186.925502000,1,0
186.925510600,1,1
186.925545200,1,0
186.925553800,1,1
186.926125600,0,1
186.926142800,1,1
186.926212000,0,1
186.926220600,1,1
186.926298600,0,1
186.926324600,1,1
186.926333200,0,1
186.926376400,1,1
186.926385200,0,1
186.926463000,1,1
186.926471600,0,1
186.926489000,1,1
186.926497600,0,1
186.926549600,1,1
186.926558200,0,1
186.926566800,1,1
186.926584200,0,1
186.926636000,1,1
186.926644800,0,1
186.926722600,1,1
186.926731200,0,1
186.926765800,1,1
186.926774600,0,1
186.926791800,1,1
186.926800400,0,1
186.926809200,1,1
186.926817800,0,1
186.926843800,1,1
186.926869800,0,1
186.926878400,1,1
186.926887000,0,1
186.926895600,1,1
186.949402000,1,0
186.949419200,1,1
186.949506000,1,0
186.949514600,1,1
186.949601200,1,0
186.949609800,1,1
186.949636000,1,0
186.949679200,1,1
186.949696600,1,0
186.949774400,1,1
186.949791800,1,0
186.949852400,1,1
186.949861200,1,0
186.949869800,1,1
186.949887200,1,0
186.949965000,1,1
186.949982400,1,0
186.949991000,1,1
186.950008400,1,0
186.950060400,1,1
186.950077800,1,0
186.950086400,1,1
186.950095000,1,0
186.950155600,1,1
186.950173000,1,0
186.950190200,1,1
186.950199000,1,0
186.950251000,1,1
186.950268400,1,0
186.950346200,1,1
186.950363600,1,0
186.950441400,1,1
186.950459000,1,0
186.950476200,1,1
186.950485000,1,0
186.950536800,1,1
186.950554200,1,0
186.950562800,1,1
186.950571600,1,0
186.950632200,1,1
186.950649600,1,0
186.950658200,1,1
186.950666800,1,0
186.950727400,1,1
186.950762200,1,0
186.950770800,1,1
186.950788200,1,0
186.950840000,1,1
186.950857400,1,0
186.950866000,1,1
186.950874800,1,0
186.950935400,1,1
186.950952800,1,0
186.951030600,1,1
186.951048200,1,0
186.951074000,1,1
186.951082800,1,0
186.951126000,1,1
186.951264600,1,0
186.951273200,1,1
186.951282000,1,0
186.951342600,1,1
186.951360000,1,0
186.951368600,1,1
186.951386000,1,0
186.951394600,1,1
186.951429200,1,0
186.951437800,1,1
186.951455200,1,0
186.951463800,1,1
186.951472600,1,0
186.951481200,1,1
186.951490000,1,0
186.951533200,1,1
186.951550600,1,0
186.951559200,1,1
186.951567800,1,0
186.951628400,1,1
186.951645800,1,0
186.951654400,1,1
186.951671800,1,0
186.951680400,1,1
186.951715200,1,0
186.951723800,1,1
186.951741200,1,0
186.951758400,1,1
186.951767200,1,0
186.951775800,1,1
186.951784400,1,0
186.951819000,1,1
186.951836400,1,0
186.951845000,1,1
186.951853800,1,0
186.951914200,1,1
186.951931800,1,0
186.951949000,1,1
186.951957600,1,0
186.952009600,1,1
186.952027000,1,0
186.952053000,1,1
186.952070400,1,0
186.952104800,1,1
186.952139600,1,0
186.952148200,1,1
186.952157000,1,0
186.952217600,1,1
186.952235000,1,0
186.952312800,1,1
186.952330200,1,0
186.952338800,1,1
186.952347600,1,0
186.952356200,1,1
186.952373600,1,0
186.952408200,1,1
186.952425600,1,0
186.952434200,1,1
186.952442800,1,0
186.952503400,1,1
186.952520800,1,0
186.952538000,1,1
186.952546800,1,0
186.952598800,1,1
186.952616200,1,0
186.952659400,1,1
186.952668200,1,0
186.952694000,1,1
186.952711400,1,0
186.952720000,1,1
186.952728800,1,0
186.952789400,1,1
186.952806800,1,0
186.952884600,1,1
186.952902000,1,0
186.952910600,1,1
186.952919400,1,0
186.952945400,1,1
186.952954000,1,0
186.952980000,1,1
186.953014800,1,0
186.953032000,1,1
186.953040800,1,0
186.953092600,1,1
186.953110000,1,0
186.953188000,1,1
186.953205400,1,0
186.953283200,1,1
186.953300600,1,0
186.953352600,1,1
186.953361400,1,0
186.953378600,1,1
186.953396000,1,0
186.953404600,1,1
186.953413400,1,0
186.953473800,1,1
186.953491200,1,0
186.953499800,1,1
186.953508600,1,0
186.953517200,1,1
186.953526000,1,0
186.953569200,1,1
186.953586600,1,0
186.953595200,1,1
186.953603800,1,0
186.953638400,1,1
186.953647200,1,0
186.953664400,1,1
186.953681800,1,0
186.953699000,1,1
186.953707800,1,0
186.953759800,1,1
186.953777200,1,0
186.953855000,1,1
186.953898400,1,0
186.953907000,1,1
186.953933000,1,0
186.953941600,1,1
186.953950400,1,0
186.953976400,1,1
186.953993800,1,0
186.954011000,1,1
186.954019800,1,0
186.954028200,1,1
186.954037000,1,0
186.954045600,1,1
186.954054400,1,0
186.954071600,1,1
186.954089000,1,0
186.954097600,1,1
186.954106400,1,0
186.954167000,1,1
186.954184400,1,0
186.954193000,1,1
186.954201600,1,0
186.954262200,1,1
186.954279600,1,0
186.954288200,1,1
186.954305600,1,0
186.954314200,1,1
186.954323000,1,0
186.954331600,1,1
186.954340200,1,0
186.954357600,1,1
186.954401000,1,0
186.954409400,1,1
186.954418200,1,0
186.954478800,1,1
186.954496200,1,0
186.954504800,1,1
186.954513600,1,0
186.954574200,1,1
186.954591600,1,0
186.954617400,1,1
186.954634800,1,0
186.954643400,1,1
186.954652200,1,0
186.954669400,1,1
186.954686800,1,0
186.954695400,1,1
186.954704200,1,0
186.954764600,1,1
186.954782200,1,0
186.954808000,1,1
186.954816800,1,0
186.954860000,1,1
186.954894800,1,0
186.954938000,1,1
186.954955400,1,0
186.954972600,1,1
186.954990000,1,0
186.954998600,1,1
186.955007400,1,0
186.955067800,1,1
186.955085400,1,0
186.955111200,1,1
186.955120000,1,0
186.955137200,1,1
186.955154600,1,0
186.955163200,1,1
186.955180600,1,0
186.955206400,1,1
186.955215200,1,0
186.955223800,1,1
186.955241200,1,0
186.955258400,1,1
186.955275800,1,0
186.955284400,1,1
186.955293200,1,0
186.955353800,1,1
186.955371200,1,0
186.955449000,1,1
186.955466400,1,0
186.955483800,1,1
186.955501200,1,0
186.955509800,1,1
186.955527200,1,0
186.955544400,1,1
186.955561800,1,0
186.955570400,1,1
186.955579200,1,0
186.955639600,1,1
186.955657000,1,0
186.955735000,1,1
186.955769800,1,0
186.955830200,1,1
186.955839000,1,0
186.955847600,1,1
186.955865000,1,0
186.955882200,1,1
186.955891000,1,0
186.955942800,1,1
186.955960400,1,0
186.956038200,1,1
186.956055600,1,0
186.956133600,1,1
186.956151000,1,0
186.956228800,1,1
186.956246200,1,0
186.956254800,1,1
186.956306800,1,0
186.956315400,1,1
186.956341600,1,0
186.956350000,1,1
186.956376200,1,0
186.956384800,1,1
186.956402200,1,0
186.956419400,1,1
186.966114600,0,1
186.966132000,1,1
186.966201200,0,1
186.966209800,1,1
186.966287800,0,1
186.966313800,1,1
186.966322400,0,1
186.966365600,1,1
186.966374200,0,1
186.966452200,1,1
186.966460800,0,1
186.966478200,1,1
186.966486800,0,1
186.966538800,1,1
186.966547400,0,1
186.966573400,1,1
186.966582000,0,1
186.966625200,1,1
186.966634000,0,1
186.966711800,1,1
186.966720400,0,1
186.966729000,1,1
186.966737800,0,1
186.966763800,1,1
186.966772400,0,1
186.966781000,1,1
186.966807000,0,1
186.966815600,1,1
186.966833000,0,1
186.966841600,1,1
186.966850200,0,1
186.966867600,1,1
186.988883400,1,0
186.988900600,1,1
186.988978800,1,0
186.988987200,1,1
186.989082800,1,0
186.989091200,1,1
186.989117400,1,0
186.989160600,1,1
186.989178000,1,0
186.989255800,1,1
186.989273200,1,0
186.989316600,1,1
186.989325200,1,0
186.989351200,1,1
186.989368600,1,0
186.989446400,1,1
186.989463800,1,0
186.989489800,1,1
186.989498600,1,0
186.989541800,1,1
186.989559200,1,0
186.989567800,1,1
186.989576400,1,0
186.989637000,1,1
186.989654400,1,0
186.989671600,1,1
186.989680400,1,0
186.989732400,1,1
186.989749800,1,0
186.989827600,1,1
186.989845000,1,0
186.989923000,1,1
186.989940400,1,0
186.989957600,1,1
186.989966400,1,0
186.990018200,1,1
186.990035600,1,0
186.990044200,1,1
186.990053000,1,0
186.990113400,1,1
186.990131000,1,0
186.990208800,1,1
186.990226200,1,0
186.990234800,1,1
186.990252200,1,0
186.990304000,1,1
186.990338800,1,0
186.990347400,1,1
186.990356200,1,0
186.990416800,1,1
186.990434200,1,0
186.990512000,1,1
186.990529400,1,0
186.990555400,1,1
186.990564000,1,0
186.990607400,1,1
186.990624800,1,0
186.990633400,1,1
186.990642000,1,0
186.990702600,1,1
186.990720000,1,0
186.990797800,1,1
186.990815400,1,0
186.990893200,1,1
186.990910600,1,0
186.990919200,1,1
186.990928000,1,0
186.990936600,1,1
186.990945200,1,0
186.990953800,1,1
186.990962600,1,0
186.990971200,1,1
186.990980000,1,0
186.990988400,1,1
186.991006000,1,0
186.991014400,1,1
186.991023200,1,0
186.991031800,1,1
186.991040600,1,0
186.991049200,1,1
186.991057800,1,0
186.991066400,1,1
186.991075200,1,0
186.991083800,1,1
187.939969000,0,1
187.939986400,1,1
187.940055600,0,1
187.940064200,1,1
187.940142200,0,1
187.940168200,1,1
187.940176800,0,1
187.940220000,1,1
187.940228800,0,1
187.940306600,1,1
187.940315200,0,1
187.940332600,1,1
187.940341200,0,1
187.940393200,1,1
187.940401800,0,1
187.940419000,1,1
187.940427800,0,1
187.940479600,1,1
187.940488400,0,1
187.940566200,1,1
187.940574800,0,1
187.940583600,1,1
187.940600800,0,1
187.940609400,1,1
187.940644000,0,1
187.940652800,1,1
187.940661400,0,1
187.940670000,1,1
187.940678800,0,1
187.940687400,1,1
187.940704600,0,1
187.940713400,1,1
187.940730600,0,1
187.940739200,1,1
187.961324400,1,0
187.961341600,1,1
187.961419600,1,0
187.961428200,1,1
187.961515000,1,0
187.961523400,1,1
187.961549600,1,0
187.961592800,1,1
187.961610200,1,0
187.961688000,1,1
187.961705400,1,0
187.961714000,1,1
187.961722800,1,0
187.961731400,1,1
187.961748800,1,0
187.961783400,1,1
187.961800800,1,0
187.961878600,1,1
187.961896000,1,0
187.961913400,1,1
187.961922000,1,0
187.961974000,1,1
187.961991400,1,0
187.962000000,1,1
187.962008800,1,0
187.962069200,1,1
187.962086600,1,0
187.962104000,1,1
187.962112600,1,0
187.962164600,1,1
187.962182000,1,0
187.962259800,1,1
187.962277200,1,0
187.962355200,1,1
187.962372600,1,0
187.962389800,1,1
187.962398600,1,0
187.962450400,1,1
187.962467800,1,0
187.962476400,1,1
187.962485200,1,0
187.962545800,1,1
187.962563200,1,0
187.962589000,1,1
187.962597800,1,0
187.962641000,1,1
187.962658400,1,0
187.962667000,1,1
187.962684400,1,0
187.962736200,1,1
187.962753600,1,0
187.962762200,1,1
187.962771000,1,0
187.962831600,1,1
187.962866400,1,0
187.962874800,1,1
187.962883600,1,0
187.962944200,1,1
187.962961600,1,0
187.963039400,1,1
187.963056800,1,0
187.963065400,1,1
187.963082800,1,0
187.963091400,1,1
187.963108800,1,0
187.963134800,1,1
187.963152200,1,0
187.963160800,1,1
187.963169400,1,0
187.963178000,1,1
187.963212800,1,0
187.963221400,1,1
187.963810200,0,1
187.963827600,1,1
187.963896800,0,1
187.963905400,1,1
187.963983400,0,1
187.964009400,1,1
187.964018000,0,1
187.964061200,1,1
187.964070000,0,1
187.964147800,1,1
187.964156400,0,1
187.964173800,1,1
187.964182400,0,1
187.964234400,1,1
187.964243000,0,1
187.964251600,1,1
187.964269000,0,1
187.964320800,1,1
187.964329600,0,1
187.964407400,1,1
187.964416000,0,1
187.964450600,1,1
187.964459400,0,1
187.964476600,1,1
187.964485200,0,1
187.964494000,1,1
187.964502600,0,1
187.964528600,1,1
187.964554600,0,1
187.964563200,1,1
187.964571800,0,1
187.964580400,1,1
187.987054400,1,0
187.987071600,1,1
187.987158400,1,0
187.987166800,1,1
187.987253600,1,0
187.987262200,1,1
187.987288200,1,0
187.987331400,1,1
187.987348800,1,0
187.987426800,1,1
187.987444200,1,0
187.987504800,1,1
187.987513400,1,0
187.987522000,1,1
187.987539400,1,0
187.987617400,1,1
187.987634800,1,0
187.987643400,1,1
187.987660800,1,0
187.987712600,1,1
187.987730000,1,0
187.987738600,1,1
187.987747400,1,0
187.987808000,1,1
187.987825400,1,0
187.987842600,1,1
187.987851400,1,0
187.987903200,1,1
187.987920600,1,0
187.987998600,1,1
187.988016000,1,0
187.988093800,1,1
187.988111200,1,0
187.988128400,1,1
187.988137200,1,0
187.988189200,1,1
187.988206600,1,0
187.988215200,1,1
187.988223800,1,0
187.988284400,1,1
187.988301800,1,0
187.988310400,1,1
187.988319200,1,0
187.988379600,1,1
187.988414400,1,0
187.988423000,1,1
187.988440400,1,0
187.988492400,1,1
187.988509800,1,0
187.988518400,1,1
187.988527000,1,0
187.988587600,1,1
187.988605000,1,0
187.988683000,1,1
187.988700400,1,0
187.988726200,1,1
187.988735000,1,0
187.988778200,1,1
187.988795600,1,0
187.988804200,1,1
187.988813000,1,0
187.988873600,1,1
187.988891000,1,0
187.988899600,1,1
187.988917000,1,0
187.988925600,1,1
187.988960200,1,0
187.988968800,1,1
187.988986200,1,0
187.988994800,1,1
187.989003600,1,0
187.989012200,1,1
187.989020800,1,0
187.989064200,1,1
187.989081600,1,0
187.989090200,1,1
187.989098800,1,0
187.989159400,1,1
187.989176800,1,0
187.989185400,1,1
187.989202800,1,0
187.989211400,1,1
187.989246200,1,0
187.989254600,1,1
187.989289400,1,0
187.989306600,1,1
187.989315400,1,0
187.989324000,1,1
187.989332800,1,0
187.989367400,1,1
187.989384800,1,0
187.989393200,1,1
187.989402000,1,0
187.989462600,1,1
187.989480000,1,0
187.989497200,1,1
187.989506000,1,0
187.989558000,1,1
187.989575400,1,0
187.989601200,1,1
187.989618600,1,0
187.989653200,1,1
187.989670600,1,0
187.989679200,1,1
187.989688000,1,0
187.989748600,1,1
187.989766000,1,0
187.989843800,1,1
187.989861200,1,0
187.989869800,1,1
187.989878600,1,0
187.989887200,1,1
187.989904600,1,0
187.989939200,1,1
187.989956600,1,0
187.989965000,1,1
187.989973800,1,0
187.990034400,1,1
187.990051800,1,0
187.990069000,1,1
187.990077800,1,0
187.990129800,1,1
187.990164400,1,0
187.990207600,1,1
187.990216400,1,0
187.990242400,1,1
187.990259800,1,0
187.990268400,1,1
187.990277200,1,0
187.990337600,1,1
187.990355000,1,0
187.990433000,1,1
187.990450400,1,0
187.990459000,1,1
187.990467800,1,0
187.990493600,1,1
187.990502400,1,0
187.990528200,1,1
187.990545600,1,0
187.990563000,1,1
187.990571600,1,0
187.990623600,1,1
187.990641000,1,0
187.990718800,1,1
187.990736400,1,0
187.990814200,1,1
187.990831600,1,0
187.990883600,1,1
187.990892200,1,0
187.990909600,1,1
187.990927000,1,0
187.990935600,1,1
187.990944200,1,0
187.991004800,1,1
187.991039600,1,0
187.991048200,1,1
187.991057000,1,0
187.991065400,1,1
187.991074200,1,0
187.991117400,1,1
187.991134800,1,0
187.991143400,1,1
187.991152200,1,0
187.991186800,1,1
187.991195600,1,0
187.991212800,1,1
187.991230200,1,0
187.991247400,1,1
187.991256200,1,0
187.991308000,1,1
187.991325600,1,0
187.991403400,1,1
187.991420800,1,0
187.991455400,1,1
187.991472800,1,0
187.991498800,1,1
187.991516200,1,0
187.991533400,1,1
187.991542200,1,0
187.991550600,1,1
187.991559400,1,0
187.991568000,1,1
187.991576800,1,0
187.991594000,1,1
187.991611400,1,0
187.991620000,1,1
187.991628800,1,0
187.991689400,1,1
187.991706800,1,0
187.991715400,1,1
187.991724000,1,0
187.991784600,1,1
187.991802000,1,0
187.991810600,1,1
187.991828000,1,0
187.991836600,1,1
187.991845400,1,0
187.991854000,1,1
187.991862600,1,0
187.991880000,1,1
187.991940600,1,0
187.991949200,1,1
187.991958000,1,0
187.992018600,1,1
187.992088000,1,0
187.992096600,1,1
187.992105200,1,0
187.992165800,1,1
187.992183200,1,0
187.992209200,1,1
187.992226600,1,0
187.992235200,1,1
187.992243800,1,0
187.992261200,1,1
187.992287200,1,0
187.992295800,1,1
187.992304600,1,0
187.992365000,1,1
187.992382400,1,0
187.992408400,1,1
187.992417200,1,0
187.992460400,1,1
187.992477800,1,0
187.992521000,1,1
187.992538400,1,0
187.992555600,1,1
187.992573200,1,0
187.992581600,1,1
187.992590400,1,0
187.992651000,1,1
187.992668400,1,0
187.992694400,1,1
187.992703000,1,0
187.992720400,1,1
187.992737800,1,0
187.992746400,1,1
187.992763800,1,0
187.992789600,1,1
187.992798400,1,0
187.992807000,1,1
187.992824400,1,0
187.992841600,1,1
187.992859000,1,0
187.992867600,1,1
187.992876400,1,0
187.992937000,1,1
187.992954400,1,0
187.993032200,1,1
187.993049600,1,0
187.993067000,1,1
187.993084400,1,0
187.993093000,1,1
187.993110400,1,0
187.993127600,1,1
187.993145000,1,0
187.993153600,1,1
187.993162400,1,0
187.993222800,1,1
187.993240400,1,0
187.993318200,1,1
187.993335600,1,0
187.993396200,1,1
187.993405000,1,0
187.993413600,1,1
187.993431000,1,0
187.993448200,1,1
187.993457000,1,0
187.993508800,1,1
187.993543600,1,0
187.993621400,1,1
187.993638800,1,0
187.993716800,1,1
187.993734200,1,0
187.993812000,1,1
187.993829400,1,0
187.993846800,1,1
187.993855400,1,0
187.993872600,1,1
187.993881400,1,0
187.993898600,1,1
187.993924800,1,0
187.993933400,1,1
187.993959400,1,0
187.994002600,1,1
188.004102400,0,1
188.004119600,1,1
188.004188800,0,1
188.004197600,1,1
188.004275400,0,1
188.004301400,1,1
188.004310000,0,1
188.004353400,1,1
188.004362000,0,1
188.004439800,1,1
188.004448400,0,1
188.004465800,1,1
188.004474400,0,1
188.004526400,1,1
188.004535000,0,1
188.004561000,1,1
188.004569600,0,1
188.004613000,1,1
188.004621600,0,1
188.004699400,1,1
188.004708200,0,1
188.004716800,1,1
188.004725400,0,1
188.004751400,1,1
188.004760000,0,1
188.004768600,1,1
188.004794600,0,1
188.004803200,1,1
188.004820600,0,1
188.004829200,1,1
188.004838000,0,1
188.004855200,1,1
188.026563000,1,0
188.026580200,1,1
188.026658200,1,0
188.026666800,1,1
188.026753600,1,0
188.026762200,1,1
188.026788200,1,0
188.026831400,1,1
188.026857600,1,0
188.026935400,1,1
188.026952800,1,0
188.026996200,1,1
188.027004800,1,0
188.027030800,1,1
188.027048200,1,0
188.027126000,1,1
188.027143400,1,0
188.027169400,1,1
188.027178200,1,0
188.027221400,1,1
188.027238800,1,0
188.027247400,1,1
188.027256000,1,0
188.027316600,1,1
188.027334000,1,0
188.027351200,1,1
188.027360000,1,0
188.027412000,1,1
188.027429400,1,0
188.027507200,1,1
188.027524600,1,0
188.027602600,1,1
188.027620000,1,0
188.027637200,1,1
188.027646000,1,0
188.027697800,1,1
188.027732600,1,0
188.027741200,1,1
188.027750000,1,0
188.027810400,1,1
188.027827800,1,0
188.027905800,1,1
188.027923200,1,0
188.027931800,1,1
188.027949200,1,0
188.028001000,1,1
188.028018400,1,0
188.028027000,1,1
188.028035800,1,0
188.028096400,1,1
188.028113800,1,0
188.028191600,1,1
188.028209200,1,0
188.028235000,1,1
188.028243800,1,0
188.028287000,1,1
188.028304400,1,0
188.028313000,1,1
188.028321800,1,0
188.028382200,1,1
188.028399800,1,0
188.028477600,1,1
188.028495000,1,0
188.028573000,1,1
188.028607600,1,0
188.028616200,1,1
188.028625000,1,0
188.028633600,1,1
188.028642400,1,0
188.028650800,1,1
188.028659600,1,0
188.028668200,1,1
188.028677000,1,0
188.028685600,1,1
188.028703000,1,0
188.028711600,1,1
188.028720200,1,0
188.028728800,1,1
188.028737600,1,0
188.028746200,1,1
188.028755000,1,0
188.028763400,1,1
188.028772200,1,0
188.028780800,1,1
188.977965400,0,1
188.977982800,1,1
188.978052000,0,1
188.978060600,1,1
188.978138400,0,1
188.978164400,1,1
188.978173200,0,1
188.978216400,1,1
188.978225000,0,1
188.978303000,1,1
188.978311600,0,1
188.978328800,1,1
188.978337600,0,1
188.978389400,1,1
188.978398200,0,1
188.978415400,1,1
188.978424000,0,1
188.978476000,1,1
188.978484600,0,1
188.978562600,1,1
188.978571200,0,1
188.978579800,1,1
188.978597200,0,1
188.978605800,1,1
188.978640400,0,1
188.978649000,1,1
188.978657800,0,1
188.978666400,1,1
188.978675000,0,1
188.978683600,1,1
188.978701000,0,1
188.978709600,1,1
188.978727000,0,1
188.978735600,1,1
188.999134400,1,0
188.999151600,1,1
188.999229800,1,0
188.999238400,1,1
188.999325000,1,0
188.999333600,1,1
188.999359800,1,0
188.999403000,1,1
188.999420400,1,0
188.999498200,1,1
188.999515600,1,0
188.999524200,1,1
188.999533000,1,0
188.999541600,1,1
188.999559000,1,0
188.999593600,1,1
188.999611000,1,0
188.999688800,1,1
188.999706200,1,0
188.999723400,1,1
188.999732200,1,0
188.999784200,1,1
188.999801600,1,0
188.999810200,1,1
188.999818800,1,0
188.999879400,1,1
188.999896800,1,0
188.999914000,1,1
188.999922800,1,0
188.999974800,1,1
188.999992200,1,0
189.000070000,1,1
189.000087400,1,0
189.000165400,1,1
189.000200000,1,0
189.000217400,1,1
189.000226000,1,0
189.000278000,1,1
189.000295400,1,0
189.000304000,1,1
189.000312600,1,0
189.000373200,1,1
189.000390600,1,0
189.000416600,1,1
189.000425400,1,0
189.000468600,1,1
189.000486000,1,0
189.000494600,1,1
189.000512000,1,0
189.000563800,1,1
189.000581200,1,0
189.000589800,1,1
189.000598600,1,0
189.000659200,1,1
189.000676600,1,0
189.000685200,1,1
189.000693800,1,0
189.000754400,1,1
189.000771800,1,0
189.000849800,1,1
189.000867200,1,0
189.000875800,1,1
189.000893200,1,0
189.000901800,1,1
189.000919200,1,0
189.000945000,1,1
189.000962400,1,0
189.000971000,1,1
189.000979800,1,0
189.000988400,1,1
189.001023200,1,0
189.001031600,1,1
189.001573000,0,1
189.001590200,1,1
189.001659600,0,1
189.001668200,1,1
189.001746000,0,1
189.001772000,1,1
189.001780600,0,1
189.001824000,1,1
189.001832600,0,1
189.001910400,1,1
189.001919200,0,1
189.001936400,1,1
189.001945000,0,1
189.001997000,1,1
189.002005600,0,1
189.002014400,1,1
189.002031600,0,1
189.002083600,1,1
189.002092200,0,1
189.002170000,1,1
189.002178800,0,1
189.002213400,1,1
189.002222000,0,1
189.002239200,1,1
189.002248000,0,1
189.002256600,1,1
189.002265200,0,1
189.002291200,1,1
189.002317200,0,1
189.002325800,1,1
189.002334400,0,1
189.002343200,1,1
189.024881000,1,0
189.024898200,1,1
189.024993600,1,0
189.025002200,1,1
189.025089000,1,0
189.025097600,1,1
189.025123600,1,0
189.025166800,1,1
189.025184200,1,0
189.025262000,1,1
189.025279400,1,0
189.025340000,1,1
189.025348800,1,0
189.025357400,1,1
189.025374800,1,0
189.025452600,1,1
189.025496000,1,0
189.025504600,1,1
189.025522000,1,0
189.025573800,1,1
189.025591200,1,0
189.025599800,1,1
189.025608600,1,0
189.025669200,1,1
189.025686600,1,0
189.025703800,1,1
189.025712600,1,0
189.025764400,1,1
189.025781800,1,0
189.025859800,1,1
189.025877200,1,0
189.025955000,1,1
189.025989800,1,0
189.026007000,1,1
189.026015800,1,0
189.026067600,1,1
189.026085000,1,0
189.026093600,1,1
189.026102400,1,0
189.026162800,1,1
189.026180200,1,0
189.026188800,1,1
189.026197600,1,0
189.026258200,1,1
189.026275600,1,0
189.026284000,1,1
189.026301600,1,0
189.026353400,1,1
189.026370800,1,0
189.026379400,1,1
189.026388200,1,0
189.026448600,1,1
189.026466000,1,0
189.026544000,1,1
189.026561400,1,0
189.026587200,1,1
189.026596000,1,0
189.026639200,1,1
189.026656600,1,0
189.026665200,1,1
189.026674000,1,0
189.026734600,1,1
189.026752000,1,0
189.026760400,1,1
189.026778000,1,0
189.026786400,1,1
189.026821200,1,0
189.026829800,1,1
189.026864600,1,0
189.026873000,1,1
189.026881800,1,0
189.026890400,1,1
189.026899200,1,0
189.026942400,1,1
189.026959800,1,0
189.026968400,1,1
189.026977200,1,0
189.027037600,1,1
189.027055000,1,0
189.027063600,1,1
189.027081000,1,0
189.027089600,1,1
189.027124400,1,0
189.027133000,1,1
189.027150400,1,0
189.027167600,1,1
189.027176400,1,0
189.027185000,1,1
189.027193600,1,0
189.027228200,1,1
189.027245600,1,0
189.027254200,1,1
189.027263000,1,0
189.027323600,1,1
189.027341000,1,0
189.027358200,1,1
189.027367000,1,0
189.027418800,1,1
189.027436200,1,0
189.027462000,1,1
189.027479600,1,0
189.027514000,1,1
189.027531400,1,0
189.027540000,1,1
189.027548800,1,0
189.027609400,1,1
189.027626800,1,0
189.027704600,1,1
189.027722000,1,0
189.027730600,1,1
189.027739400,1,0
189.027747800,1,1
189.027765200,1,0
189.027799800,1,1
189.027817200,1,0
189.027825800,1,1
189.027834600,1,0
189.027895200,1,1
189.027912600,1,0
189.027929800,1,1
189.027938400,1,0
189.027990400,1,1
189.028007800,1,0
189.028051000,1,1
189.028059800,1,0
189.028085600,1,1
189.028111800,1,0
189.028120200,1,1
189.028129000,1,0
189.028189600,1,1
189.028207000,1,0
189.028284800,1,1
189.028302200,1,0
189.028310800,1,1
189.028319600,1,0
189.028345400,1,1
189.028354200,1,0
189.028380200,1,1
189.028397600,1,0
189.028414800,1,1
189.028423600,1,0
189.028475400,1,1
189.028501400,1,0
189.028579400,1,1
189.028596800,1,0
189.028674600,1,1
189.028692000,1,0
189.028744000,1,1
189.028752800,1,0
189.028770000,1,1
189.028787400,1,0
189.028796000,1,1
189.028804600,1,0
189.028865200,1,1
189.028882600,1,0
189.028891200,1,1
189.028900000,1,0
189.028908600,1,1
189.028917200,1,0
189.028960600,1,1
189.028995200,1,0
189.029003800,1,1
189.029012600,1,0
189.029047200,1,1
189.029055800,1,0
189.029073000,1,1
189.029090600,1,0
189.029107800,1,1
189.029116400,1,0
189.029168400,1,1
189.029185800,1,0
189.029263600,1,1
189.029281000,1,0
189.029298200,1,1
189.029307000,1,0
189.029315600,1,1
189.029333000,1,0
189.029359000,1,1
189.029376400,1,0
189.029393600,1,1
189.029402400,1,0
189.029410800,1,1
189.029419600,1,0
189.029428200,1,1
189.029437000,1,0
189.029454200,1,1
189.029471600,1,0
189.029480200,1,1
189.029489000,1,0
189.029549400,1,1
189.029566800,1,0
189.029575400,1,1
189.029584200,1,0
189.029644800,1,1
189.029662200,1,0
189.029670800,1,1
189.029688200,1,0
189.029696800,1,1
189.029705400,1,0
189.029714000,1,1
189.029722800,1,0
189.029740000,1,1
189.029757400,1,0
189.029766000,1,1
189.029774800,1,0
189.029835400,1,1
189.029870000,1,0
189.029878600,1,1
189.029887400,1,0
189.029948000,1,1
189.029965400,1,0
189.029991200,1,1
189.030008600,1,0
189.030017200,1,1
189.030026000,1,0
189.030043200,1,1
189.030060600,1,0
189.030069200,1,1
189.030078000,1,0
189.030138400,1,1
189.030156000,1,0
189.030181800,1,1
189.030190600,1,0
189.030233800,1,1
189.030251200,1,0
189.030294400,1,1
189.030311800,1,0
189.030329000,1,1
189.030346400,1,0
189.030355000,1,1
189.030363800,1,0
189.030424400,1,1
189.030441800,1,0
189.030467600,1,1
189.030476400,1,0
189.030493600,1,1
189.030511000,1,0
189.030519600,1,1
189.030537000,1,0
189.030563000,1,1
189.030571600,1,0
189.030580200,1,1
189.030597600,1,0
189.030615000,1,1
189.030632400,1,0
189.030640800,1,1
189.030649600,1,0
189.030710200,1,1
189.030727600,1,0
189.030805400,1,1
189.030822800,1,0
189.030840000,1,1
189.030857600,1,0
189.030866000,1,1
189.030883600,1,0
189.030900800,1,1
189.030918200,1,0
189.030926800,1,1
189.030935400,1,0
189.030996000,1,1
189.031013400,1,0
189.031091200,1,1
189.031117400,1,0
189.031178000,1,1
189.031186600,1,0
189.031195200,1,1
189.031212600,1,0
189.031229800,1,1
189.031238600,1,0
189.031290600,1,1
189.031308000,1,0
189.031385800,1,1
189.031403200,1,0
189.031481000,1,1
189.031507200,1,0
189.031585000,1,1
189.031602400,1,0
189.031628400,1,1
189.031697800,1,0
189.031706400,1,1
189.031715000,1,0
189.031775600,1,1
189.040099600,0,1
189.040117000,1,1
189.040186200,0,1
189.040194800,1,1
189.040272800,0,1
189.040298600,1,1
189.040307400,0,1
189.040350600,1,1
189.040359200,0,1
189.040437200,1,1
189.040445800,0,1
189.040463000,1,1
189.040471800,0,1
189.040523600,1,1
189.040532400,0,1
189.040558200,1,1
189.040567000,0,1
189.040610200,1,1
189.040618800,0,1
189.040696800,1,1
189.040705400,0,1
189.040714000,1,1
189.040722800,0,1
189.040748600,1,1
189.040757400,0,1
189.040766000,1,1
189.040792000,0,1
189.040800600,1,1
189.040818000,0,1
189.040826600,1,1
189.040835200,0,1
189.040852600,1,1
189.064474600,1,0
189.064491800,1,1
189.064570000,1,0
189.064578400,1,1
189.064682600,1,0
189.064691000,1,1
189.064717200,1,0
189.064760400,1,1
189.064777800,1,0
189.064855600,1,1
189.064873000,1,0
189.064916200,1,1
189.064925000,1,0
189.064951000,1,1
189.064968400,1,0
189.065046200,1,1
189.065063600,1,0
189.065089600,1,1
189.065098200,1,0
189.065141400,1,1
189.065159000,1,0
189.065167400,1,1
189.065176200,1,0
189.065236800,1,1
189.065254200,1,0
189.065271400,1,1
189.065280200,1,0
189.065332000,1,1
189.065349400,1,0
189.065427400,1,1
189.065444800,1,0
189.065522600,1,1
189.065566000,1,0
189.065583200,1,1
189.065592000,1,0
189.065643800,1,1
189.065661200,1,0
189.065669800,1,1
189.065678600,1,0
189.065739200,1,1
189.065756600,1,0
189.065834400,1,1
189.065851800,1,0
189.065860400,1,1
189.065877800,1,0
189.065929600,1,1
189.065947200,1,0
189.065955600,1,1
189.065964400,1,0
189.066025000,1,1
189.066068400,1,0
189.066146200,1,1
189.066163600,1,0
189.066189600,1,1
189.066198200,1,0
189.066241600,1,1
189.066259000,1,0
189.066267400,1,1
189.066276200,1,0
189.066336800,1,1
189.066354200,1,0
189.066432000,1,1
189.066449400,1,0
189.066527400,1,1
189.066562200,1,0
189.066570600,1,1
189.066579400,1,0
189.066588000,1,1
189.066596800,1,0
189.066605400,1,1
189.066614000,1,0
189.066622600,1,1
189.066631400,1,0
189.066640000,1,1
189.066657400,1,0
189.066666000,1,1
189.066674800,1,0
189.066683400,1,1
189.066692000,1,0
189.066700600,1,1
189.066709400,1,0
189.066718000,1,1
189.066726800,1,0
189.066735200,1,1
190.015961800,0,1
190.015979000,1,1
190.016048200,0,1
190.016057000,1,1
190.016134800,0,1
190.016160800,1,1
190.016169400,0,1
190.016212800,1,1
190.016221400,0,1
190.016299200,1,1
190.016308000,0,1
190.016325200,1,1
190.016333800,0,1
190.016385800,1,1
190.016394400,0,1
190.016411800,1,1
190.016420400,0,1
190.016472400,1,1
190.016481000,0,1
190.016558800,1,1
190.016567600,0,1
190.016576200,1,1
190.016593400,0,1
190.016602200,1,1
190.016636800,0,1
190.016645400,1,1
190.016654000,0,1
190.016662800,1,1
190.016671400,0,1
190.016680000,1,1
190.016697400,0,1
190.016706000,1,1
190.016723200,0,1
190.016732000,1,1
190.041986600,1,0
190.042003800,1,1
190.042082000,1,0
190.042090600,1,1
190.042194600,1,0
190.042203200,1,1
190.042229200,1,0
190.042272400,1,1
190.042289800,1,0
190.042367800,1,1
190.042385200,1,0
190.042393800,1,1
190.042402400,1,0
190.042411000,1,1
190.042428400,1,0
190.042463000,1,1
190.042480400,1,0
190.042558400,1,1
190.042575800,1,0
190.042593000,1,1
190.042601800,1,0
190.042653600,1,1
190.042671000,1,0
190.042679600,1,1
190.042688400,1,0
190.042748800,1,1
190.042766400,1,0
190.042783600,1,1
190.042792400,1,0
190.042844200,1,1
190.042861600,1,0
190.042939400,1,1
190.042956800,1,0
190.043034800,1,1
190.043173400,1,0
190.043190600,1,1
190.043199400,1,0
190.043251400,1,1
190.043268800,1,0
190.043277400,1,1
190.043286000,1,0
190.043346600,1,1
190.043364000,1,0
190.043390000,1,1
190.043398800,1,0
190.043442000,1,1
190.043459400,1,0
190.043468000,1,1
190.043485400,1,0
190.043537200,1,1
190.043572000,1,0
190.043580600,1,1
190.043589200,1,0
190.043649800,1,1
190.043667200,1,0
190.043675800,1,1
190.043684600,1,0
190.043745200,1,1
190.043762600,1,0
190.043840400,1,1
190.043857800,1,0
190.043866400,1,1
190.043883800,1,0
190.043892400,1,1
190.043909800,1,0
190.043935800,1,1
190.043953200,1,0
190.043961800,1,1
190.043970400,1,0
190.043979000,1,1
190.044013800,1,0
190.044022400,1,1
190.044605800,0,1
190.044623200,1,1
190.044692400,0,1
190.044701000,1,1
190.044778800,0,1
190.044804800,1,1
190.044813400,0,1
190.044856800,1,1
190.044865400,0,1
190.044943200,1,1
190.044952000,0,1
190.044969200,1,1
190.044978000,0,1
190.045029800,1,1
190.045038400,0,1
190.045047200,1,1
190.045064400,0,1
190.045116400,1,1
190.045125000,0,1
190.045203000,1,1
190.045211600,0,1
190.045246200,1,1
190.045254800,0,1
190.045272200,1,1
190.045280800,0,1
190.045289400,1,1
190.045298200,0,1
190.045324000,1,1
190.045350000,0,1
190.045358600,1,1
190.045367400,0,1
190.045376000,1,1
190.067648000,1,0
190.067665200,1,1
190.067743400,1,0
190.067752000,1,1
190.067838600,1,0
190.067847200,1,1
190.067873200,1,0
190.067916600,1,1
190.067934000,1,0
190.068011800,1,1
190.068029200,1,0
190.068089800,1,1
190.068098600,1,0
190.068107200,1,1
190.068124600,1,0
190.068202400,1,1
190.068237200,1,0
190.068245800,1,1
190.068263200,1,0
190.068315000,1,1
190.068367200,1,0
190.068375800,1,1
190.068384400,1,0
190.068445000,1,1
190.068462400,1,0
190.068479600,1,1
190.068488400,1,0
190.068540400,1,1
190.068557800,1,0
190.068635600,1,1
190.068653000,1,0
190.068731000,1,1
190.068748400,1,0
190.068765600,1,1
190.068774400,1,0
190.068826200,1,1
190.068843600,1,0
190.068852200,1,1
190.068861000,1,0
190.068921600,1,1
190.068939000,1,0
190.068947600,1,1
190.068956200,1,0
190.069016800,1,1
190.069034200,1,0
190.069042800,1,1
190.069060200,1,0
190.069112200,1,1
190.069129600,1,0
190.069138200,1,1
190.069147000,1,0
190.069207400,1,1
190.069242200,1,0
190.069320200,1,1
190.069363600,1,0
190.069389400,1,1
190.069398200,1,0
190.069441400,1,1
190.069458800,1,0
190.069467400,1,1
190.069476200,1,0
190.069536800,1,1
190.069554200,1,0
190.069562800,1,1
190.069580200,1,0
190.069588800,1,1
190.069623400,1,0
190.069632000,1,1
190.069649400,1,0
190.069658000,1,1
190.069666800,1,0
190.069675400,1,1
190.069684200,1,0
190.069727400,1,1
190.069744800,1,0
190.069753400,1,1
190.069762200,1,0
190.069822600,1,1
190.069840000,1,0
190.069848600,1,1
190.069866000,1,0
190.069874600,1,1
190.069909400,1,0
190.069918000,1,1
190.069935400,1,0
190.069952600,1,1
190.069961400,1,0
190.069970000,1,1
190.069978800,1,0
190.070013200,1,1
190.070030600,1,0
190.070039200,1,1
190.070048000,1,0
190.070108600,1,1
190.070126000,1,0
190.070143200,1,1
190.070152000,1,0
190.070203800,1,1
190.070221200,1,0
190.070247200,1,1
190.070264600,1,0
190.070299200,1,1
190.070368600,1,0
190.070377200,1,1
190.070386000,1,0
190.070446400,1,1
190.070463800,1,0
190.070541800,1,1
190.070559200,1,0
190.070567800,1,1
190.070576600,1,0
190.070585200,1,1
190.070602600,1,0
190.070637000,1,1
190.070654600,1,0
190.070663000,1,1
190.070671800,1,0
190.070732400,1,1
190.070749800,1,0
190.070767000,1,1
190.070775800,1,0
190.070827800,1,1
190.070845200,1,0
190.070888400,1,1
190.070897200,1,0
190.070923000,1,1
190.070940400,1,0
190.070949000,1,1
190.070957800,1,0
190.071018400,1,1
190.071035800,1,0
190.071113600,1,1
190.071131000,1,0
190.071139600,1,1
190.071148400,1,0
190.071174200,1,1
190.071183000,1,0
190.071209000,1,1
190.071243800,1,0
190.071261000,1,1
190.071269600,1,0
190.071321600,1,1
190.071339000,1,0
190.071416800,1,1
190.071434400,1,0
190.071512200,1,1
190.071529600,1,0
190.071581600,1,1
190.071590200,1,0
190.071607600,1,1
190.071625000,1,0
190.071633400,1,1
190.071642200,1,0
190.071702800,1,1
190.071720200,1,0
190.071728800,1,1
190.071737600,1,0
190.071746200,1,1
190.071754800,1,0
190.071798200,1,1
190.071815600,1,0
190.071824200,1,1
190.071832800,1,0
190.071867400,1,1
190.071876200,1,0
190.071893400,1,1
190.071910800,1,0
190.071928000,1,1
190.071936800,1,0
190.071988800,1,1
190.072006200,1,0
190.072084000,1,1
190.072118800,1,0
190.072127400,1,1
190.072136200,1,0
190.072144600,1,1
190.072153400,1,0
190.072162000,1,1
190.072170800,1,0
190.072196600,1,1
190.072214200,1,0
190.072231400,1,1
190.072240000,1,0
190.072248600,1,1
190.072257400,1,0
190.072266000,1,1
190.072274800,1,0
190.072292000,1,1
190.072309400,1,0
190.072318000,1,1
190.072326800,1,0
190.072387200,1,1
190.072404800,1,0
190.072413200,1,1
190.072422000,1,0
190.072482600,1,1
190.072500000,1,0
190.072508600,1,1
190.072526000,1,0
190.072534600,1,1
190.072543400,1,0
190.072552000,1,1
190.072560600,1,0
190.072577800,1,1
190.072595400,1,0
190.072603800,1,1
190.072612600,1,0
190.072673200,1,1
190.072690600,1,0
190.072699200,1,1
190.072708000,1,0
190.072768600,1,1
190.072786000,1,0
190.072811800,1,1
190.072829200,1,0
190.072837800,1,1
190.072846600,1,0
190.072863800,1,1
190.072881200,1,0
190.072889800,1,1
190.072898600,1,0
190.072959200,1,1
190.072976600,1,0
190.073002400,1,1
190.073011200,1,0
190.073054400,1,1
190.073071800,1,0
190.073115000,1,1
190.073132400,1,0
190.073149800,1,1
190.073167200,1,0
190.073175800,1,1
190.073184400,1,0
190.073245000,1,1
190.073262400,1,0
190.073288400,1,1
190.073297200,1,0
190.073314400,1,1
190.073331800,1,0
190.073340400,1,1
190.073375200,1,0
190.073401000,1,1
190.073409800,1,0
190.073418400,1,1
190.073435800,1,0
190.073453000,1,1
190.073470400,1,0
190.073479000,1,1
190.073487800,1,0
190.073548200,1,1
190.073565800,1,0
190.073643600,1,1
190.073661000,1,0
190.073678200,1,1
190.073695800,1,0
190.073704200,1,1
190.073721800,1,0
190.073739000,1,1
190.073756400,1,0
190.073765000,1,1
190.073773600,1,0
190.073834200,1,1
190.073851600,1,0
190.073929600,1,1
190.073947000,1,0
190.074007600,1,1
190.074016200,1,0
190.074024800,1,1
190.074042200,1,0
190.074059600,1,1
190.074068200,1,0
190.074120200,1,1
190.074137600,1,0
190.074215600,1,1
190.074250200,1,0
190.074328200,1,1
190.074345600,1,0
190.074423600,1,1
190.074441000,1,0
190.074449600,1,1
190.074458200,1,0
190.074484200,1,1
190.074493000,1,0
190.074501400,1,1
190.074536200,1,0
190.074544800,1,1
190.074553600,1,0
190.074579400,1,1
190.074596800,1,0
190.074614200,1,1
190.084274800,0,1
190.084292000,1,1
190.084361400,0,1
190.084370000,1,1
190.084447800,0,1
190.084473800,1,1
190.084482400,0,1
190.084525800,1,1
190.084534400,0,1
190.084612200,1,1
190.084621000,0,1
190.084638200,1,1
190.084646800,0,1
190.084698800,1,1
190.084707400,0,1
190.084733400,1,1
190.084742000,0,1
190.084785400,1,1
190.084794000,0,1
190.084871800,1,1
190.084880600,0,1
190.084889200,1,1
190.084897800,0,1
190.084923800,1,1
190.084932400,0,1
190.084941200,1,1
190.084967000,0,1
190.084975800,1,1
190.084993000,0,1
190.085001600,1,1
190.085010400,0,1
190.085027600,1,1
190.107224600,1,0
190.107241800,1,1
190.107320000,1,0
190.107328600,1,1
190.107415200,1,0
190.107423800,1,1
190.107450000,1,0
190.107493200,1,1
190.107510600,1,0
190.107588400,1,1
190.107605800,1,0
190.107649000,1,1
190.107657800,1,0
190.107683800,1,1
190.107701200,1,0
190.107779000,1,1
190.107813800,1,0
190.107839600,1,1
190.107848400,1,0
190.107891600,1,1
190.107909000,1,0
190.107917600,1,1
190.107926400,1,0
190.107986800,1,1
190.108004400,1,0
190.108021600,1,1
190.108030400,1,0
190.108082200,1,1
190.108099600,1,0
190.108177400,1,1
190.108195000,1,0
190.108272800,1,1
190.108290200,1,0
190.108307400,1,1
190.108316200,1,0
190.108368200,1,1
190.108385600,1,0
190.108394000,1,1
190.108402800,1,0
190.108463400,1,1
190.108480800,1,0
190.108558600,1,1
190.108576000,1,0
190.108584600,1,1
190.108602000,1,0
190.108654000,1,1
190.108688800,1,0
190.108697200,1,1
190.108706000,1,0
190.108766600,1,1
190.108784000,1,0
190.108862000,1,1
190.108879400,1,0
190.108905200,1,1
190.108914000,1,0
190.108957200,1,1
190.108974600,1,0
190.108983200,1,1
190.108992000,1,0
190.109052600,1,1
190.109070000,1,0
190.109147800,1,1
190.109165200,1,0
190.109243200,1,1
190.109260600,1,0
190.109269000,1,1
190.109277800,1,0
190.109286400,1,1
190.109295200,1,0
190.109303800,1,1
190.109312600,1,0
190.109321000,1,1
190.109329800,1,0
190.109338400,1,1
190.109355800,1,0
190.109364400,1,1
190.109373200,1,0
190.109381800,1,1
190.109390400,1,0
190.109399000,1,1
190.109407800,1,0
190.109416400,1,1
190.109425200,1,0
190.109433600,1,1
191.059955200,0,1
191.059972400,1,1
191.060041800,0,1
191.060050400,1,1
191.060128200,0,1
191.060154200,1,1
191.060162800,0,1
191.060206200,1,1
191.060214800,0,1
191.060292600,1,1
191.060301400,0,1
191.060318600,1,1
191.060327200,0,1
191.060379200,1,1
191.060387800,0,1
191.060405200,1,1
191.060413800,0,1
191.060465800,1,1
191.060474400,0,1
191.060552200,1,1
191.060561000,0,1
191.060569600,1,1
191.060586800,0,1
191.060595600,1,1
191.060630200,0,1
191.060638800,1,1
191.060647400,0,1
191.060656200,1,1
191.060664800,0,1
191.060673400,1,1
191.060690800,0,1
191.060699400,1,1
191.060716800,0,1
191.060725400,1,1
191.084515200,1,0
191.084532400,1,1
191.084610400,1,0
191.084619000,1,1
191.084714400,1,0
191.084723000,1,1
191.084749000,1,0
191.084792200,1,1
191.084809600,1,0
191.084887400,1,1
191.084904800,1,0
191.084913400,1,1
191.084922200,1,0
191.084930600,1,1
191.084948200,1,0
191.084982600,1,1
191.085000000,1,0
191.085077800,1,1
191.085095200,1,0
191.085112600,1,1
191.085121200,1,0
191.085173200,1,1
191.085190600,1,0
191.085199000,1,1
191.085207800,1,0
191.085268400,1,1
191.085285800,1,0
191.085303000,1,1
191.085311800,1,0
191.085363600,1,1
191.085381000,1,0
191.085458800,1,1
191.085476200,1,0
191.085554000,1,1
191.085571400,1,0
191.085588600,1,1
191.085597400,1,0
191.085649200,1,1
191.085666600,1,0
191.085675200,1,1
191.085684000,1,0
191.085744600,1,1
191.085762000,1,0
191.085787800,1,1
191.085796600,1,0
191.085839800,1,1
191.085857200,1,0
191.085865800,1,1
191.085883200,1,0
191.085935000,1,1
191.085978400,1,0
191.085987000,1,1
191.085995600,1,0
191.086056200,1,1
191.086073600,1,0
191.086082200,1,1
191.086091000,1,0
191.086151400,1,1
191.086168800,1,0
191.086246800,1,1
191.086264200,1,0
191.086272600,1,1
191.086290200,1,0
191.086298600,1,1
191.086316000,1,0
191.086342000,1,1
191.086359400,1,0
191.086368000,1,1
191.086376600,1,0
191.086385200,1,1
191.086420000,1,0
191.086428600,1,1
191.086963600,0,1
191.086981000,1,1
191.087050200,0,1
191.087058800,1,1
191.087136800,0,1
191.087162600,1,1
191.087171400,0,1
191.087214600,1,1
191.087223200,0,1
191.087301200,1,1
191.087309800,0,1
191.087327200,1,1
191.087335800,0,1
191.087387600,1,1
191.087396400,0,1
191.087405000,1,1
191.087422400,0,1
191.087474200,1,1
191.087482800,0,1
191.087560800,1,1
191.087569400,0,1
191.087604000,1,1
191.087612600,0,1
191.087630000,1,1
191.087638600,0,1
191.087647200,1,1
191.087656000,0,1
191.087682000,1,1
191.087707800,0,1
191.087716600,1,1
191.087725200,0,1
191.087733800,1,1
191.110082600,1,0
191.110099800,1,1
191.110177800,1,0
191.110186400,1,1
191.110290400,1,0
191.110298800,1,1
191.110325000,1,0
191.110368200,1,1
191.110385600,1,0
191.110463400,1,1
191.110480800,1,0
191.110541400,1,1
191.110550000,1,0
191.110558600,1,1
191.110576000,1,0
191.110653800,1,1
191.110671200,1,0
191.110679800,1,1
191.110697200,1,0
191.110749000,1,1
191.110766400,1,0
191.110775000,1,1
191.110783800,1,0
191.110844400,1,1
191.110879000,1,0
191.110896200,1,1
191.110905000,1,0
191.110956800,1,1
191.110974200,1,0
191.111052000,1,1
191.111069400,1,0
191.111147400,1,1
191.111164800,1,0
191.111182000,1,1
191.111190600,1,0
191.111242600,1,1
191.111260000,1,0
191.111268600,1,1
191.111277200,1,0
191.111337800,1,1
191.111355200,1,0
191.111363800,1,1
191.111372600,1,0
191.111433000,1,1
191.111450400,1,0
191.111459000,1,1
191.111476400,1,0
191.111528200,1,1
191.111545600,1,0
191.111554200,1,1
191.111563000,1,0
191.111623600,1,1
191.111641000,1,0
191.111718800,1,1
191.111753400,1,0
191.111779400,1,1
191.111788200,1,0
191.111831400,1,1
191.111848800,1,0
191.111857400,1,1
191.111866000,1,0
191.111926600,1,1
191.111944000,1,0
191.111952600,1,1
191.111970000,1,0
191.111978600,1,1
191.112013200,1,0
191.112021800,1,1
191.112039200,1,0
191.112047800,1,1
191.112056600,1,0
191.112065000,1,1
191.112073800,1,0
191.112117000,1,1
191.112134400,1,0
191.112143000,1,1
191.112151800,1,0
191.112212200,1,1
191.112229600,1,0
191.112238200,1,1
191.112255600,1,0
191.112264200,1,1
191.112299000,1,0
191.112307600,1,1
191.112325000,1,0
191.112342200,1,1
191.112350800,1,0
191.112359400,1,1
191.112368200,1,0
191.112402800,1,1
191.112420200,1,0
191.112428800,1,1
191.112437400,1,0
191.112498000,1,1
191.112515400,1,0
191.112532600,1,1
191.112541400,1,0
191.112593200,1,1
191.112628000,1,0
191.112653800,1,1
191.112671200,1,0
191.112705800,1,1
191.112723200,1,0
191.112731800,1,1
191.112740400,1,0
191.112801000,1,1
191.112818400,1,0
191.112896200,1,1
191.112913600,1,0
191.112922200,1,1
191.112931000,1,0
191.112939600,1,1
191.112957000,1,0
191.112991400,1,1
191.113008800,1,0
191.113017400,1,1
191.113026200,1,0
191.113086800,1,1
191.113104200,1,0
191.113121400,1,1
191.113130000,1,0
191.113182000,1,1
191.113199400,1,0
191.113242600,1,1
191.113251400,1,0
191.113277200,1,1
191.113294600,1,0
191.113303200,1,1
191.113312000,1,0
191.113372400,1,1
191.113389800,1,0
191.113467600,1,1
191.113485000,1,0
191.113493600,1,1
191.113502400,1,0
191.113528200,1,1
191.113537000,1,0
191.113562800,1,1
191.113580400,1,0
191.113597600,1,1
191.113606200,1,0
191.113658200,1,1
191.113675600,1,0
191.113753400,1,1
191.113770800,1,0
191.113848600,1,1
191.113883400,1,0
191.113935200,1,1
191.113944000,1,0
191.113961200,1,1
191.113978600,1,0
191.113987200,1,1
191.113996000,1,0
191.114056400,1,1
191.114073800,1,0
191.114082400,1,1
191.114091200,1,0
191.114099800,1,1
191.114108400,1,0
191.114151600,1,1
191.114169000,1,0
191.114177600,1,1
191.114186400,1,0
191.114221000,1,1
191.114229600,1,0
191.114246800,1,1
191.114264400,1,0
191.114281600,1,1
191.114290200,1,0
191.114342200,1,1
191.114359600,1,0
191.114437400,1,1
191.114454800,1,0
191.114472000,1,1
191.114489400,1,0
191.114498000,1,1
191.114506800,1,0
191.114532600,1,1
191.114550000,1,0
191.114567200,1,1
191.114576000,1,0
191.114584600,1,1
191.114593400,1,0
191.114601800,1,1
191.114610600,1,0
191.114627800,1,1
191.114645200,1,0
191.114653800,1,1
191.114662600,1,0
191.114723200,1,1
191.114757800,1,0
191.114766400,1,1
191.114775200,1,0
191.114835600,1,1
191.114853000,1,0
191.114861600,1,1
191.114879000,1,0
191.114887600,1,1
191.114896400,1,0
191.114905000,1,1
191.114913600,1,0
191.114931000,1,1
191.114948400,1,0
191.114956800,1,1
191.114965600,1,0
191.115026200,1,1
191.115043600,1,0
191.115052200,1,1
191.115060800,1,0
191.115121400,1,1
191.115138800,1,0
191.115164600,1,1
191.115182000,1,0
191.115190600,1,1
191.115199400,1,0
191.115216600,1,1
191.115234000,1,0
191.115242600,1,1
191.115251400,1,0
191.115311800,1,1
191.115329200,1,0
191.115355200,1,1
191.115364000,1,0
191.115407200,1,1
191.115424600,1,0
191.115467800,1,1
191.115485200,1,0
191.115502400,1,1
191.115519800,1,0
191.115528400,1,1
191.115537000,1,0
191.115597600,1,1
191.115632400,1,0
191.115658200,1,1
191.115667000,1,0
191.115684200,1,1
191.115701600,1,0
191.115710200,1,1
191.115727600,1,0
191.115753400,1,1
191.115762200,1,0
191.115770800,1,1
191.115788200,1,0
191.115805400,1,1
191.115822800,1,0
191.115831400,1,1
191.115840000,1,0
191.115900600,1,1
191.115918000,1,0
191.115995800,1,1
191.116013200,1,0
191.116030600,1,1
191.116048000,1,0
191.116056400,1,1
191.116073800,1,0
191.116091200,1,1
191.116108600,1,0
191.116117000,1,1
191.116125800,1,0
191.116186400,1,1
191.116203800,1,0
191.116281600,1,1
191.116299000,1,0
191.116359600,1,1
191.116368200,1,0
191.116376800,1,1
191.116394200,1,0
191.116411400,1,1
191.116420200,1,0
191.116472000,1,1
191.116515400,1,0
191.116593400,1,1
191.116610800,1,0
191.116688600,1,1
191.116706000,1,0
191.116783800,1,1
191.116801200,1,0
191.116835800,1,1
191.116844400,1,0
191.116870400,1,1
191.116896400,1,0
191.116922400,1,1
191.116931000,1,0
191.116939600,1,1
191.116957000,1,0
191.116974200,1,1
191.126277800,0,1
191.126295200,1,1
191.126364400,0,1
191.126373000,1,1
191.126451000,0,1
191.126476800,1,1
191.126485600,0,1
191.126528800,1,1
191.126537400,0,1
191.126615400,1,1
191.126624000,0,1
191.126641200,1,1
191.126650000,0,1
191.126701800,1,1
191.126710600,0,1
191.126736400,1,1
191.126745200,0,1
191.126788400,1,1
191.126797000,0,1
191.126875000,1,1
191.126883600,0,1
191.126892200,1,1
191.126901000,0,1
191.126926800,1,1
191.126935600,0,1
191.126944200,1,1
191.126970200,0,1
191.126978800,1,1
191.126996000,0,1
191.127004800,1,1
191.127013400,0,1
191.127030800,1,1
191.149537000,1,0
191.149554200,1,1
191.149632200,1,0
191.149640800,1,1
191.149727400,1,0
191.149736000,1,1
191.149762200,1,0
191.149805400,1,1
191.149822800,1,0
191.149900600,1,1
191.149918000,1,0
191.149961200,1,1
191.149970000,1,0
191.149995800,1,1
191.150013200,1,0
191.150091000,1,1
191.150108600,1,0
191.150134400,1,1
191.150143200,1,0
191.150186400,1,1
191.150203800,1,0
191.150212400,1,1
191.150221000,1,0
191.150281600,1,1
191.150299000,1,0
191.150316200,1,1
191.150325000,1,0
191.150376800,1,1
191.150394200,1,0
191.150472000,1,1
191.150489600,1,0
191.150567400,1,1
191.150584800,1,0
191.150602000,1,1
191.150610800,1,0
191.150662600,1,1
191.150680000,1,0
191.150688600,1,1
191.150697400,1,0
191.150757800,1,1
191.150792600,1,0
191.150870400,1,1
191.150887800,1,0
191.150896400,1,1
191.150913800,1,0
191.150965600,1,1
191.150983000,1,0
191.150991600,1,1
191.151000400,1,0
191.151060800,1,1
191.151078200,1,0
191.151156200,1,1
191.151173600,1,0
191.151199400,1,1
191.151208200,1,0
191.151251400,1,1
191.151268800,1,0
191.151277400,1,1
191.151286200,1,0
191.151346600,1,1
191.151364000,1,0
191.151442000,1,1
191.151459400,1,0
191.151537200,1,1
191.151554600,1,0
191.151563200,1,1
191.151572000,1,0
191.151580400,1,1
191.151589200,1,0
191.151597800,1,1
191.151606600,1,0
191.151615200,1,1
191.151623800,1,0
191.151632400,1,1
191.151667200,1,0
191.151675800,1,1
191.151684400,1,0
191.151693000,1,1
191.151701800,1,0
191.151710400,1,1
191.151719200,1,0
191.151727600,1,1
191.151736400,1,0
191.151745000,1,1
192.101941000,0,1
192.101958200,1,1
192.102027400,0,1
192.102036000,1,1
192.102114000,0,1
192.102140000,1,1
192.102148600,0,1
192.102191800,1,1
192.102200600,0,1
192.102278400,1,1
192.102287000,0,1
192.102304400,1,1
192.102313000,0,1
192.102365000,1,1
192.102373600,0,1
192.102390800,1,1
192.102399600,0,1
192.102451400,1,1
192.102460200,0,1
192.102538000,1,1
192.102546600,0,1
192.102555400,1,1
192.102572600,0,1
192.102581200,1,1
192.102615800,0,1
192.102624600,1,1
192.102633200,0,1
192.102641800,1,1
192.102650600,0,1
192.102659200,1,1
192.102676400,0,1
192.102685200,1,1
192.102702400,0,1
192.102711000,1,1
192.126981200,1,0
192.126998400,1,1
192.127076600,1,0
192.127085000,1,1
192.127171800,1,0
192.127180400,1,1
192.127206400,1,0
192.127249600,1,1
192.127267200,1,0
192.127345000,1,1
192.127362400,1,0
192.127371000,1,1
192.127379800,1,0
192.127388400,1,1
192.127405800,1,0
192.127440200,1,1
192.127457800,1,0
192.127535600,1,1
192.127570400,1,0
192.127587600,1,1
192.127596400,1,0
192.127648200,1,1
192.127665600,1,0
192.127674200,1,1
192.127683000,1,0
192.127743600,1,1
192.127761000,1,0
192.127778200,1,1
192.127787000,1,0
192.127838800,1,1
192.127856200,1,0
192.127934200,1,1
192.127951600,1,0
192.128029400,1,1
192.128046800,1,0
192.128064200,1,1
192.128072800,1,0
192.128124800,1,1
192.128142200,1,0
192.128150800,1,1
192.128159600,1,0
192.128220000,1,1
192.128237400,1,0
192.128263400,1,1
192.128272200,1,0
192.128315400,1,1
192.128332800,1,0
192.128341400,1,1
192.128358800,1,0
192.128410600,1,1
192.128445400,1,0
192.128454000,1,1
192.128462800,1,0
192.128523200,1,1
192.128540800,1,0
192.128549200,1,1
192.128558000,1,0
192.128618600,1,1
192.128636000,1,0
192.128714000,1,1
192.128731400,1,0
192.128740000,1,1
192.128757400,1,0
192.128765800,1,1
192.128783400,1,0
192.128809200,1,1
192.128826600,1,0
192.128835200,1,1
192.128844000,1,0
192.128852600,1,1
192.128887200,1,0
192.128895800,1,1
192.129468600,0,1
192.129486000,1,1
192.129555200,0,1
192.129563800,1,1
192.129641600,0,1
192.129667600,1,1
192.129676400,0,1
192.129719600,1,1
192.129728200,0,1
192.129806200,1,1
192.129814800,0,1
192.129832000,1,1
192.129840800,0,1
192.129892600,1,1
192.129901400,0,1
192.129910000,1,1
192.129927200,0,1
192.129979200,1,1
192.129987800,0,1
192.130065800,1,1
192.130074400,0,1
192.130109000,1,1
192.130117600,0,1
192.130135000,1,1
192.130143600,0,1
192.130152200,1,1
192.130161000,0,1
192.130186800,1,1
192.130212800,0,1
192.130221400,1,1
192.130230200,0,1
192.130238800,1,1
192.152700800,1,0
192.152718000,1,1
192.152796200,1,0
192.152804600,1,1
192.152891400,1,0
192.152900000,1,1
192.152926000,1,0
192.152969400,1,1
192.152986800,1,0
192.153064600,1,1
192.153082000,1,0
192.153142600,1,1
192.153151400,1,0
192.153160000,1,1
192.153177400,1,0
192.153255200,1,1
192.153272600,1,0
192.153281200,1,1
192.153298600,1,0
192.153350600,1,1
192.153368000,1,0
192.153376600,1,1
192.153385200,1,0
192.153445800,1,1
192.153463200,1,0
192.153480400,1,1
192.153489200,1,0
192.153541200,1,1
192.153558600,1,0
192.153636400,1,1
192.153653800,1,0
192.153731800,1,1
192.153749200,1,0
192.153766400,1,1
192.153775200,1,0
192.153827000,1,1
192.153870400,1,0
192.153879000,1,1
192.153887800,1,0
192.153948400,1,1
192.153965800,1,0
192.153974400,1,1
192.153983000,1,0
192.154043600,1,1
192.154061000,1,0
192.154069600,1,1
192.154087000,1,0
192.154139000,1,1
192.154156400,1,0
192.154165000,1,1
192.154173600,1,0
192.154234200,1,1
192.154251600,1,0
192.154329600,1,1
192.154381600,1,0
192.154407400,1,1
192.154416200,1,0
192.154459400,1,1
192.154485600,1,0
192.154494200,1,1
192.154502800,1,0
192.154563400,1,1
192.154580800,1,0
192.154589400,1,1
192.154606800,1,0
192.154615400,1,1
192.154650200,1,0
192.154658800,1,1
192.154676200,1,0
192.154684800,1,1
192.154693400,1,0
192.154702000,1,1
192.154710800,1,0
192.154754000,1,1
192.154771400,1,0
192.154780000,1,1
192.154788800,1,0
192.154849400,1,1
192.154866800,1,0
192.154875400,1,1
192.154892800,1,0
192.154901200,1,1
192.154936000,1,0
192.154944600,1,1
192.154962000,1,0
192.154979200,1,1
192.154988000,1,0
192.154996600,1,1
192.155005400,1,0
192.155040000,1,1
192.155057400,1,0
192.155065800,1,1
192.155074600,1,0
192.155135200,1,1
192.155152600,1,0
192.155169800,1,1
192.155178600,1,0
192.155230400,1,1
192.155248000,1,0
192.155273800,1,1
192.155291200,1,0
192.155325800,1,1
192.155343200,1,0
192.155351800,1,1
192.155360600,1,0
192.155421000,1,1
192.155438400,1,0
192.155516400,1,1
192.155533800,1,0
192.155542400,1,1
192.155551200,1,0
192.155559600,1,1
192.155577200,1,0
192.155611600,1,1
192.155629000,1,0
192.155637600,1,1
192.155646400,1,0
192.155707000,1,1
192.155741600,1,0
192.155759000,1,1
192.155767600,1,0
192.155819600,1,1
192.155837000,1,0
192.155880200,1,1
192.155889000,1,0
192.155914800,1,1
192.155932200,1,0
192.155940800,1,1
192.155949600,1,0
192.156010200,1,1
192.156027600,1,0
192.156105400,1,1
192.156122800,1,0
192.156131400,1,1
192.156140200,1,0
192.156166000,1,1
192.156174800,1,0
192.156200800,1,1
192.156218200,1,0
192.156235400,1,1
192.156244200,1,0
192.156296000,1,1
192.156313400,1,0
192.156391400,1,1
192.156408800,1,0
192.156486600,1,1
192.156504000,1,0
192.156556000,1,1
192.156564600,1,0
192.156581800,1,1
192.156616600,1,0
192.156625200,1,1
192.156634000,1,0
192.156694600,1,1
192.156712000,1,0
192.156720400,1,1
192.156729200,1,0
192.156737800,1,1
192.156746600,1,0
192.156789800,1,1
192.156807200,1,0
192.156815800,1,1
192.156824600,1,0
192.156859000,1,1
192.156867800,1,0
192.156885000,1,1
192.156902400,1,0
192.156919800,1,1
192.156928400,1,0
192.156980400,1,1
192.156997800,1,0
192.157075600,1,1
192.157093000,1,0
192.157101600,1,1
192.157110400,1,0
192.157127600,1,1
192.157145000,1,0
192.157171000,1,1
192.157188400,1,0
192.157205600,1,1
192.157214400,1,0
192.157222800,1,1
192.157231600,1,0
192.157240200,1,1
192.157249000,1,0
192.157266200,1,1
192.157283600,1,0
192.157292200,1,1
192.157301000,1,0
192.157361400,1,1
192.157379000,1,0
192.157387400,1,1
192.157396200,1,0
192.157456800,1,1
192.157491600,1,0
192.157500000,1,1
192.157517600,1,0
192.157526000,1,1
192.157534800,1,0
192.157543400,1,1
192.157552200,1,0
192.157569400,1,1
192.157586800,1,0
192.157595400,1,1
192.157604200,1,0
192.157664600,1,1
192.157682000,1,0
192.157690600,1,1
192.157699400,1,0
192.157760000,1,1
192.157777400,1,0
192.157803200,1,1
192.157820600,1,0
192.157829200,1,1
192.157838000,1,0
192.157855200,1,1
192.157872600,1,0
192.157881200,1,1
192.157890000,1,0
192.157950400,1,1
192.157968000,1,0
192.157993800,1,1
192.158002600,1,0
192.158045800,1,1
192.158063200,1,0
192.158106400,1,1
192.158123800,1,0
192.158141000,1,1
192.158158600,1,0
192.158167000,1,1
192.158175800,1,0
192.158236400,1,1
192.158253800,1,0
192.158279600,1,1
192.158288400,1,0
192.158305600,1,1
192.158323000,1,0
192.158331600,1,1
192.158375000,1,0
192.158401000,1,1
192.158409800,1,0
192.158418200,1,1
192.158435600,1,0
192.158453000,1,1
192.158470400,1,0
192.158479000,1,1
192.158487600,1,0
192.158548200,1,1
192.158565600,1,0
192.158643600,1,1
192.158661000,1,0
192.158678200,1,1
192.158695600,1,0
192.158704200,1,1
192.158721600,1,0
192.158738800,1,1
192.158756200,1,0
192.158764800,1,1
192.158773600,1,0
192.158834000,1,1
192.158868800,1,0
192.158946600,1,1
192.158964000,1,0
192.159024600,1,1
192.159033400,1,0
192.159042000,1,1
192.159059400,1,0
192.159076600,1,1
192.159085400,1,0
192.159137200,1,1
192.159154600,1,0
192.159232600,1,1
192.159250000,1,0
192.159327800,1,1
192.159345200,1,0
192.159423000,1,1
192.159440400,1,0
192.159449000,1,1
192.159457800,1,0
192.159466400,1,1
192.159475200,1,0
192.159492400,1,1
192.159501200,1,0
192.159509600,1,1
192.159535800,1,0
192.159561600,1,1
192.159570400,1,0
192.159613600,1,1
192.172071200,0,1
192.172088600,1,1
192.172157800,0,1
192.172166400,1,1
192.172244400,0,1
192.172270200,1,1
192.172279000,0,1
192.172322200,1,1
192.172330800,0,1
192.172408800,1,1
192.172417400,0,1
192.172434600,1,1
192.172443400,0,1
192.172495200,1,1
192.172504000,0,1
192.172529800,1,1
192.172538600,0,1
192.172581800,1,1
192.172590400,0,1
192.172668400,1,1
192.172677000,0,1
192.172685600,1,1
192.172694400,0,1
192.172720200,1,1
192.172729000,0,1
192.172737600,1,1
192.172763600,0,1
192.172772200,1,1
192.172789400,0,1
192.172798200,1,1
192.172806800,0,1
192.172824200,1,1
192.197155800,1,0
192.197173000,1,1
192.197251000,1,0
192.197259600,1,1
192.197346400,1,0
192.197355000,1,1
192.197381000,1,0
192.197424200,1,1
192.197441600,1,0
192.197519600,1,1
192.197537000,1,0
192.197580200,1,1
192.197589000,1,0
192.197614800,1,1
192.197632200,1,0
192.197710200,1,1
192.197727600,1,0
192.197753400,1,1
192.197762200,1,0
192.197805400,1,1
192.197822800,1,0
192.197831400,1,1
192.197840200,1,0
192.197900800,1,1
192.197918200,1,0
192.197935400,1,1
192.197944200,1,0
192.197996000,1,1
192.198013400,1,0
192.198091400,1,1
192.198108800,1,0
192.198186600,1,1
192.198204000,1,0
192.198221400,1,1
192.198230000,1,0
192.198282000,1,1
192.198299400,1,0
192.198308000,1,1
192.198316800,1,0
192.198377200,1,1
192.198394800,1,0
192.198472600,1,1
192.198516000,1,0
192.198524600,1,1
192.198542000,1,0
192.198593800,1,1
192.198611200,1,0
192.198619800,1,1
192.198628600,1,0
192.198689200,1,1
192.198706600,1,0
192.198784400,1,1
192.198819200,1,0
192.198845200,1,1
192.198853800,1,0
192.198897200,1,1
192.198914600,1,0
192.198923200,1,1
192.198931800,1,0
192.198992400,1,1
192.199009800,1,0
192.199087800,1,1
192.199105200,1,0
192.199183000,1,1
192.199200400,1,0
192.199209000,1,1
192.199217800,1,0
192.199226400,1,1
192.199235200,1,0
192.199243600,1,1
192.199252400,1,0
192.199261000,1,1
192.199269800,1,0
192.199278400,1,1
192.199295800,1,0
192.199304400,1,1
192.199313200,1,0
192.199321600,1,1
192.199330400,1,0
192.199339000,1,1
192.199347800,1,0
192.199356400,1,1
192.199365000,1,0
192.199373600,1,1
193.001935200,0,1
193.001952600,1,1
193.002021800,0,1
193.002030400,1,1
193.002108200,0,1
193.002134200,1,1
193.002143000,0,1
193.002186200,1,1
193.002194800,0,1
193.002272800,1,1
193.002281400,0,1
193.002298600,1,1
193.002307400,0,1
193.002359200,1,1
193.002368000,0,1
193.002376600,1,1
193.002385200,0,1
193.002393800,1,1
193.002402600,0,1
193.002445800,1,1
193.002454400,0,1
193.002532400,1,1
193.002541000,0,1
193.002558200,1,1
193.002567000,0,1
193.002593000,1,1
193.002627600,0,1
193.002644800,1,1
193.002653400,0,1
193.002662200,1,1
193.024404800,1,0
193.024422000,1,1
193.024500000,1,0
193.024508600,1,1
193.024595400,1,0
193.024604000,1,1
193.024630000,1,0
193.024673200,1,1
193.024690600,1,0
193.024768600,1,1
193.024786000,1,0
193.024794400,1,1
193.024812000,1,0
193.024820400,1,1
193.024837800,1,0
193.024863800,1,1
193.024881200,1,0
193.024959000,1,1
193.024976400,1,0
193.024985000,1,1
193.024993800,1,0
193.025002400,1,1
193.025011200,1,0
193.025054400,1,1
193.025097800,1,0
193.025106400,1,1
193.025115000,1,0
193.025175600,1,1
193.025193000,1,0
193.025210200,1,1
193.025219000,1,0
193.025271000,1,1
193.025288400,1,0
193.025366200,1,1
193.025383600,1,0
193.025461600,1,1
193.025479000,1,0
193.025487600,1,1
193.025513600,1,0
193.025556800,1,1
193.025574200,1,0
193.025591400,1,1
193.025600200,1,0
193.025652200,1,1
193.025669600,1,0
193.025686800,1,1
193.025695600,1,0
193.025747400,1,1
193.025764800,1,0
193.025808000,1,1
193.025816800,1,0
193.025825400,1,1
193.025860200,1,0
193.025894600,1,1
193.025903400,1,0
193.025938000,1,1
193.026076800,1,0
193.026102600,1,1
193.026111400,1,0
193.026154600,1,1
193.026172000,1,0
193.026249800,1,1
193.026267200,1,0
193.026345200,1,1
193.026362600,1,0
193.026371200,1,1
193.026379800,1,0
193.026388400,1,1
193.026397200,1,0
193.026414400,1,1
193.026423200,1,0
193.026440400,1,1
193.026457800,1,0
193.026527000,1,1
193.026579200,1,0
193.026587800,1,1
193.026596400,1,0
193.026605000,1,1
193.026622400,1,0
193.026657000,1,1
193.026674400,1,0
193.026691600,1,1
193.026700400,1,0
193.026752400,1,1
193.026769800,1,0
193.026787000,1,1
193.026795800,1,0
193.026847600,1,1
193.026865000,1,0
193.026908200,1,1
193.026917000,1,0
193.026925600,1,1
193.026960400,1,0
193.026977600,1,1
193.027003600,1,0
193.027038200,1,1
193.027073000,1,0
193.027098800,1,1
193.027107600,1,0
193.027150800,1,1
193.027168200,1,0
193.027246200,1,1
193.027263600,1,0
193.027341400,1,1
193.027358800,1,0
193.027367400,1,1
193.027376200,1,0
193.027384800,1,1
193.027393400,1,0
193.027410800,1,1
193.027419400,1,0
193.027436600,1,1
193.027454200,1,0
193.027523400,1,1
193.027592800,1,0
193.027670600,1,1
193.027696600,1,0
193.027705200,1,1
193.027714000,1,0
193.027731200,1,1
193.027740000,1,0
193.027757200,1,1
193.027792000,1,0
193.027809200,1,1
193.027818000,1,0
193.027826600,1,1
193.027835400,1,0
193.027869800,1,1
193.327940800,0,1
193.327958200,1,1
193.328027400,0,1
193.328036000,1,1
193.328114000,0,1
193.328139800,1,1
193.328148600,0,1
193.328191800,1,1
193.328200400,0,1
193.328278400,1,1
193.328287000,0,1
193.328304400,1,1
193.328313000,0,1
193.328364800,1,1
193.328373600,0,1
193.328382200,1,1
193.328399600,0,1
193.328408200,1,1
193.328416800,0,1
193.328451400,1,1
193.328460000,0,1
193.328538000,1,1
193.328546600,0,1
193.328555200,1,1
193.328564000,0,1
193.328607200,1,1
193.328633200,0,1
193.328641800,1,1
193.328650400,0,1
193.328659200,1,1
193.328667800,0,1
193.328676400,1,1
193.349982800,1,0
193.350000200,1,1
193.350078200,1,0
193.350086800,1,1
193.350173600,1,0
193.350182000,1,1
193.350208200,1,0
193.350251400,1,1
193.350268800,1,0
193.350346800,1,1
193.350364200,1,0
193.350372800,1,1
193.350390200,1,0
193.350442000,1,1
193.350476800,1,0
193.350485400,1,1
193.350502800,1,0
193.350554600,1,1
193.350572000,1,0
193.350580600,1,1
193.350598000,1,0
193.350606600,1,1
193.350615400,1,0
193.350650000,1,1
193.350667400,1,0
193.350745200,1,1
193.350762600,1,0
193.350771200,1,1
193.350780000,1,0
193.350797200,1,1
193.350806000,1,0
193.350823200,1,1
193.350832000,1,0
193.350840600,1,1
193.350858000,1,0
193.350875200,1,1
193.350892600,1,0
193.350901200,1,1
193.350918600,1,0
193.350935800,1,1
193.351531000,0,1
193.351548400,1,1
193.351617600,0,1
193.351626200,1,1
193.351704200,0,1
193.351730200,1,1
193.351738800,0,1
193.351782000,1,1
193.351790800,0,1
193.351868600,1,1
193.351877200,0,1
193.351894600,1,1
193.351903200,0,1
193.351955200,1,1
193.351963800,0,1
193.351981000,1,1
193.351989800,0,1
193.352041600,1,1
193.352050400,0,1
193.352128200,1,1
193.352136800,0,1
193.352145600,1,1
193.352162800,0,1
193.352171400,1,1
193.352206000,0,1
193.352214800,1,1
193.352223400,0,1
193.352232000,1,1
193.352240800,0,1
193.352249400,1,1
193.352266600,0,1
193.352275400,1,1
193.352292600,0,1
193.352301200,1,1
193.375159000,1,0
193.375176200,1,1
193.375254200,1,0
193.375262800,1,1
193.375349600,1,0
193.375358200,1,1
193.375384200,1,0
193.375427400,1,1
193.375444800,1,0
193.375522800,1,1
193.375540200,1,0
193.375548800,1,1
193.375557400,1,0
193.375566000,1,1
193.375583400,1,0
193.375618000,1,1
193.375652800,1,0
193.375730600,1,1
193.375748000,1,0
193.375765200,1,1
193.375774000,1,0
193.375826000,1,1
193.375843400,1,0
193.375852000,1,1
193.375860600,1,0
193.375921200,1,1
193.375938600,1,0
193.375955800,1,1
193.375964600,1,0
193.376016400,1,1
193.376033800,1,0
193.376111800,1,1
193.376129200,1,0
193.376207000,1,1
193.376224400,1,0
193.376241600,1,1
193.376250400,1,0
193.376302400,1,1
193.376319800,1,0
193.376328400,1,1
193.376337000,1,0
193.376397600,1,1
193.376415000,1,0
193.376441000,1,1
193.376449600,1,0
193.376493000,1,1
193.376527600,1,0
193.376536200,1,1
193.376553600,1,0
193.376605600,1,1
193.376623000,1,0
193.376631600,1,1
193.376640200,1,0
193.376700800,1,1
193.376718200,1,0
193.376726800,1,1
193.376735600,1,0
193.376796200,1,1
193.376813600,1,0
193.376891400,1,1
193.376908800,1,0
193.376917400,1,1
193.376934800,1,0
193.376943400,1,1
193.376960800,1,0
193.376986800,1,1
193.377004200,1,0
193.377012800,1,1
193.377021400,1,0
193.377030000,1,1
193.377064800,1,0
193.377073400,1,1
193.378132800,0,1
193.378150200,1,1
193.378219400,0,1
193.378228000,1,1
193.378306000,0,1
193.378331800,1,1
193.378340600,0,1
193.378383800,1,1
193.378392400,0,1
193.378470400,1,1
193.378479000,0,1
193.378496400,1,1
193.378505000,0,1
193.378556800,1,1
193.378565600,0,1
193.378574200,1,1
193.378591400,0,1
193.378643400,1,1
193.378652000,0,1
193.378730000,1,1
193.378738600,0,1
193.378773200,1,1
193.378781800,0,1
193.378799200,1,1
193.378807800,0,1
193.378816400,1,1
193.378825200,0,1
193.378851200,1,1
193.378877000,0,1
193.378885800,1,1
193.378894400,0,1
193.378903000,1,1
193.400863400,1,0
193.400880600,1,1
193.400958600,1,0
193.400967200,1,1
193.401054000,1,0
193.401062600,1,1
193.401088600,1,0
193.401131800,1,1
193.401149200,1,0
193.401227200,1,1
193.401244600,1,0
193.401305200,1,1
193.401314000,1,0
193.401322400,1,1
193.401339800,1,0
193.401417800,1,1
193.401452600,1,0
193.401461000,1,1
193.401478600,1,0
193.401530400,1,1
193.401547800,1,0
193.401556400,1,1
193.401565200,1,0
193.401625800,1,1
193.401643200,1,0
193.401660400,1,1
193.401669200,1,0
193.401721000,1,1
193.401738400,1,0
193.401816400,1,1
193.401833800,1,0
193.401911600,1,1
193.401929000,1,0
193.401946400,1,1
193.401955000,1,0
193.402007000,1,1
193.402024400,1,0
193.402033000,1,1
193.402041800,1,0
193.402102200,1,1
193.402119600,1,0
193.402128200,1,1
193.402137000,1,0
193.402197600,1,1
193.402215000,1,0
193.402223600,1,1
193.402241000,1,0
193.402292800,1,1
193.402336200,1,0
193.402344800,1,1
193.402353600,1,0
193.402414200,1,1
193.402431600,1,0
193.402509400,1,1
193.402526800,1,0
193.402552800,1,1
193.402561600,1,0
193.402604800,1,1
193.402622200,1,0
193.402630800,1,1
193.402639600,1,0
193.402700000,1,1
193.402717400,1,0
193.402726000,1,1
193.402743400,1,0
193.402752000,1,1
193.402786800,1,0
193.402795400,1,1
193.402838800,1,0
193.402847400,1,1
193.402856000,1,0
193.402864600,1,1
193.402873400,1,0
193.402916600,1,1
193.402934000,1,0
193.402942600,1,1
193.402951400,1,0
193.403012000,1,1
193.403029400,1,0
193.403038000,1,1
193.403055400,1,0
193.403064000,1,1
193.403098600,1,0
193.403107200,1,1
193.403124600,1,0
193.403141800,1,1
193.403150600,1,0
193.403159200,1,1
193.403168000,1,0
193.403202600,1,1
193.403220000,1,0
193.403228600,1,1
193.403237200,1,0
193.403297800,1,1
193.403332600,1,0
193.403349800,1,1
193.403358600,1,0
193.403410400,1,1
193.403427800,1,0
193.403453800,1,1
193.403471200,1,0
193.403505800,1,1
193.403523200,1,0
193.403531800,1,1
193.403540600,1,0
193.403601000,1,1
193.403618400,1,0
193.403696400,1,1
193.403713800,1,0
193.403722400,1,1
193.403731200,1,0
193.403739600,1,1
193.403757200,1,0
193.403791600,1,1
193.403809000,1,0
193.403817600,1,1
193.403826400,1,0
193.403887000,1,1
193.403904400,1,0
193.403921600,1,1
193.403930400,1,0
193.403982200,1,1
193.403999600,1,0
193.404043000,1,1
193.404051600,1,0
193.404077600,1,1
193.404095000,1,0
193.404103600,1,1
193.404112400,1,0
193.404172800,1,1
193.404207600,1,0
193.404285600,1,1
193.404303000,1,0
193.404311600,1,1
193.404320200,1,0
193.404346200,1,1
193.404355000,1,0
193.404380800,1,1
193.404398200,1,0
193.404415400,1,1
193.404424200,1,0
193.404476200,1,1
193.404493600,1,0
193.404571400,1,1
193.404588800,1,0
193.404666800,1,1
193.404684200,1,0
193.404736000,1,1
193.404744800,1,0
193.404762000,1,1
193.404779600,1,0
193.404788000,1,1
193.404796800,1,0
193.404857400,1,1
193.404874800,1,0
193.404892000,1,1
193.404909600,1,0
193.404952800,1,1
193.404970200,1,0
193.404978800,1,1
193.404987600,1,0
193.405022000,1,1
193.405030800,1,0
193.405048000,1,1
193.405065600,1,0
193.405082800,1,1
193.405091600,1,0
193.405143400,1,1
193.405160800,1,0
193.405238800,1,1
193.405256200,1,0
193.405273400,1,1
193.405282200,1,0
193.405308000,1,1
193.405316800,1,0
193.405334000,1,1
193.405351600,1,0
193.405368800,1,1
193.405377600,1,0
193.405386000,1,1
193.405394800,1,0
193.405403400,1,1
193.405412200,1,0
193.405429400,1,1
193.405464200,1,0
193.405472800,1,1
193.405481600,1,0
193.405542200,1,1
193.405559600,1,0
193.405568200,1,1
193.405576800,1,0
193.405637400,1,1
193.405654800,1,0
193.405663400,1,1
193.405680800,1,0
193.405689400,1,1
193.405698200,1,0
193.405706800,1,1
193.405715600,1,0
193.405732800,1,1
193.405750200,1,0
193.405758800,1,1
193.405767600,1,0
193.405828000,1,1
193.405845400,1,0
193.405854000,1,1
193.405862800,1,0
193.405923400,1,1
193.405940800,1,0
193.405966800,1,1
193.405984200,1,0
193.405992800,1,1
193.406001400,1,0
193.406018600,1,1
193.406036200,1,0
193.406044600,1,1
193.406053400,1,0
193.406114000,1,1
193.406192000,1,0
193.406218000,1,1
193.406226800,1,0
193.406270000,1,1
193.406287400,1,0
193.406330600,1,1
193.406348000,1,0
193.406365400,1,1
193.406382800,1,0
193.406391400,1,1
193.406400000,1,0
193.406460600,1,1
193.406478000,1,0
193.406504000,1,1
193.406512800,1,0
193.406530000,1,1
193.406547400,1,0
193.406556000,1,1
193.406590800,1,0
193.406616600,1,1
193.406625400,1,0
193.406634000,1,1
193.406651400,1,0
193.406668600,1,1
193.406686000,1,0
193.406694600,1,1
193.406703400,1,0
193.406764000,1,1
193.406781400,1,0
193.406859200,1,1
193.406876600,1,0
193.406894000,1,1
193.406911400,1,0
193.406920000,1,1
193.406937400,1,0
193.406954600,1,1
193.406972000,1,0
193.406980600,1,1
193.406989400,1,0
193.407049800,1,1
193.407067400,1,0
193.407145200,1,1
193.407162600,1,0
193.407223200,1,1
193.407232000,1,0
193.407240600,1,1
193.407258000,1,0
193.407275200,1,1
193.407284000,1,0
193.407335800,1,1
193.407353200,1,0
193.407431200,1,1
193.407466000,1,0
193.407543800,1,1
193.407561200,1,0
193.407639200,1,1
193.407656600,1,0
193.407665200,1,1
193.407674000,1,0
193.407691200,1,1
193.407752000,1,0
193.407760400,1,1
193.407769200,1,0
193.407795200,1,1
193.407821200,1,0
193.407829800,1,1
193.427355600,0,1
193.427373000,1,1
193.429839200,0,1
193.429847800,1,1
193.429925800,0,1
193.429951800,1,1
193.429960400,0,1
193.430003600,1,1
193.430012400,0,1
193.430090200,1,1
193.430098800,0,1
193.430116200,1,1
193.430124800,0,1
193.430176800,1,1
193.430185400,0,1
193.430211400,1,1
193.430220000,0,1
193.430263200,1,1
193.430272000,0,1
193.430349800,1,1
193.430358400,0,1
193.430367200,1,1
193.430375800,0,1
193.430401800,1,1
193.430410400,0,1
193.430419000,1,1
193.430445000,0,1
193.430453600,1,1
193.430471000,0,1
193.430479600,1,1
193.430488200,0,1
193.430505600,1,1
193.455383600,1,0
193.455401000,1,1
193.455479000,1,0
193.455487600,1,1
193.455574200,1,0
193.455582800,1,1
193.455609000,1,0
193.455652200,1,1
193.455687000,1,0
193.455764800,1,1
193.455782200,1,0
193.455825400,1,1
193.455834200,1,0
193.455860200,1,1
193.455877600,1,0
193.455955400,1,1
193.455972800,1,0
193.455998800,1,1
193.456007400,1,0
193.456050800,1,1
193.456068200,1,0
193.456076800,1,1
193.456085400,1,0
193.456146000,1,1
193.456163400,1,0
193.456180800,1,1
193.456189400,1,0
193.456241400,1,1
193.456258800,1,0
193.456336600,1,1
193.456354000,1,0
193.456432000,1,1
193.456449400,1,0
193.456466600,1,1
193.456475400,1,0
193.456527200,1,1
193.456544800,1,0
193.456553200,1,1
193.456562000,1,0
193.456622600,1,1
193.456640000,1,0
193.456717800,1,1
193.456735400,1,0
193.456743800,1,1
193.456761200,1,0
193.456813200,1,1
193.456830600,1,0
193.456839200,1,1
193.456848000,1,0
193.456908400,1,1
193.456943200,1,0
193.457021200,1,1
193.457038600,1,0
193.457064400,1,1
193.457073200,1,0
193.457116400,1,1
193.457133800,1,0
193.457142400,1,1
193.457151200,1,0
193.457211800,1,1
193.457229200,1,0
193.457307000,1,1
193.457324400,1,0
193.457402200,1,1
193.457419800,1,0
193.457428200,1,1
193.457437000,1,0
193.457445600,1,1
193.457454400,1,0
193.457463000,1,1
193.457471600,1,0
193.457480200,1,1
193.457489000,1,0
193.457497600,1,1
193.457515000,1,0
193.457523600,1,1
193.457532400,1,0
193.457541000,1,1
193.457549600,1,0
193.457558200,1,1
193.457567000,1,0
193.457575600,1,1
193.457584400,1,0
193.457592800,1,1
194.357932400,0,1
194.357949800,1,1
194.358019000,0,1
194.358027600,1,1
194.358105600,0,1
194.358131400,1,1
194.358140200,0,1
194.358183400,1,1
194.358192000,0,1
194.358270000,1,1
194.358278600,0,1
194.358295800,1,1
194.358304600,0,1
194.358356400,1,1
194.358365200,0,1
194.358382400,1,1
194.358391000,0,1
194.358443000,1,1
194.358451600,0,1
194.358529600,1,1
194.358538200,0,1
194.358546800,1,1
194.358564200,0,1
194.358572800,1,1
194.358607400,0,1
194.358616000,1,1
194.358624800,0,1
194.358633400,1,1
194.358642000,0,1
194.358650600,1,1
194.358668000,0,1
194.358676600,1,1
194.358694000,0,1
194.358702600,1,1
194.382589000,1,0
194.382606400,1,1
194.382684400,1,0
194.382693000,1,1
194.382779800,1,0
194.382788200,1,1
194.382814400,1,0
194.382857600,1,1
194.382875000,1,0
194.382953000,1,1
194.382970400,1,0
194.382978800,1,1
194.382987600,1,0
194.382996200,1,1
194.383013600,1,0
194.383048200,1,1
194.383065600,1,0
194.383143400,1,1
194.383161000,1,0
194.383178200,1,1
194.383187000,1,0
194.383238800,1,1
194.383256200,1,0
194.383264800,1,1
194.383273600,1,0
194.383334000,1,1
194.383351600,1,0
194.383368800,1,1
194.383377600,1,0
194.383429400,1,1
194.383446800,1,0
194.383524600,1,1
194.383542200,1,0
194.383620000,1,1
194.383637400,1,0
194.383654600,1,1
194.383663400,1,0
194.383715400,1,1
194.383732800,1,0
194.383741400,1,1
194.383750000,1,0
194.383810600,1,1
194.383828000,1,0
194.383854000,1,1
194.383862800,1,0
194.383906000,1,1
194.383923400,1,0
194.383932000,1,1
194.383949400,1,0
194.384001200,1,1
194.384036000,1,0
194.384044600,1,1
194.384053400,1,0
194.384113800,1,1
194.384131200,1,0
194.384139800,1,1
194.384148600,1,0
194.384209200,1,1
194.384226600,1,0
194.384304400,1,1
194.384321800,1,0
194.384330400,1,1
194.384347800,1,0
194.384356400,1,1
194.384373800,1,0
194.384399800,1,1
194.384417200,1,0
194.384425800,1,1
194.384434400,1,0
194.384443000,1,1
194.384477800,1,0
194.384486400,1,1
194.385062000,0,1
194.385079400,1,1
194.385148600,0,1
194.385157200,1,1
194.385235200,0,1
194.385261000,1,1
194.385269800,0,1
194.385313000,1,1
194.385321600,0,1
194.385399600,1,1
194.385408200,0,1
194.385425600,1,1
194.385434200,0,1
194.385486000,1,1
194.385494800,0,1
194.385503400,1,1
194.385520800,0,1
194.385572600,1,1
194.385581200,0,1
194.385659200,1,1
194.385667800,0,1
194.385702400,1,1
194.385711000,0,1
194.385728400,1,1
194.385737000,0,1
194.385745800,1,1
194.385754400,0,1
194.385780400,1,1
194.385806200,0,1
194.385815000,1,1
194.385823600,0,1
194.385832200,1,1
194.408291800,1,0
194.408309200,1,1
194.408387200,1,0
194.408395800,1,1
194.408482400,1,0
194.408491000,1,1
194.408517200,1,0
194.408560400,1,1
194.408577800,1,0
194.408655600,1,1
194.408673000,1,0
194.408733600,1,1
194.408742400,1,0
194.408751000,1,1
194.408768400,1,0
194.408846200,1,1
194.408863600,1,0
194.408872200,1,1
194.408889600,1,0
194.408941600,1,1
194.408976200,1,0
194.408984800,1,1
194.408993600,1,0
194.409054200,1,1
194.409080200,1,0
194.409097400,1,1
194.409106200,1,0
194.409158000,1,1
194.409175600,1,0
194.409253400,1,1
194.409270800,1,0
194.409348600,1,1
194.409366200,1,0
194.409383400,1,1
194.409392200,1,0
194.409444000,1,1
194.409461400,1,0
194.409470000,1,1
194.409478800,1,0
194.409539200,1,1
194.409556800,1,0
194.409565200,1,1
194.409574000,1,0
194.409634600,1,1
194.409652000,1,0
194.409660600,1,1
194.409678000,1,0
194.409729800,1,1
194.409747400,1,0
194.409755800,1,1
194.409764600,1,0
194.409825200,1,1
194.409842600,1,0
194.409920400,1,1
194.409955200,1,0
194.409981000,1,1
194.409989800,1,0
194.410033000,1,1
194.410050400,1,0
194.410059000,1,1
194.410067800,1,0
194.410128400,1,1
194.410241000,1,0
194.410249600,1,1
194.410267000,1,0
194.410275600,1,1
194.410310400,1,0
194.410319000,1,1
194.410336400,1,0
194.410345000,1,1
194.410353600,1,0
194.410362200,1,1
194.410371000,1,0
194.410414200,1,1
194.410431600,1,0
194.410440200,1,1
194.410449000,1,0
194.410509600,1,1
194.410527000,1,0
194.410535600,1,1
194.410553000,1,0
194.410561600,1,1
194.410596200,1,0
194.410604800,1,1
194.410622200,1,0
194.410639400,1,1
194.410648200,1,0
194.410656800,1,1
194.410665600,1,0
194.410700200,1,1
194.410717600,1,0
194.410726200,1,1
194.410734800,1,0
194.410795400,1,1
194.410830200,1,0
194.410847400,1,1
194.410856200,1,0
194.410908000,1,1
194.410925400,1,0
194.410951400,1,1
194.410968800,1,0
194.411003400,1,1
194.411020800,1,0
194.411029400,1,1
194.411038000,1,0
194.411098600,1,1
194.411116000,1,0
194.411194000,1,1
194.411211400,1,0
194.411219800,1,1
194.411228600,1,0
194.411237200,1,1
194.411254600,1,0
194.411289200,1,1
194.411306600,1,0
194.411315200,1,1
194.411324000,1,0
194.411384400,1,1
194.411402000,1,0
194.411410400,1,1
194.411428000,1,0
194.411479800,1,1
194.411497200,1,0
194.411540400,1,1
194.411549200,1,0
194.411575000,1,1
194.411592400,1,0
194.411601000,1,1
194.411609800,1,0
194.411670400,1,1
194.411713800,1,0
194.411791600,1,1
194.411809000,1,0
194.411817600,1,1
194.411826400,1,0
194.411852200,1,1
194.411861000,1,0
194.411887000,1,1
194.411904400,1,0
194.411921600,1,1
194.411930400,1,0
194.411982200,1,1
194.411999600,1,0
194.412077600,1,1
194.412095000,1,0
194.412172800,1,1
194.412216200,1,0
194.412268200,1,1
194.412277000,1,0
194.412294200,1,1
194.412311600,1,0
194.412320200,1,1
194.412328800,1,0
194.412389400,1,1
194.412406800,1,0
194.412415400,1,1
194.412441600,1,0
194.412484800,1,1
194.412502200,1,0
194.412510800,1,1
194.412519400,1,0
194.412554000,1,1
194.412562800,1,0
194.412580000,1,1
194.412597400,1,0
194.412614600,1,1
194.412623400,1,0
194.412675400,1,1
194.412710000,1,0
194.412788000,1,1
194.412805400,1,0
194.412822600,1,1
194.412840000,1,0
194.412857200,1,1
194.412866000,1,0
194.412883200,1,1
194.412900600,1,0
194.412917800,1,1
194.412926600,1,0
194.412935200,1,1
194.412944000,1,0
194.412952600,1,1
194.412961200,1,0
194.412978600,1,1
194.412996000,1,0
194.413004600,1,1
194.413013200,1,0
194.413073800,1,1
194.413091200,1,0
194.413099800,1,1
194.413108600,1,0
194.413169200,1,1
194.413186600,1,0
194.413195200,1,1
194.413212600,1,0
194.413221000,1,1
194.413229800,1,0
194.413238400,1,1
194.413247200,1,0
194.413264400,1,1
194.413281800,1,0
194.413290400,1,1
194.413299200,1,0
194.413359600,1,1
194.413377200,1,0
194.413385600,1,1
194.413394400,1,0
194.413455000,1,1
194.413472400,1,0
194.413498400,1,1
194.413515800,1,0
194.413524200,1,1
194.413533000,1,0
194.413550200,1,1
194.413585000,1,0
194.413593600,1,1
194.413602400,1,0
194.413662800,1,1
194.413680400,1,0
194.413706200,1,1
194.413715000,1,0
194.413758200,1,1
194.413775600,1,0
194.413818800,1,1
194.413836200,1,0
194.413853400,1,1
194.413870800,1,0
194.413879400,1,1
194.413888200,1,0
194.413948800,1,1
194.413966200,1,0
194.413992000,1,1
194.414000800,1,0
194.414018000,1,1
194.414035400,1,0
194.414044000,1,1
194.414061400,1,0
194.414087400,1,1
194.414096200,1,0
194.414104800,1,1
194.414122200,1,0
194.414139400,1,1
194.414156800,1,0
194.414165400,1,1
194.414174200,1,0
194.414234600,1,1
194.414252000,1,0
194.414330000,1,1
194.414347400,1,0
194.414364600,1,1
194.414382000,1,0
194.414390600,1,1
194.414408000,1,0
194.414425200,1,1
194.414460000,1,0
194.414468600,1,1
194.414477400,1,0
194.414537800,1,1
194.414555200,1,0
194.414633200,1,1
194.414650600,1,0
194.414711000,1,1
194.414719800,1,0
194.414728400,1,1
194.414745800,1,0
194.414763000,1,1
194.414771800,1,0
194.414823800,1,1
194.414841200,1,0
194.414919000,1,1
194.414936400,1,0
194.415014200,1,1
194.415031800,1,0
194.415109600,1,1
194.415127000,1,0
194.415135600,1,1
194.415144400,1,0
194.415153000,1,1
194.415161600,1,0
194.415178800,1,1
194.415222400,1,0
194.415239600,1,1
194.415248200,1,0
194.415265600,1,1
194.415291600,1,0
194.415300200,1,1
194.439892400,0,1
194.439909800,1,1
194.439979000,0,1
194.439987600,1,1
194.440065600,0,1
194.440091600,1,1
194.440100200,0,1
194.440143400,1,1
194.440152000,0,1
194.440230000,1,1
194.440238600,0,1
194.440256000,1,1
194.440264600,0,1
194.440316600,1,1
194.440325200,0,1
194.440351200,1,1
194.440359800,0,1
194.440403000,1,1
194.440411800,0,1
194.440489600,1,1
194.440498200,0,1
194.440506800,1,1
194.440515600,0,1
194.440541600,1,1
194.440550200,0,1
194.440558800,1,1
194.440584800,0,1
194.440593400,1,1
194.440610800,0,1
194.440619400,1,1
194.440628000,0,1
194.440645400,1,1
194.462888800,1,0
194.462906200,1,1
194.462984200,1,0
194.462992800,1,1
194.463079600,1,0
194.463088200,1,1
194.463114200,1,0
194.463157400,1,1
194.463183600,1,0
194.463261400,1,1
194.463278800,1,0
194.463322000,1,1
194.463330800,1,0
194.463356800,1,1
194.463374200,1,0
194.463452000,1,1
194.463469400,1,0
194.463495400,1,1
194.463504200,1,0
194.463547400,1,1
194.463564800,1,0
194.463573400,1,1
194.463582000,1,0
194.463642600,1,1
194.463660000,1,0
194.463677200,1,1
194.463686000,1,0
194.463738000,1,1
194.463755400,1,0
194.463833200,1,1
194.463850600,1,0
194.463928600,1,1
194.463946000,1,0
194.463963200,1,1
194.463972000,1,0
194.464023800,1,1
194.464058600,1,0
194.464067200,1,1
194.464076000,1,0
194.464136600,1,1
194.464154000,1,0
194.464231800,1,1
194.464249200,1,0
194.464257800,1,1
194.464275200,1,0
194.464327200,1,1
194.464344600,1,0
194.464353200,1,1
194.464361800,1,0
194.464422400,1,1
194.464439800,1,0
194.464517800,1,1
194.464535200,1,0
194.464561000,1,1
194.464569800,1,0
194.464613000,1,1
194.464630400,1,0
194.464639000,1,1
194.464647800,1,0
194.464708400,1,1
194.464725800,1,0
194.464803600,1,1
194.464821200,1,0
194.464899000,1,1
194.464933800,1,0
194.464942400,1,1
194.464951000,1,0
194.464959600,1,1
194.464968400,1,0
194.464977000,1,1
194.464985800,1,0
194.464994200,1,1
194.465003000,1,0
194.465011600,1,1
194.465029000,1,0
194.465037600,1,1
194.465046400,1,0
194.465055000,1,1
194.465063600,1,0
194.465072200,1,1
194.465081000,1,0
194.465089600,1,1
194.465098400,1,0
194.465107000,1,1
195.363927000,0,1
195.363944400,1,1
195.364013600,0,1
195.364022200,1,1
195.364100000,0,1
195.364126000,1,1
195.364134600,0,1
195.364178000,1,1
195.364186600,0,1
195.364264400,1,1
195.364273200,0,1
195.364290400,1,1
195.364299200,0,1
195.364351000,1,1
195.364359600,0,1
195.364377000,1,1
195.364385600,0,1
195.364437600,1,1
195.364446200,0,1
195.364524200,1,1
195.364532800,0,1
195.364541400,1,1
195.364558800,0,1
195.364567400,1,1
195.364602000,0,1
195.364610600,1,1
195.364619400,0,1
195.364628000,1,1
195.364636600,0,1
195.364645200,1,1
195.364662600,0,1
195.364671200,1,1
195.364688600,0,1
195.364697200,1,1
195.385136600,1,0
195.385154000,1,1
195.385232000,1,0
195.385240600,1,1
195.385344600,1,0
195.385353200,1,1
195.385379200,1,0
195.385422600,1,1
195.385440000,1,0
195.385517800,1,1
195.385535200,1,0
195.385543800,1,1
195.385552600,1,0
195.385561200,1,1
195.385578600,1,0
195.385613200,1,1
195.385630600,1,0
195.385708400,1,1
195.385725800,1,0
195.385743000,1,1
195.385751800,1,0
195.385803600,1,1
195.385821200,1,0
195.385829600,1,1
195.385838400,1,0
195.385899000,1,1
195.385916400,1,0
195.385933600,1,1
195.385942400,1,0
195.385994200,1,1
195.386011800,1,0
195.386089600,1,1
195.386107000,1,0
195.386185000,1,1
195.386219600,1,0
195.386236800,1,1
195.386245600,1,0
195.386297600,1,1
195.386315000,1,0
195.386323600,1,1
195.386332200,1,0
195.386392800,1,1
195.386410200,1,0
195.386436200,1,1
195.386445000,1,0
195.386488200,1,1
195.386505600,1,0
195.386514200,1,1
195.386531600,1,0
195.386583400,1,1
195.386600800,1,0
195.386609400,1,1
195.386618200,1,0
195.386678800,1,1
195.386696200,1,0
195.386704800,1,1
195.386713600,1,0
195.386774000,1,1
195.386791400,1,0
195.386869400,1,1
195.386886800,1,0
195.386895400,1,1
195.386912800,1,0
195.386921400,1,1
195.386938800,1,0
195.386964600,1,1
195.386982000,1,0
195.386990600,1,1
195.386999400,1,0
195.387008000,1,1
195.387042800,1,0
195.387051200,1,1
195.387638400,0,1
195.387655600,1,1
195.387725000,0,1
195.387733600,1,1
195.387811400,0,1
195.387837400,1,1
195.387846000,0,1
195.387889400,1,1
195.387898000,0,1
195.387975800,1,1
195.387984600,0,1
195.388001800,1,1
195.388010600,0,1
195.388062400,1,1
195.388071000,0,1
195.388079800,1,1
195.388097000,0,1
195.388149000,1,1
195.388157600,0,1
195.388235400,1,1
195.388244200,0,1
195.388278800,1,1
195.388287400,0,1
195.388304800,1,1
195.388313400,0,1
195.388322000,1,1
195.388330600,0,1
195.388356600,1,1
195.388382600,0,1
195.388391200,1,1
195.388400000,0,1
195.388408600,1,1
195.410847800,1,0
195.410865000,1,1
195.410943000,1,0
195.410951600,1,1
195.411038200,1,0
195.411046800,1,1
195.411073000,1,0
195.411116200,1,1
195.411133600,1,0
195.411211400,1,1
195.411228800,1,0
195.411289400,1,1
195.411298200,1,0
195.411306600,1,1
195.411324200,1,0
195.411402000,1,1
195.411419400,1,0
195.411428000,1,1
195.411445400,1,0
195.411497200,1,1
195.411540600,1,0
195.411549200,1,1
195.411558000,1,0
195.411618600,1,1
195.411636000,1,0
195.411653200,1,1
195.411662000,1,0
195.411713800,1,1
195.411731200,1,0
195.411809000,1,1
195.411826400,1,0
195.411904400,1,1
195.411921800,1,0
195.411939000,1,1
195.411947800,1,0
195.411999600,1,1
195.412017000,1,0
195.412025600,1,1
195.412034400,1,0
195.412095000,1,1
195.412112400,1,0
195.412121000,1,1
195.412129600,1,0
195.412190200,1,1
195.412207600,1,0
195.412216200,1,1
195.412233600,1,0
195.412285600,1,1
195.412303000,1,0
195.412311600,1,1
195.412320200,1,0
195.412380800,1,1
195.412398200,1,0
195.412476000,1,1
195.412493600,1,0
195.412519400,1,1
195.412528200,1,0
195.412571400,1,1
195.412588800,1,0
195.412597400,1,1
195.412606200,1,0
195.412666600,1,1
195.412684200,1,0
195.412692600,1,1
195.412710000,1,0
195.412718600,1,1
195.412753400,1,0
195.412762000,1,1
195.412779400,1,0
195.412788000,1,1
195.412796800,1,0
195.412805200,1,1
195.412814000,1,0
195.412857200,1,1
195.412892000,1,0
195.412900600,1,1
195.412909400,1,0
195.412969800,1,1
195.412987200,1,0
195.412995800,1,1
195.413013200,1,0
195.413021800,1,1
195.413056600,1,0
195.413065200,1,1
195.413082600,1,0
195.413099800,1,1
195.413108600,1,0
195.413117200,1,1
195.413126000,1,0
195.413160400,1,1
195.413177800,1,0
195.413186400,1,1
195.413195200,1,0
195.413255800,1,1
195.413273200,1,0
195.413290400,1,1
195.413299200,1,0
195.413351000,1,1
195.413368400,1,0
195.413394400,1,1
195.413411800,1,0
195.413446400,1,1
195.413463800,1,0
195.413472400,1,1
195.413481000,1,0
195.413541600,1,1
195.413559000,1,0
195.413637000,1,1
195.413654400,1,0
195.413663000,1,1
195.413671600,1,0
195.413680200,1,1
195.413697600,1,0
195.413732200,1,1
195.413767000,1,0
195.413775600,1,1
195.413784400,1,0
195.413844800,1,1
195.413862200,1,0
195.413870800,1,1
195.413888200,1,0
195.413940200,1,1
195.413957600,1,0
195.414000800,1,1
195.414009600,1,0
195.414035400,1,1
195.414052800,1,0
195.414061400,1,1
195.414070200,1,0
195.414130800,1,1
195.414148200,1,0
195.414226000,1,1
195.414243400,1,0
195.414252000,1,1
195.414260800,1,0
195.414286600,1,1
195.414295400,1,0
195.414321200,1,1
195.414338800,1,0
195.414356000,1,1
195.414364600,1,0
195.414416600,1,1
195.414434000,1,0
195.414511800,1,1
195.414529200,1,0
195.414607200,1,1
195.414642000,1,0
195.414693800,1,1
195.414702600,1,0
195.414719800,1,1
195.414737200,1,0
195.414745800,1,1
195.414754600,1,0
195.414815000,1,1
195.414832600,1,0
195.414841000,1,1
195.414867200,1,0
195.414910400,1,1
195.414927800,1,0
195.414936400,1,1
195.414945200,1,0
195.414979600,1,1
195.414988400,1,0
195.415005600,1,1
195.415023000,1,0
195.415040400,1,1
195.415049000,1,0
195.415101000,1,1
195.415118400,1,0
195.415196200,1,1
195.415213600,1,0
195.415231000,1,1
195.415239600,1,0
195.415248200,1,1
195.415257000,1,0
195.415265600,1,1
195.415274400,1,0
195.415291600,1,1
195.415309000,1,0
195.415326200,1,1
195.415335000,1,0
195.415343600,1,1
195.415352400,1,0
195.415360800,1,1
195.415369600,1,0
195.415386800,1,1
195.415404200,1,0
195.415412800,1,1
195.415421600,1,0
195.415482200,1,1
195.415525600,1,0
195.415534200,1,1
195.415542800,1,0
195.415603400,1,1
195.415620800,1,0
195.415629400,1,1
195.415646800,1,0
195.415655400,1,1
195.415664200,1,0
195.415672800,1,1
195.415681600,1,0
195.415698800,1,1
195.415716200,1,0
195.415724800,1,1
195.415733600,1,0
195.415794000,1,1
195.415811400,1,0
195.415820000,1,1
195.415828800,1,0
195.415889400,1,1
195.415906800,1,0
195.415932600,1,1
195.415950000,1,0
195.415958600,1,1
195.415967400,1,0
195.415984600,1,1
195.416019400,1,0
195.416028000,1,1
195.416036800,1,0
195.416097200,1,1
195.416114600,1,0
195.416140600,1,1
195.416149400,1,0
195.416192600,1,1
195.416210000,1,0
195.416253200,1,1
195.416270600,1,0
195.416287800,1,1
195.416305200,1,0
195.416313800,1,1
195.416322600,1,0
195.416383200,1,1
195.416400600,1,0
195.416426400,1,1
195.416435200,1,0
195.416452400,1,1
195.416469800,1,0
195.416478400,1,1
195.416495800,1,0
195.416521800,1,1
195.416530600,1,0
195.416539200,1,1
195.416556600,1,0
195.416573800,1,1
195.416591200,1,0
195.416599800,1,1
195.416608600,1,0
195.416669000,1,1
195.416686400,1,0
195.416764400,1,1
195.416781800,1,0
195.416799000,1,1
195.416816400,1,0
195.416825000,1,1
195.416842400,1,0
195.416859600,1,1
195.416894400,1,0
195.416903000,1,1
195.416911800,1,0
195.416972200,1,1
195.416989600,1,0
195.417067600,1,1
195.417085000,1,0
195.417145600,1,1
195.417154200,1,0
195.417162800,1,1
195.417180200,1,0
195.417197600,1,1
195.417206200,1,0
195.417258200,1,1
195.417275600,1,0
195.417353400,1,1
195.417370800,1,0
195.417448800,1,1
195.417466200,1,0
195.417544000,1,1
195.417561400,1,0
195.417570000,1,1
195.417578800,1,0
195.417604600,1,1
195.417613400,1,0
195.417630600,1,1
195.417734800,1,0
195.417743200,1,1
195.417769400,1,0
195.417795200,1,1
195.417804000,1,0
195.417812600,1,1
195.428060200,0,1
195.428077600,1,1
195.428146800,0,1
195.428155400,1,1
195.428233400,0,1
195.428259200,1,1
195.428268000,0,1
195.428311200,1,1
195.428319800,0,1
195.428397800,1,1
195.428406400,0,1
195.428423800,1,1
195.428432400,0,1
195.428484200,1,1
195.428493000,0,1
195.428518800,1,1
195.428527600,0,1
195.428570800,1,1
195.428579400,0,1
195.428657400,1,1
195.428666000,0,1
195.428674600,1,1
195.428683400,0,1
195.428709200,1,1
195.428718000,0,1
195.428726600,1,1
195.428752600,0,1
195.428761200,1,1
195.428778600,0,1
195.428787200,1,1
195.428795800,0,1
195.428813200,1,1
195.451545600,1,0
195.451562800,1,1
195.451640800,1,0
195.451649400,1,1
195.451736200,1,0
195.451744800,1,1
195.451770800,1,0
195.451814000,1,1
195.451831400,1,0
195.451909400,1,1
195.451926800,1,0
195.451970000,1,1
195.451978800,1,0
195.452004600,1,1
195.452022000,1,0
195.452100000,1,1
195.452117400,1,0
195.452143200,1,1
195.452152000,1,0
195.452195200,1,1
195.452238600,1,0
195.452247200,1,1
195.452256000,1,0
195.452316600,1,1
195.452334000,1,0
195.452351200,1,1
195.452360000,1,0
195.452411800,1,1
195.452429200,1,0
195.452507000,1,1
195.452524600,1,0
195.452602400,1,1
195.452645800,1,0
195.452663000,1,1
195.452671800,1,0
195.452723800,1,1
195.452741200,1,0
195.452749600,1,1
195.452758400,1,0
195.452819000,1,1
195.452836400,1,0
195.452914400,1,1
195.452931800,1,0
195.452940200,1,1
195.452957800,1,0
195.453009600,1,1
195.453027000,1,0
195.453035600,1,1
195.453044400,1,0
195.453104800,1,1
195.453122400,1,0
195.453200200,1,1
195.453217600,1,0
195.453243600,1,1
195.453252200,1,0
195.453295400,1,1
195.453313000,1,0
195.453321400,1,1
195.453330200,1,0
195.453390800,1,1
195.453408200,1,0
195.453486200,1,1
195.453503600,1,0
195.453581400,1,1
195.453598800,1,0
195.453607400,1,1
195.453616200,1,0
195.453624800,1,1
195.453633400,1,0
195.453642000,1,1
195.453650800,1,0
195.453659400,1,1
195.453668200,1,0
195.453676800,1,1
195.453694200,1,0
195.453702800,1,1
195.453711400,1,0
195.453720000,1,1
195.453728800,1,0
195.453737400,1,1
195.453746200,1,0
195.453754600,1,1
195.453763400,1,0
195.453772000,1,1
196.403922400,0,1
196.403939600,1,1
196.404008800,0,1
196.404017600,1,1
196.404095400,0,1
196.404121400,1,1
196.404130000,0,1
196.404173400,1,1
196.404182000,0,1
196.404259800,1,1
196.404268600,0,1
196.404285800,1,1
196.404294400,0,1
196.404346400,1,1
196.404355000,0,1
196.404372400,1,1
196.404381000,0,1
196.404433000,1,1
196.404441600,0,1
196.404519400,1,1
196.404528200,0,1
196.404536800,1,1
196.404554000,0,1
196.404562800,1,1
196.404597400,0,1
196.404606000,1,1
196.404614600,0,1
196.404623400,1,1
196.404632000,0,1
196.404640600,1,1
196.404658000,0,1
196.404666600,1,1
196.404683800,0,1
196.404692600,1,1
196.427786200,1,0
196.427803400,1,1
196.427881600,1,0
196.427890000,1,1
196.427994200,1,0
196.428002800,1,1
196.428028800,1,0
196.428072000,1,1
196.428089400,1,0
196.428167400,1,1
196.428184800,1,0
196.428193400,1,1
196.428202000,1,0
196.428210600,1,1
196.428228000,1,0
196.428262600,1,1
196.428280000,1,0
196.428358000,1,1
196.428375400,1,0
196.428392600,1,1
196.428401400,1,0
196.428453200,1,1
196.428488000,1,0
196.428496600,1,1
196.428505200,1,0
196.428565800,1,1
196.428583200,1,0
196.428600400,1,1
196.428609200,1,0
196.428661200,1,1
196.428678600,1,0
196.428756400,1,1
196.428773800,1,0
196.428851800,1,1
196.428869200,1,0
196.428886400,1,1
196.428895200,1,0
196.428947000,1,1
196.428964400,1,0
196.428973000,1,1
196.428981800,1,0
196.429042400,1,1
196.429059800,1,0
196.429085600,1,1
196.429094400,1,0
196.429137600,1,1
196.429155000,1,0
196.429163600,1,1
196.429181000,1,0
196.429233000,1,1
196.429250400,1,0
196.429259000,1,1
196.429267800,1,0
196.429328200,1,1
196.429363000,1,0
196.429371600,1,1
196.429380400,1,0
196.429441000,1,1
196.429458400,1,0
196.429536200,1,1
196.429553600,1,0
196.429562200,1,1
196.429579600,1,0
196.429588200,1,1
196.429605600,1,0
196.429631600,1,1
196.429649000,1,0
196.429657600,1,1
196.429666200,1,0
196.429674800,1,1
196.429709600,1,0
196.429718200,1,1
196.430463600,0,1
196.430480800,1,1
196.430550000,0,1
196.430558800,1,1
196.430636600,0,1
196.430662600,1,1
196.430671200,0,1
196.430714400,1,1
196.430723200,0,1
196.430801000,1,1
196.430809600,0,1
196.430827000,1,1
196.430835600,0,1
196.430887600,1,1
196.430896200,0,1
196.430904800,1,1
196.430922200,0,1
196.430974200,1,1
196.430982800,0,1
196.431060600,1,1
196.431069400,0,1
196.431104000,1,1
196.431112600,0,1
196.431129800,1,1
196.431138600,0,1
196.431147200,1,1
196.431155800,0,1
196.431181800,1,1
196.431207800,0,1
196.431216400,1,1
196.431225000,0,1
196.431233800,1,1
196.453493200,1,0
196.453510400,1,1
196.453588600,1,0
196.453597200,1,1
196.453683800,1,0
196.453692400,1,1
196.453718600,1,0
196.453761800,1,1
196.453787800,1,0
196.453865800,1,1
196.453883200,1,0
196.453943600,1,1
196.453952400,1,0
196.453961000,1,1
196.453978400,1,0
196.454056400,1,1
196.454073800,1,0
196.454082400,1,1
196.454099800,1,0
196.454151600,1,1
196.454186400,1,0
196.454195000,1,1
196.454203800,1,0
196.454264200,1,1
196.454290400,1,0
196.454307600,1,1
196.454316400,1,0
196.454368200,1,1
196.454385600,1,0
196.454463600,1,1
196.454481000,1,0
196.454558800,1,1
196.454576200,1,0
196.454593400,1,1
196.454602200,1,0
196.454654200,1,1
196.454671600,1,0
196.454680200,1,1
196.454689000,1,0
196.454749400,1,1
196.454766800,1,0
196.454775400,1,1
196.454784200,1,0
196.454844800,1,1
196.454862200,1,0
196.454870800,1,1
196.454888200,1,0
196.454940000,1,1
196.454957400,1,0
196.454966000,1,1
196.454974800,1,0
196.455035400,1,1
196.455052800,1,0
196.455130600,1,1
196.455165400,1,0
196.455191400,1,1
196.455200000,1,0
196.455243200,1,1
196.455260800,1,0
196.455269200,1,1
196.455278000,1,0
196.455338600,1,1
196.455356000,1,0
196.455364600,1,1
196.455382000,1,0
196.455390600,1,1
196.455425400,1,0
196.455433800,1,1
196.455451400,1,0
196.455459800,1,1
196.455468600,1,0
196.455477200,1,1
196.455486000,1,0
196.455529200,1,1
196.455546600,1,0
196.455555200,1,1
196.455564000,1,0
196.455624600,1,1
196.455642000,1,0
196.455650600,1,1
196.455668000,1,0
196.455676400,1,1
196.455711200,1,0
196.455719800,1,1
196.455737200,1,0
196.455754400,1,1
196.455763200,1,0
196.455771800,1,1
196.455780600,1,0
196.455815200,1,1
196.455832600,1,0
196.455841200,1,1
196.455849800,1,0
196.455910400,1,1
196.455927800,1,0
196.455945000,1,1
196.455953800,1,0
196.456005800,1,1
196.456049200,1,0
196.456075000,1,1
196.456092400,1,0
196.456127000,1,1
196.456144400,1,0
196.456153000,1,1
196.456161800,1,0
196.456222400,1,1
196.456239800,1,0
196.456317600,1,1
196.456335200,1,0
196.456343600,1,1
196.456352400,1,0
196.456361000,1,1
196.456378400,1,0
196.456413000,1,1
196.456430400,1,0
196.456439000,1,1
196.456447800,1,0
196.456508400,1,1
196.456543000,1,0
196.456551600,1,1
196.456569000,1,0
196.456621000,1,1
196.456638400,1,0
196.456681600,1,1
196.456690400,1,0
196.456716200,1,1
196.456733600,1,0
196.456742200,1,1
196.456751000,1,0
196.456811600,1,1
196.456829000,1,0
196.456906800,1,1
196.456924200,1,0
196.456932800,1,1
196.456941600,1,0
196.456967600,1,1
196.456976200,1,0
196.457002200,1,1
196.457019600,1,0
196.457036800,1,1
196.457045600,1,0
196.457097400,1,1
196.457114800,1,0
196.457192800,1,1
196.457244800,1,0
196.457322800,1,1
196.457340200,1,0
196.457392000,1,1
196.457400800,1,0
196.457418000,1,1
196.457435400,1,0
196.457444000,1,1
196.457452800,1,0
196.457513400,1,1
196.457548000,1,0
196.457582600,1,1
196.457591400,1,0
196.457626000,1,1
196.457643400,1,0
196.457652000,1,1
196.457660800,1,0
196.457695200,1,1
196.457704000,1,0
196.457721200,1,1
196.457738600,1,0
196.457756000,1,1
196.457764600,1,0
196.457816600,1,1
196.457834000,1,0
196.457911800,1,1
196.457929400,1,0
196.457946600,1,1
196.457972600,1,0
196.457981200,1,1
196.457990000,1,0
196.458007200,1,1
196.458050600,1,0
196.458067800,1,1
196.458076600,1,0
196.458085200,1,1
196.458094000,1,0
196.458102400,1,1
196.458111200,1,0
196.458128400,1,1
196.458145800,1,0
196.458154400,1,1
196.458163200,1,0
196.458223800,1,1
196.458241200,1,0
196.458249800,1,1
196.458258400,1,0
196.458319000,1,1
196.458336400,1,0
196.458345000,1,1
196.458362400,1,0
196.458371000,1,1
196.458379800,1,0
196.458388400,1,1
196.458397000,1,0
196.458414400,1,1
196.458431800,1,0
196.458440400,1,1
196.458449000,1,0
196.458509600,1,1
196.458553000,1,0
196.458561600,1,1
196.458570400,1,0
196.458631000,1,1
196.458648400,1,0
196.458674200,1,1
196.458691600,1,0
196.458700200,1,1
196.458709000,1,0
196.458726200,1,1
196.458743600,1,0
196.458752200,1,1
196.458761000,1,0
196.458821600,1,1
196.458839000,1,0
196.458864800,1,1
196.458873600,1,0
196.458916800,1,1
196.458934200,1,0
196.458977400,1,1
196.458994800,1,0
196.459012200,1,1
196.459046800,1,0
196.459055400,1,1
196.459064200,1,0
196.459124800,1,1
196.459142200,1,0
196.459168000,1,1
196.459176800,1,0
196.459194000,1,1
196.459211400,1,0
196.459220000,1,1
196.459358800,1,0
196.459384600,1,1
196.459393400,1,0
196.459402000,1,1
196.459419400,1,0
196.459436600,1,1
196.459454000,1,0
196.459462600,1,1
196.459471400,1,0
196.459532000,1,1
196.459549400,1,0
196.459627200,1,1
196.459644600,1,0
196.459661800,1,1
196.459679200,1,0
196.459687800,1,1
196.459705200,1,0
196.459722400,1,1
196.459740000,1,0
196.459748400,1,1
196.459757200,1,0
196.459817800,1,1
196.459835200,1,0
196.459913000,1,1
196.459930400,1,0
196.459991000,1,1
196.459999800,1,0
196.460008400,1,1
196.460025800,1,0
196.460043000,1,1
196.460051800,1,0
196.460103600,1,1
196.460121000,1,0
196.460199000,1,1
196.460216400,1,0
196.460294200,1,1
196.460311800,1,0
196.460389600,1,1
196.460424400,1,0
196.460441600,1,1
196.460459000,1,0
196.460493600,1,1
196.460519600,1,0
196.460536800,1,1
196.460554400,1,0
196.460571600,1,1
196.460580200,1,0
196.460597600,1,1
196.470409400,0,1
196.470426800,1,1
196.470496000,0,1
196.470504600,1,1
196.470582600,0,1
196.470608400,1,1
196.470617200,0,1
196.470660400,1,1
196.470669000,0,1
196.470747000,1,1
196.470755600,0,1
196.470772800,1,1
196.470781600,0,1
196.470833400,1,1
196.470842200,0,1
196.470868000,1,1
196.470876800,0,1
196.470920000,1,1
196.470928600,0,1
196.471006600,1,1
196.471015200,0,1
196.471023800,1,1
196.471032600,0,1
196.471058400,1,1
196.471067200,0,1
196.471075800,1,1
196.471101800,0,1
196.471110400,1,1
196.471127800,0,1
196.471136400,1,1
196.471145000,0,1
196.471162400,1,1
196.493114000,1,0
196.493131400,1,1
196.493209400,1,0
196.493218000,1,1
196.493304600,1,0
196.493313200,1,1
196.493339400,1,0
196.493382600,1,1
196.493400000,1,0
196.493477800,1,1
196.493495200,1,0
196.493538400,1,1
196.493547200,1,0
196.493573200,1,1
196.493590600,1,0
196.493668400,1,1
196.493685800,1,0
196.493711800,1,1
196.493720400,1,0
196.493763600,1,1
196.493781200,1,0
196.493789600,1,1
196.493798400,1,0
196.493859000,1,1
196.493876400,1,0
196.493893600,1,1
196.493902400,1,0
196.493954200,1,1
196.493971600,1,0
196.494049600,1,1
196.494067000,1,0
196.494144800,1,1
196.494162200,1,0
196.494179400,1,1
196.494188200,1,0
196.494240200,1,1
196.494257600,1,0
196.494266200,1,1
196.494274800,1,0
196.494335400,1,1
196.494370200,1,0
196.494448000,1,1
196.494465400,1,0
196.494474000,1,1
196.494491400,1,0
196.494543400,1,1
196.494560800,1,0
196.494569400,1,1
196.494578000,1,0
196.494638600,1,1
196.494656000,1,0
196.494734000,1,1
196.494751400,1,0
196.494777200,1,1
196.494786000,1,0
196.494829200,1,1
196.494846600,1,0
196.494855200,1,1
196.494864000,1,0
196.494924600,1,1
196.494942000,1,0
196.495019800,1,1
196.495037200,1,0
196.495115000,1,1
196.495132600,1,0
196.495141000,1,1
196.495149800,1,0
196.495158400,1,1
196.495167200,1,0
196.495175800,1,1
196.495184400,1,0
196.495193000,1,1
196.495201800,1,0
196.495210400,1,1
196.495245200,1,0
196.495253600,1,1
196.495262400,1,0
196.495271000,1,1
196.495279800,1,0
196.495288400,1,1
196.495297200,1,0
196.495305600,1,1
196.495314400,1,0
196.495323000,1,1
197.445916800,0,1
197.445934000,1,1
197.446003200,0,1
197.446012000,1,1
197.446089800,0,1
197.446115800,1,1
197.446124400,0,1
197.446167800,1,1
197.446176400,0,1
197.446254200,1,1
197.446263000,0,1
197.446280200,1,1
197.446288800,0,1
197.446340800,1,1
197.446349400,0,1
197.446366800,1,1
197.446375400,0,1
197.446427400,1,1
197.446436000,0,1
197.446513800,1,1
197.446522600,0,1
197.446531200,1,1
197.446548400,0,1
197.446557200,1,1
197.446591800,0,1
197.446600400,1,1
197.446609000,0,1
197.446617800,1,1
197.446626400,0,1
197.446635000,1,1
197.446652400,0,1
197.446661000,1,1
197.446678200,0,1
197.446687000,1,1
197.470485400,1,0
197.470502600,1,1
197.470580600,1,0
197.470589200,1,1
197.470676000,1,0
197.470684400,1,1
197.470710600,1,0
197.470753800,1,1
197.470788600,1,0
197.470866400,1,1
197.470883800,1,0
197.470892400,1,1
197.470901200,1,0
197.470909800,1,1
197.470927200,1,0
197.470961800,1,1
197.470979200,1,0
197.471057000,1,1
197.471074400,1,0
197.471091800,1,1
197.471100400,1,0
197.471152400,1,1
197.471169800,1,0
197.471178400,1,1
197.471187200,1,0
197.471247600,1,1
197.471265200,1,0
197.471282400,1,1
197.471291200,1,0
197.471343000,1,1
197.471360400,1,0
197.471438400,1,1
197.471455800,1,0
197.471533600,1,1
197.471551000,1,0
197.471568200,1,1
197.471577000,1,0
197.471629000,1,1
197.471663800,1,0
197.471672200,1,1
197.471681000,1,0
197.471741600,1,1
197.471759000,1,0
197.471785000,1,1
197.471793600,1,0
197.471837000,1,1
197.471854400,1,0
197.471863000,1,1
197.471880400,1,0
197.471932200,1,1
197.471949600,1,0
197.471958200,1,1
197.471967000,1,0
197.472027600,1,1
197.472045000,1,0
197.472053600,1,1
197.472062200,1,0
197.472122800,1,1
197.472140200,1,0
197.472218200,1,1
197.472235600,1,0
197.472244200,1,1
197.472261600,1,0
197.472270200,1,1
197.472287600,1,0
197.472313400,1,1
197.472330800,1,0
197.472339400,1,1
197.472348200,1,0
197.472356800,1,1
197.472391600,1,0
197.472400200,1,1
197.472977200,0,1
197.472994400,1,1
197.473063600,0,1
197.473072400,1,1
197.473150200,0,1
197.473176200,1,1
197.473184800,0,1
197.473228200,1,1
197.473236800,0,1
197.473314600,1,1
197.473323400,0,1
197.473340600,1,1
197.473349200,0,1
197.473401200,1,1
197.473409800,0,1
197.473418400,1,1
197.473435800,0,1
197.473487800,1,1
197.473496400,0,1
197.473574200,1,1
197.473583000,0,1
197.473617600,1,1
197.473626200,0,1
197.473643400,1,1
197.473652200,0,1
197.473660800,1,1
197.473669400,0,1
197.473695400,1,1
197.473721400,0,1
197.473730000,1,1
197.473738600,0,1
197.473747400,1,1
197.496373200,1,0
197.496390400,1,1
197.496468600,1,0
197.496477000,1,1
197.496563800,1,0
197.496572400,1,1
197.496598400,1,0
197.496641600,1,1
197.496659000,1,0
197.496737000,1,1
197.496754400,1,0
197.496815000,1,1
197.496823600,1,0
197.496832200,1,1
197.496849600,1,0
197.496927600,1,1
197.496945000,1,0
197.496953600,1,1
197.496971000,1,0
197.497022800,1,1
197.497040200,1,0
197.497048800,1,1
197.497057600,1,0
197.497118200,1,1
197.497135600,1,0
197.497152800,1,1
197.497161600,1,0
197.497213400,1,1
197.497230800,1,0
197.497308800,1,1
197.497343600,1,0
197.497421400,1,1
197.497438800,1,0
197.497456000,1,1
197.497464800,1,0
197.497516800,1,1
197.497534200,1,0
197.497542800,1,1
197.497551400,1,0
197.497612000,1,1
197.497629400,1,0
197.497638000,1,1
197.497646800,1,0
197.497707400,1,1
197.497724800,1,0
197.497733400,1,1
197.497750800,1,0
197.497802600,1,1
197.497820000,1,0
197.497828600,1,1
197.497837400,1,0
197.497898000,1,1
197.497915400,1,0
197.497993200,1,1
197.498010600,1,0
197.498036600,1,1
197.498045400,1,0
197.498088600,1,1
197.498106000,1,0
197.498114600,1,1
197.498123200,1,0
197.498183800,1,1
197.498218600,1,0
197.498227200,1,1
197.498244600,1,0
197.498253200,1,1
197.498287800,1,0
197.498296400,1,1
197.498313800,1,0
197.498322400,1,1
197.498331200,1,0
197.498339800,1,1
197.498348600,1,0
197.498391800,1,1
197.498409200,1,0
197.498417800,1,1
197.498426600,1,0
197.498487000,1,1
197.498504400,1,0
197.498513000,1,1
197.498530400,1,0
197.498539000,1,1
197.498573800,1,0
197.498582400,1,1
197.498599800,1,0
197.498617000,1,1
197.498625800,1,0
197.498634400,1,1
197.498643200,1,0
197.498677600,1,1
197.498695000,1,0
197.498703600,1,1
197.498712400,1,0
197.498773000,1,1
197.498790400,1,0
197.498807600,1,1
197.498816400,1,0
197.498868200,1,1
197.498885600,1,0
197.498911600,1,1
197.498929000,1,0
197.498963600,1,1
197.498981000,1,0
197.498989600,1,1
197.498998400,1,0
197.499058800,1,1
197.499076200,1,0
197.499154200,1,1
197.499171600,1,0
197.499180200,1,1
197.499188800,1,0
197.499197400,1,1
197.499214800,1,0
197.499249400,1,1
197.499266800,1,0
197.499275400,1,1
197.499284200,1,0
197.499344800,1,1
197.499362200,1,0
197.499370800,1,1
197.499388200,1,0
197.499440000,1,1
197.499474800,1,0
197.499518000,1,1
197.499526800,1,0
197.499552600,1,1
197.499570200,1,0
197.499578600,1,1
197.499587400,1,0
197.499648000,1,1
197.499665400,1,0
197.499743400,1,1
197.499760800,1,0
197.499769400,1,1
197.499778000,1,0
197.499804000,1,1
197.499812800,1,0
197.499838600,1,1
197.499856000,1,0
197.499873200,1,1
197.499882000,1,0
197.499934000,1,1
197.499951400,1,0
197.500029200,1,1
197.500046600,1,0
197.500124600,1,1
197.500142000,1,0
197.500193800,1,1
197.500202600,1,0
197.500219800,1,1
197.500237200,1,0
197.500245800,1,1
197.500254600,1,0
197.500315200,1,1
197.500350000,1,0
197.500384400,1,1
197.500393200,1,0
197.500427800,1,1
197.500445200,1,0
197.500453800,1,1
197.500462600,1,0
197.500497200,1,1
197.500505800,1,0
197.500523000,1,1
197.500540600,1,0
197.500557800,1,1
197.500566600,1,0
197.500618400,1,1
197.500635800,1,0
197.500713800,1,1
197.500731200,1,0
197.500739800,1,1
197.500748400,1,0
197.500774400,1,1
197.500791800,1,0
197.500809000,1,1
197.500887200,1,0
197.500904400,1,1
197.500913200,1,0
197.500921600,1,1
197.500930400,1,0
197.500939000,1,1
197.500947800,1,0
197.500965000,1,1
197.500982400,1,0
197.500991000,1,1
197.500999800,1,0
197.501060400,1,1
197.501077800,1,0
197.501086400,1,1
197.501095000,1,0
197.501155600,1,1
197.501173000,1,0
197.501181600,1,1
197.501199000,1,0
197.501207600,1,1
197.501216400,1,0
197.501225000,1,1
197.501233800,1,0
197.501251000,1,1
197.501268400,1,0
197.501277000,1,1
197.501285600,1,0
197.501346200,1,1
197.501363600,1,0
197.501372200,1,1
197.501381000,1,0
197.501441600,1,1
197.501476400,1,0
197.501502200,1,1
197.501519600,1,0
197.501528200,1,1
197.501537000,1,0
197.501554200,1,1
197.501571600,1,0
197.501580200,1,1
197.501589000,1,0
197.501649600,1,1
197.501667000,1,0
197.501692800,1,1
197.501701600,1,0
197.501744800,1,1
197.501762200,1,0
197.501805600,1,1
197.501823000,1,0
197.501840200,1,1
197.501857600,1,0
197.501866200,1,1
197.501875000,1,0
197.501935400,1,1
197.501953000,1,0
197.501978800,1,1
197.501987600,1,0
197.502004800,1,1
197.502022200,1,0
197.502030800,1,1
197.502048200,1,0
197.502074000,1,1
197.502082800,1,0
197.502091400,1,1
197.502108800,1,0
197.502126000,1,1
197.502143600,1,0
197.502152000,1,1
197.502160800,1,0
197.502221400,1,1
197.502238800,1,0
197.502316600,1,1
197.502351400,1,0
197.502368600,1,1
197.502386000,1,0
197.502394600,1,1
197.502412000,1,0
197.502429400,1,1
197.502446800,1,0
197.502455400,1,1
197.502464000,1,0
197.502524600,1,1
197.502542000,1,0
197.502620000,1,1
197.502637400,1,0
197.502698000,1,1
197.502706600,1,0
197.502715200,1,1
197.502732600,1,0
197.502749800,1,1
197.502758600,1,0
197.502810600,1,1
197.502828000,1,0
197.502905800,1,1
197.502923200,1,0
197.503001200,1,1
197.503018600,1,0
197.503096400,1,1
197.503114000,1,0
197.503122400,1,1
197.503140000,1,0
197.503148400,1,1
197.503157200,1,0
197.503165800,1,1
197.503209200,1,0
197.503217800,1,1
197.503226600,1,0
197.503235200,1,1
197.503243800,1,0
197.503269800,1,1
197.503278600,1,0
197.503287000,1,1
197.512239400,0,1
197.512256800,1,1
197.512326000,0,1
197.512334600,1,1
197.512412400,0,1
197.512438400,1,1
197.512447000,0,1
197.512490400,1,1
197.512499000,0,1
197.512576800,1,1
197.512585600,0,1
197.512602800,1,1
197.512611600,0,1
197.512663400,1,1
197.512672000,0,1
197.512698000,1,1
197.512706800,0,1
197.512750000,1,1
197.512758600,0,1
197.512836600,1,1
197.512845200,0,1
197.512853800,1,1
197.512862400,0,1
197.512888400,1,1
197.512897000,0,1
197.512905800,1,1
197.512931800,0,1
197.512940400,1,1
197.512957600,0,1
197.512966400,1,1
197.512975000,0,1
197.512992200,1,1
197.535887600,1,0
197.535904800,1,1
197.535983000,1,0
197.535991600,1,1
197.536078200,1,0
197.536086800,1,1
197.536113000,1,0
197.536156200,1,1
197.536173600,1,0
197.536251400,1,1
197.536268800,1,0
197.536312200,1,1
197.536320800,1,0
197.536346800,1,1
197.536364200,1,0
197.536442000,1,1
197.536459600,1,0
197.536485400,1,1
197.536494200,1,0
197.536537400,1,1
197.536554800,1,0
197.536563400,1,1
197.536572200,1,0
197.536632600,1,1
197.536702200,1,0
197.536719400,1,1
197.536728000,1,0
197.536780000,1,1
197.536797400,1,0
197.536875200,1,1
197.536892800,1,0
197.536970600,1,1
197.536988000,1,0
197.537005200,1,1
197.537014000,1,0
197.537066000,1,1
197.537083400,1,0
197.537092000,1,1
197.537100600,1,0
197.537161200,1,1
197.537178600,1,0
197.537256600,1,1
197.537274000,1,0
197.537282600,1,1
197.537300000,1,0
197.537351800,1,1
197.537369200,1,0
197.537377800,1,1
197.537386600,1,0
197.537447200,1,1
197.537464600,1,0
197.537542400,1,1
197.537559800,1,0
197.537585800,1,1
197.537594400,1,0
197.537637800,1,1
197.537672400,1,0
197.537681000,1,1
197.537689800,1,0
197.537750400,1,1
197.537767800,1,0
197.537845600,1,1
197.537863000,1,0
197.537941000,1,1
197.537958400,1,0
197.537967000,1,1
197.537975600,1,0
197.537984200,1,1
197.537993000,1,0
197.538001600,1,1
197.538010400,1,0
197.538018800,1,1
197.538027600,1,0
197.538036200,1,1
197.538053600,1,0
197.538062200,1,1
197.538071000,1,0
197.538079600,1,1
197.538088200,1,0
197.538096800,1,1
197.538105600,1,0
197.538114200,1,1
197.538123000,1,0
197.538131600,1,1
198.487911200,0,1
198.487928400,1,1
198.487997600,0,1
198.488006400,1,1
198.488084200,0,1
198.488110200,1,1
198.488118800,0,1
198.488162000,1,1
198.488170800,0,1
198.488248600,1,1
198.488257200,0,1
198.488274600,1,1
198.488283200,0,1
198.488335200,1,1
198.488343800,0,1
198.488361200,1,1
198.488369800,0,1
198.488421600,1,1
198.488430400,0,1
198.488508200,1,1
198.488516800,0,1
198.488525600,1,1
198.488542800,0,1
198.488551400,1,1
198.488586200,0,1
198.488594800,1,1
198.488603400,0,1
198.488612000,1,1
198.488620800,0,1
198.488629400,1,1
198.488646600,0,1
198.488655400,1,1
198.488672600,0,1
198.488681400,1,1
198.513278800,1,0
198.513296000,1,1
198.513374200,1,0
198.513382600,1,1
198.513469400,1,0
198.513478000,1,1
198.513504000,1,0
198.513547400,1,1
198.513564800,1,0
198.513642600,1,1
198.513660000,1,0
198.513668600,1,1
198.513677400,1,0
198.513686000,1,1
198.513703400,1,0
198.513738000,1,1
198.513755400,1,0
198.513833200,1,1
198.513850600,1,0
198.513867800,1,1
198.513876600,1,0
198.513928600,1,1
198.513963200,1,0
198.513971800,1,1
198.513980600,1,0
198.514041200,1,1
198.514058600,1,0
198.514075800,1,1
198.514084600,1,0
198.514136400,1,1
198.514153800,1,0
198.514231800,1,1
198.514249200,1,0
198.514327000,1,1
198.514344400,1,0
198.514361600,1,1
198.514370400,1,0
198.514422400,1,1
198.514439800,1,0
198.514448200,1,1
198.514457000,1,0
198.514517600,1,1
198.514535000,1,0
198.514561000,1,1
198.514569600,1,0
198.514613000,1,1
198.514630400,1,0
198.514639000,1,1
198.514656400,1,0
198.514708200,1,1
198.514725600,1,0
198.514734200,1,1
198.514743000,1,0
198.514803600,1,1
198.514838200,1,0
198.514846800,1,1
198.514855600,1,0
198.514916200,1,1
198.514933600,1,0
198.515011400,1,1
198.515028800,1,0
198.515037400,1,1
198.515054800,1,0
198.515063400,1,1
198.515080800,1,0
198.515106800,1,1
198.515124200,1,0
198.515132800,1,1
198.515141400,1,0
198.515150000,1,1
198.515184800,1,0
198.515193400,1,1
198.515750400,0,1
198.515767600,1,1
198.515837000,0,1
198.515845600,1,1
198.515923400,0,1
198.515949400,1,1
198.515958000,0,1
198.516001400,1,1
198.516010000,0,1
198.516087800,1,1
198.516096600,0,1
198.516113800,1,1
198.516122400,0,1
198.516174400,1,1
198.516183000,0,1
198.516191800,1,1
198.516209000,0,1
198.516261000,1,1
198.516269600,0,1
198.516347400,1,1
198.516356200,0,1
198.516390800,1,1
198.516399400,0,1
198.516416800,1,1
198.516425400,0,1
198.516434000,1,1
198.516442600,0,1
198.516468600,1,1
198.516494600,0,1
198.516503200,1,1
198.516512000,0,1
198.516520600,1,1
198.539028600,1,0
198.539045800,1,1
198.539141200,1,0
198.539149800,1,1
198.539236600,1,0
198.539245200,1,1
198.539271200,1,0
198.539314400,1,1
198.539331800,1,0
198.539409800,1,1
198.539427200,1,0
198.539487800,1,1
198.539496600,1,0
198.539505000,1,1
198.539522600,1,0
198.539600400,1,1
198.539635200,1,0
198.539643800,1,1
198.539661200,1,0
198.539713000,1,1
198.539730400,1,0
198.539739000,1,1
198.539747800,1,0
198.539808400,1,1
198.539825800,1,0
198.539843000,1,1
198.539851800,1,0
198.539903800,1,1
198.539921200,1,0
198.539999000,1,1
198.540016400,1,0
198.540094400,1,1
198.540111800,1,0
198.540129000,1,1
198.540137800,1,0
198.540189600,1,1
198.540207000,1,0
198.540215600,1,1
198.540224400,1,0
198.540285000,1,1
198.540302400,1,0
198.540311000,1,1
198.540319800,1,0
198.540380200,1,1
198.540397800,1,0
198.540406200,1,1
198.540423800,1,0
198.540475600,1,1
198.540510400,1,0
198.540519000,1,1
198.540527800,1,0
198.540588200,1,1
198.540605800,1,0
198.540683600,1,1
198.540701000,1,0
198.540727000,1,1
198.540735600,1,0
198.540779000,1,1
198.540796400,1,0
198.540805000,1,1
198.540813600,1,0
198.540874200,1,1
198.540891600,1,0
198.540900200,1,1
198.540917600,1,0
198.540926200,1,1
198.540961000,1,0
198.540969600,1,1
198.540987000,1,0
198.540995600,1,1
198.541004400,1,0
198.541013000,1,1
198.541021600,1,0
198.541065000,1,1
198.541082400,1,0
198.541090800,1,1
198.541099600,1,0
198.541160200,1,1
198.541177600,1,0
198.541186200,1,1
198.541203600,1,0
198.541212200,1,1
198.541247000,1,0
198.541255600,1,1
198.541273000,1,0
198.541290200,1,1
198.541299000,1,0
198.541307600,1,1
198.541316200,1,0
198.541350800,1,1
198.541368200,1,0
198.541376800,1,1
198.541385600,1,0
198.541446200,1,1
198.541463600,1,0
198.541480800,1,1
198.541489600,1,0
198.541541400,1,1
198.541559000,1,0
198.541584800,1,1
198.541602200,1,0
198.541636800,1,1
198.541654200,1,0
198.541662800,1,1
198.541671600,1,0
198.541732200,1,1
198.541766800,1,0
198.541844800,1,1
198.541862200,1,0
198.541870800,1,1
198.541879600,1,0
198.541888000,1,1
198.541905600,1,0
198.541940000,1,1
198.541957400,1,0
198.541966000,1,1
198.541974800,1,0
198.542035400,1,1
198.542052800,1,0
198.542061400,1,1
198.542078800,1,0
198.542130600,1,1
198.542148200,1,0
198.542191400,1,1
198.542200000,1,0
198.542226000,1,1
198.542243400,1,0
198.542252000,1,1
198.542260800,1,0
198.542321400,1,1
198.542338800,1,0
198.542416600,1,1
198.542434000,1,0
198.542442600,1,1
198.542451400,1,0
198.542477200,1,1
198.542486000,1,0
198.542511800,1,1
198.542529400,1,0
198.542546600,1,1
198.542555400,1,0
198.542607200,1,1
198.542642000,1,0
198.542719800,1,1
198.542789200,1,0
198.542867200,1,1
198.542893200,1,0
198.542945000,1,1
198.542953800,1,0
198.542971000,1,1
198.542988600,1,0
198.542997000,1,1
198.543005800,1,0
198.543066400,1,1
198.543083800,1,0
198.543092400,1,1
198.543101200,1,0
198.543118400,1,1
198.543127200,1,0
198.543161600,1,1
198.543179000,1,0
198.543187600,1,1
198.543196400,1,0
198.543231000,1,1
198.543239800,1,0
198.543257000,1,1
198.543274400,1,0
198.543291600,1,1
198.543300400,1,0
198.543352200,1,1
198.543369600,1,0
198.543447600,1,1
198.543465000,1,0
198.543473600,1,1
198.543491000,1,0
198.543508200,1,1
198.543525600,1,0
198.543542800,1,1
198.543560200,1,0
198.543577400,1,1
198.543586200,1,0
198.543594800,1,1
198.543603600,1,0
198.543612200,1,1
198.543620800,1,0
198.543638200,1,1
198.543655600,1,0
198.543664200,1,1
198.543672800,1,0
198.543733400,1,1
198.543768200,1,0
198.543776800,1,1
198.543785400,1,0
198.543846000,1,1
198.543863400,1,0
198.543872000,1,1
198.543889400,1,0
198.543898000,1,1
198.543906800,1,0
198.543915400,1,1
198.543924200,1,0
198.543941400,1,1
198.543958800,1,0
198.543967400,1,1
198.543976000,1,0
198.544036600,1,1
198.544054000,1,0
198.544062600,1,1
198.544071400,1,0
198.544132000,1,1
198.544149400,1,0
198.544175200,1,1
198.544192600,1,0
198.544201200,1,1
198.544210000,1,0
198.544227200,1,1
198.544244600,1,0
198.544253200,1,1
198.544262000,1,0
198.544322600,1,1
198.544340000,1,0
198.544365800,1,1
198.544374600,1,0
198.544417800,1,1
198.544435200,1,0
198.544478600,1,1
198.544496000,1,0
198.544513200,1,1
198.544530600,1,0
198.544539200,1,1
198.544548000,1,0
198.544608400,1,1
198.544651800,1,0
198.544677800,1,1
198.544686600,1,0
198.544703800,1,1
198.544721200,1,0
198.544729800,1,1
198.544747200,1,0
198.544773000,1,1
198.544781800,1,0
198.544790400,1,1
198.544807800,1,0
198.544825000,1,1
198.544842400,1,0
198.544851000,1,1
198.544859800,1,0
198.544920400,1,1
198.544937800,1,0
198.545015600,1,1
198.545033000,1,0
198.545050400,1,1
198.545067800,1,0
198.545076200,1,1
198.545093800,1,0
198.545111000,1,1
198.545154400,1,0
198.545163000,1,1
198.545171600,1,0
198.545232200,1,1
198.545249600,1,0
198.545327600,1,1
198.545345000,1,0
198.545405600,1,1
198.545414200,1,0
198.545422800,1,1
198.545440200,1,0
198.545457600,1,1
198.545466200,1,0
198.545518200,1,1
198.545535600,1,0
198.545613400,1,1
198.545648200,1,0
198.545726000,1,1
198.545743600,1,0
198.545821400,1,1
198.545838800,1,0
198.545847400,1,1
198.545856200,1,0
198.545890800,1,1
198.545899400,1,0
198.545908000,1,1
198.545934200,1,0
198.545942600,1,1
198.545968800,1,0
198.545977400,1,1
198.545986200,1,0
198.545994600,1,1
198.556033800,0,1
198.556051000,1,1
198.556120400,0,1
198.556129000,1,1
198.556206800,0,1
198.556232800,1,1
198.556241400,0,1
198.556284800,1,1
198.556293400,0,1
198.556371200,1,1
198.556380000,0,1
198.556397200,1,1
198.556405800,0,1
198.556457800,1,1
198.556466400,0,1
198.556492400,1,1
198.556501000,0,1
198.556544400,1,1
198.556553000,0,1
198.556630800,1,1
198.556639600,0,1
198.556648200,1,1
198.556656800,0,1
198.556682800,1,1
198.556691400,0,1
198.556700200,1,1
198.556726000,0,1
198.556734800,1,1
198.556752000,0,1
198.556760600,1,1
198.556769400,0,1
198.556786600,1,1
198.578661200,1,0
198.578678400,1,1
198.578756400,1,0
198.578765000,1,1
198.578851800,1,0
198.578860400,1,1
198.578886400,1,0
198.578929600,1,1
198.578955600,1,0
198.579033600,1,1
198.579051000,1,0
198.579094200,1,1
198.579103000,1,0
198.579128800,1,1
198.579146200,1,0
198.579224200,1,1
198.579241600,1,0
198.579267400,1,1
198.579276200,1,0
198.579319400,1,1
198.579354200,1,0
198.579362800,1,1
198.579371400,1,0
198.579432000,1,1
198.579458000,1,0
198.579475400,1,1
198.579484000,1,0
198.579536000,1,1
198.579553400,1,0
198.579631200,1,1
198.579648600,1,0
198.579726400,1,1
198.579744000,1,0
198.579761200,1,1
198.579769800,1,0
198.579821800,1,1
198.579839200,1,0
198.579847800,1,1
198.579856600,1,0
198.579917000,1,1
198.579934400,1,0
198.580012400,1,1
198.580029800,1,0
198.580038400,1,1
198.580055800,1,0
198.580107600,1,1
198.580125000,1,0
198.580133600,1,1
198.580142400,1,0
198.580202800,1,1
198.580220400,1,0
198.580298200,1,1
198.580315600,1,0
198.580341400,1,1
198.580350200,1,0
198.580393400,1,1
198.580410800,1,0
198.580419400,1,1
198.580428200,1,0
198.580488800,1,1
198.580506200,1,0
198.580584000,1,1
198.580601400,1,0
198.580679200,1,1
198.580714000,1,0
198.580722600,1,1
198.580731400,1,0
198.580740000,1,1
198.580748600,1,0
198.580757200,1,1
198.580766000,1,0
198.580774600,1,1
198.580783200,1,0
198.580791800,1,1
198.580809200,1,0
198.580817800,1,1
198.580826600,1,0
198.580835200,1,1
198.580844000,1,0
198.580852600,1,1
198.580861200,1,0
198.580869800,1,1
198.580878600,1,0
198.580887200,1,1
199.529896800,0,1
199.529914200,1,1
199.529983400,0,1
199.529992000,1,1
199.530070000,0,1
199.530095800,1,1
199.530104600,0,1
199.530147800,1,1
199.530156400,0,1
199.530234400,1,1
199.530243000,0,1
199.530260200,1,1
199.530269000,0,1
199.530320800,1,1
199.530329600,0,1
199.530346800,1,1
199.530355400,0,1
199.530407400,1,1
199.530416000,0,1
199.530494000,1,1
199.530502600,0,1
199.530511200,1,1
199.530528600,0,1
199.530537200,1,1
199.530571800,0,1
199.530580400,1,1
199.530589200,0,1
199.530597800,1,1
199.530606400,0,1
199.530615200,1,1
199.530632400,0,1
199.530641000,1,1
199.530658400,0,1
199.530667000,1,1
199.551064400,1,0
199.551081600,1,1
199.551159600,1,0
199.551168200,1,1
199.551272400,1,0
199.551281000,1,1
199.551307000,1,0
199.551350200,1,1
199.551367600,1,0
199.551445600,1,1
199.551463000,1,0
199.551471600,1,1
199.551480200,1,0
199.551488800,1,1
199.551506200,1,0
199.551540800,1,1
199.551558200,1,0
199.551636200,1,1
199.551653600,1,0
199.551670800,1,1
199.551679600,1,0
199.551731400,1,1
199.551748800,1,0
199.551757400,1,1
199.551766200,1,0
199.551826800,1,1
199.551844200,1,0
199.551861400,1,1
199.551870200,1,0
199.551922000,1,1
199.551939400,1,0
199.552017400,1,1
199.552034800,1,0
199.552112600,1,1
199.552156000,1,0
199.552173200,1,1
199.552182000,1,0
199.552233800,1,1
199.552251400,1,0
199.552259800,1,1
199.552268600,1,0
199.552329200,1,1
199.552346600,1,0
199.552372600,1,1
199.552381200,1,0
199.552424400,1,1
199.552442000,1,0
199.552450400,1,1
199.552467800,1,0
199.552519800,1,1
199.552537200,1,0
199.552545800,1,1
199.552554600,1,0
199.552615000,1,1
199.552658400,1,0
199.552667000,1,1
199.552675800,1,0
199.552736400,1,1
199.552753800,1,0
199.552831600,1,1
199.552849000,1,0
199.552857600,1,1
199.552875000,1,0
199.552883600,1,1
199.552901000,1,0
199.552927000,1,1
199.552944400,1,0
199.552953000,1,1
199.552961600,1,0
199.552970200,1,1
199.553005000,1,0
199.553013600,1,1
199.553573600,0,1
199.553591000,1,1
199.553660200,0,1
199.553668800,1,1
199.553746600,0,1
199.553772600,1,1
199.553781400,0,1
199.553824600,1,1
199.553833200,0,1
199.553911200,1,1
199.553919800,0,1
199.553937000,1,1
199.553945800,0,1
199.553997600,1,1
199.554006400,0,1
199.554015000,1,1
199.554032200,0,1
199.554084200,1,1
199.554092800,0,1
199.554170800,1,1
199.554179400,0,1
199.554214000,1,1
199.554222600,0,1
199.554240000,1,1
199.554248600,0,1
199.554257200,1,1
199.554266000,0,1
199.554291800,1,1
199.554317800,0,1
199.554326400,1,1
199.554335200,0,1
199.554343800,1,1
199.576790400,1,0
199.576807600,1,1
199.576885600,1,0
199.576894200,1,1
199.576981000,1,0
199.576989600,1,1
199.577015600,1,0
199.577058800,1,1
199.577076200,1,0
199.577154200,1,1
199.577171600,1,0
199.577232200,1,1
199.577240800,1,0
199.577249400,1,1
199.577266800,1,0
199.577344800,1,1
199.577362200,1,0
199.577370800,1,1
199.577388200,1,0
199.577440000,1,1
199.577457600,1,0
199.577466000,1,1
199.577474800,1,0
199.577535400,1,1
199.577552800,1,0
199.577570000,1,1
199.577578800,1,0
199.577630800,1,1
199.577648200,1,0
199.577726000,1,1
199.577743400,1,0
199.577821400,1,1
199.577838800,1,0
199.577856000,1,1
199.577864800,1,0
199.577916600,1,1
199.577934000,1,0
199.577942600,1,1
199.577951400,1,0
199.578012000,1,1
199.578029400,1,0
199.578038000,1,1
199.578046600,1,0
199.578107200,1,1
199.578124600,1,0
199.578133200,1,1
199.578150600,1,0
199.578202600,1,1
199.578220000,1,0
199.578228600,1,1
199.578237200,1,0
199.578297800,1,1
199.578332600,1,0
199.578410400,1,1
199.578427800,1,0
199.578453800,1,1
199.578462600,1,0
199.578505800,1,1
199.578523200,1,0
199.578531800,1,1
199.578540600,1,0
199.578601000,1,1
199.578618400,1,0
199.578627000,1,1
199.578644400,1,0
199.578653000,1,1
199.578687800,1,0
199.578696400,1,1
199.578713800,1,0
199.578722400,1,1
199.578731000,1,0
199.578739600,1,1
199.578748400,1,0
199.578791600,1,1
199.578809000,1,0
199.578817600,1,1
199.578826400,1,0
199.578887000,1,1
199.578904400,1,0
199.578913000,1,1
199.578930400,1,0
199.578939000,1,1
199.578973600,1,0
199.578982200,1,1
199.578999600,1,0
199.579017000,1,1
199.579025600,1,0
199.579034200,1,1
199.579043000,1,0
199.579077600,1,1
199.579095000,1,0
199.579103600,1,1
199.579112200,1,0
199.579172800,1,1
199.579207600,1,0
199.579224800,1,1
199.579233600,1,0
199.579285400,1,1
199.579302800,1,0
199.579328800,1,1
199.579346200,1,0
199.579380800,1,1
199.579398200,1,0
199.579406800,1,1
199.579415600,1,0
199.579476000,1,1
199.579493400,1,0
199.579571400,1,1
199.579588800,1,0
199.579597400,1,1
199.579606200,1,0
199.579614800,1,1
199.579632200,1,0
199.579666600,1,1
199.579684200,1,0
199.579692600,1,1
199.579701400,1,0
199.579762000,1,1
199.579779400,1,0
199.579805400,1,1
199.579814000,1,0
199.579857400,1,1
199.579874800,1,0
199.579918000,1,1
199.579926800,1,0
199.579952600,1,1
199.579970000,1,0
199.579978600,1,1
199.579987400,1,0
199.580048000,1,1
199.580082600,1,0
199.580160600,1,1
199.580178000,1,0
199.580186600,1,1
199.580195400,1,0
199.580221200,1,1
199.580230000,1,0
199.580255800,1,1
199.580273200,1,0
199.580290600,1,1
199.580299200,1,0
199.580351200,1,1
199.580368600,1,0
199.580446400,1,1
199.580464000,1,0
199.580541800,1,1
199.580559200,1,0
199.580611000,1,1
199.580619800,1,0
199.580637000,1,1
199.580654600,1,0
199.580663000,1,1
199.580671800,1,0
199.580732400,1,1
199.580749800,1,0
199.580767000,1,1
199.580775800,1,0
199.580784400,1,1
199.580793200,1,0
199.580827800,1,1
199.580845200,1,0
199.580853800,1,1
199.580862400,1,0
199.580897000,1,1
199.580905800,1,0
199.580923000,1,1
199.580957800,1,0
199.580975000,1,1
199.580983800,1,0
199.581035800,1,1
199.581053200,1,0
199.581131000,1,1
199.581148400,1,0
199.581183000,1,1
199.581209000,1,0
199.581226400,1,1
199.581243800,1,0
199.581261000,1,1
199.581269800,1,0
199.581278400,1,1
199.581287000,1,0
199.581295600,1,1
199.581304400,1,0
199.581321600,1,1
199.581339000,1,0
199.581347600,1,1
199.581356400,1,0
199.581417000,1,1
199.581434400,1,0
199.581443000,1,1
199.581451600,1,0
199.581512200,1,1
199.581529600,1,0
199.581538200,1,1
199.581555600,1,0
199.581564200,1,1
199.581573000,1,0
199.581581600,1,1
199.581590400,1,0
199.581607600,1,1
199.581625000,1,0
199.581633600,1,1
199.581642400,1,0
199.581703000,1,1
199.581737600,1,0
199.581746200,1,1
199.581755000,1,0
199.581815600,1,1
199.581833000,1,0
199.581858800,1,1
199.581876200,1,0
199.581884800,1,1
199.581893600,1,0
199.581910800,1,1
199.581928200,1,0
199.581936800,1,1
199.581945600,1,0
199.582006200,1,1
199.582023600,1,0
199.582049400,1,1
199.582058200,1,0
199.582101400,1,1
199.582118800,1,0
199.582162000,1,1
199.582179600,1,0
199.582196800,1,1
199.582214200,1,0
199.582222800,1,1
199.582231400,1,0
199.582292000,1,1
199.582309400,1,0
199.582335400,1,1
199.582344200,1,0
199.582361400,1,1
199.582378800,1,0
199.582387400,1,1
199.582404800,1,0
199.582430600,1,1
199.582439400,1,0
199.582448000,1,1
199.582465400,1,0
199.582482600,1,1
199.582500000,1,0
199.582508600,1,1
199.582517400,1,0
199.582578000,1,1
199.582595400,1,0
199.582673200,1,1
199.582690600,1,0
199.582708000,1,1
199.582725400,1,0
199.582734000,1,1
199.582751400,1,0
199.582768600,1,1
199.582786000,1,0
199.582794600,1,1
199.582803400,1,0
199.582864000,1,1
199.582881400,1,0
199.582959200,1,1
199.582976600,1,0
199.583037200,1,1
199.583046000,1,0
199.583054600,1,1
199.583089200,1,0
199.583106600,1,1
199.583115200,1,0
199.583167200,1,1
199.583184600,1,0
199.583262400,1,1
199.583280000,1,0
199.583357800,1,1
199.583375200,1,0
199.583453200,1,1
199.583470600,1,0
199.583487800,1,1
199.583496600,1,0
199.583522400,1,1
199.583531200,1,0
199.583539800,1,1
199.583565800,1,0
199.583591800,1,1
199.583600400,1,0
199.583609000,1,1
199.583617800,1,0
199.583626400,1,1
199.598036800,0,1
199.598054200,1,1
199.598123400,0,1
199.598132000,1,1
199.598209800,0,1
199.598235800,1,1
199.598244400,0,1
199.598287800,1,1
199.598296400,0,1
199.598374200,1,1
199.598383000,0,1
199.598400200,1,1
199.598409000,0,1
199.598460800,1,1
199.598469400,0,1
199.598495400,1,1
199.598504200,0,1
199.598547400,1,1
199.598556000,0,1
199.598634000,1,1
199.598642600,0,1
199.598651200,1,1
199.598659800,0,1
199.598685800,1,1
199.598694400,0,1
199.598703200,1,1
199.598729200,0,1
199.598737800,1,1
199.598755000,0,1
199.598763800,1,1
199.598772400,0,1
199.598789600,1,1
199.621258400,1,0
199.621275600,1,1
199.621353800,1,0
199.621362400,1,1
199.621449000,1,0
199.621457600,1,1
199.621483800,1,0
199.621527000,1,1
199.621544400,1,0
199.621622200,1,1
199.621639800,1,0
199.621683000,1,1
199.621691800,1,0
199.621717600,1,1
199.621735000,1,0
199.621813000,1,1
199.621830400,1,0
199.621856200,1,1
199.621865000,1,0
199.621908200,1,1
199.621925600,1,0
199.621934200,1,1
199.621943000,1,0
199.622003600,1,1
199.622021000,1,0
199.622038200,1,1
199.622047000,1,0
199.622098800,1,1
199.622116200,1,0
199.622194200,1,1
199.622211600,1,0
199.622289400,1,1
199.622307000,1,0
199.622324200,1,1
199.622332800,1,0
199.622384800,1,1
199.622402200,1,0
199.622410800,1,1
199.622419600,1,0
199.622480200,1,1
199.622497600,1,0
199.622575400,1,1
199.622592800,1,0
199.622601400,1,1
199.622618800,1,0
199.622670800,1,1
199.622688200,1,0
199.622696800,1,1
199.622705400,1,0
199.622766000,1,1
199.622800800,1,0
199.622878600,1,1
199.622896000,1,0
199.622922000,1,1
199.622930800,1,0
199.622974000,1,1
199.622991400,1,0
199.623000000,1,1
199.623008800,1,0
199.623069200,1,1
199.623086600,1,0
199.623164600,1,1
199.623182000,1,0
199.623259800,1,1
199.623277200,1,0
199.623285800,1,1
199.623294600,1,0
199.623303200,1,1
199.623311800,1,0
199.623320400,1,1
199.623329200,1,0
199.623337800,1,1
199.623346600,1,0
199.623355200,1,1
199.623372600,1,0
199.623381000,1,1
199.623389800,1,0
199.623398400,1,1
199.623407200,1,0
199.623415800,1,1
199.623424400,1,0
199.623433000,1,1
199.623441800,1,0
199.623450400,1,1
200.573907600,0,1
200.573924800,1,1
200.573994000,0,1
200.574002600,1,1
200.574080600,0,1
200.574106600,1,1
200.574115200,0,1
200.574158400,1,1
200.574167200,0,1
200.574245000,1,1
200.574253600,0,1
200.574271000,1,1
200.574279600,0,1
200.574331600,1,1
200.574340200,0,1
200.574357400,1,1
200.574366200,0,1
200.574418000,1,1
200.574426800,0,1
200.574504600,1,1
200.574513200,0,1
200.574522000,1,1
200.574539200,0,1
200.574547800,1,1
200.574582400,0,1
200.574591200,1,1
200.574599800,0,1
200.574608400,1,1
200.574617200,0,1
200.574625800,1,1
200.574643000,0,1
200.574651800,1,1
200.574669000,0,1
200.574677600,1,1
200.598736600,1,0
200.598754000,1,1
200.598832000,1,0
200.598840600,1,1
200.598936000,1,0
200.598944400,1,1
200.598970600,1,0
200.599013800,1,1
200.599031200,1,0
200.599109000,1,1
200.599126400,1,0
200.599135000,1,1
200.599143800,1,0
200.599152400,1,1
200.599169800,1,0
200.599204400,1,1
200.599221800,1,0
200.599299600,1,1
200.599317000,1,0
200.599334200,1,1
200.599343000,1,0
200.599395000,1,1
200.599412400,1,0
200.599421000,1,1
200.599429600,1,0
200.599490200,1,1
200.599507600,1,0
200.599524800,1,1
200.599533600,1,0
200.599585400,1,1
200.599603000,1,0
200.599680800,1,1
200.599698200,1,0
200.599776000,1,1
200.599793400,1,0
200.599810800,1,1
200.599819400,1,0
200.599871400,1,1
200.599888800,1,0
200.599897400,1,1
200.599906200,1,0
200.599966600,1,1
200.599984000,1,0
200.600010000,1,1
200.600018800,1,0
200.600062000,1,1
200.600079400,1,0
200.600088000,1,1
200.600105400,1,0
200.600157200,1,1
200.600200600,1,0
200.600209200,1,1
200.600218000,1,0
200.600278600,1,1
200.600296000,1,0
200.600304600,1,1
200.600313200,1,0
200.600373800,1,1
200.600391200,1,0
200.600469200,1,1
200.600486600,1,0
200.600495200,1,1
200.600512600,1,0
200.600521000,1,1
200.600538600,1,0
200.600564400,1,1
200.600581800,1,0
200.600590400,1,1
200.600599200,1,0
200.600607800,1,1
200.600642400,1,0
200.600651000,1,1
200.601392000,0,1
200.601409200,1,1
200.601478400,0,1
200.601487200,1,1
200.601565000,0,1
200.601591000,1,1
200.601599600,0,1
200.601642800,1,1
200.601651600,0,1
200.601729400,1,1
200.601738000,0,1
200.601755400,1,1
200.601764000,0,1
200.601816000,1,1
200.601824600,0,1
200.601833200,1,1
200.601850600,0,1
200.601902600,1,1
200.601911200,0,1
200.601989000,1,1
200.601997800,0,1
200.602032400,1,1
200.602041000,0,1
200.602058200,1,1
200.602067000,0,1
200.602075600,1,1
200.602084200,0,1
200.602110200,1,1
200.602136200,0,1
200.602144800,1,1
200.602153400,0,1
200.602162200,1,1
200.624457400,1,0
200.624474600,1,1
200.624552600,1,0
200.624561200,1,1
200.624648000,1,0
200.624656600,1,1
200.624682600,1,0
200.624725800,1,1
200.624743200,1,0
200.624821200,1,1
200.624838600,1,0
200.624899200,1,1
200.624907800,1,0
200.624916400,1,1
200.624933800,1,0
200.625011800,1,1
200.625029200,1,0
200.625037800,1,1
200.625055200,1,0
200.625107000,1,1
200.625124400,1,0
200.625133000,1,1
200.625141800,1,0
200.625202400,1,1
200.625219800,1,0
200.625237000,1,1
200.625245800,1,0
200.625297600,1,1
200.625315000,1,0
200.625392800,1,1
200.625410400,1,0
200.625488200,1,1
200.625505600,1,0
200.625522800,1,1
200.625531600,1,0
200.625583400,1,1
200.625618200,1,0
200.625626800,1,1
200.625635600,1,0
200.625696000,1,1
200.625713400,1,0
200.625722000,1,1
200.625730800,1,0
200.625791400,1,1
200.625808800,1,0
200.625817400,1,1
200.625834800,1,0
200.625886600,1,1
200.625904000,1,0
200.625912600,1,1
200.625921400,1,0
200.625982000,1,1
200.625999400,1,0
200.626077200,1,1
200.626094600,1,0
200.626120600,1,1
200.626129200,1,0
200.626172400,1,1
200.626190000,1,0
200.626198400,1,1
200.626207200,1,0
200.626267800,1,1
200.626285200,1,0
200.626293800,1,1
200.626311200,1,0
200.626319800,1,1
200.626354400,1,0
200.626363000,1,1
200.626380400,1,0
200.626389000,1,1
200.626397800,1,0
200.626406400,1,1
200.626415200,1,0
200.626458400,1,1
200.626493000,1,0
200.626501600,1,1
200.626510400,1,0
200.626571000,1,1
200.626588400,1,0
200.626597000,1,1
200.626614400,1,0
200.626623000,1,1
200.626657600,1,0
200.626666200,1,1
200.626683600,1,0
200.626700800,1,1
200.626709600,1,0
200.626718200,1,1
200.626727000,1,0
200.626761600,1,1
200.626779000,1,0
200.626787400,1,1
200.626796200,1,0
200.626856800,1,1
200.626874200,1,0
200.626891400,1,1
200.626900200,1,0
200.626952000,1,1
200.626969600,1,0
200.626995400,1,1
200.627012800,1,0
200.627047400,1,1
200.627064800,1,0
200.627073400,1,1
200.627082200,1,0
200.627142600,1,1
200.627160000,1,0
200.627238000,1,1
200.627255400,1,0
200.627264000,1,1
200.627272800,1,0
200.627281200,1,1
200.627298800,1,0
200.627333200,1,1
200.627350600,1,0
200.627359200,1,1
200.627368000,1,0
200.627428600,1,1
200.627446000,1,0
200.627471800,1,1
200.627480600,1,0
200.627523800,1,1
200.627541200,1,0
200.627584400,1,1
200.627593200,1,0
200.627619200,1,1
200.627636600,1,0
200.627645000,1,1
200.627653800,1,0
200.627714400,1,1
200.627749200,1,0
200.627827000,1,1
200.627844400,1,0
200.627853000,1,1
200.627861800,1,0
200.627887600,1,1
200.627896400,1,0
200.627922200,1,1
200.627939600,1,0
200.627956800,1,1
200.627965600,1,0
200.628017600,1,1
200.628035000,1,0
200.628112800,1,1
200.628130200,1,0
200.628208200,1,1
200.628225600,1,0
200.628277400,1,1
200.628286200,1,0
200.628303400,1,1
200.628320800,1,0
200.628329400,1,1
200.628338200,1,0
200.628398600,1,1
200.628416200,1,0
200.628433400,1,1
200.628442200,1,0
200.628450600,1,1
200.628459400,1,0
200.628494000,1,1
200.628511400,1,0
200.628520000,1,1
200.628528800,1,0
200.628563200,1,1
200.628572000,1,0
200.628589200,1,1
200.628624000,1,0
200.628641200,1,1
200.628650000,1,0
200.628701800,1,1
200.628719400,1,0
200.628797200,1,1
200.628814600,1,0
200.628823200,1,1
200.628840600,1,0
200.628849200,1,1
200.628875200,1,0
200.628892400,1,1
200.628909800,1,0
200.628927200,1,1
200.628935800,1,0
200.628944400,1,1
200.628953200,1,0
200.628961800,1,1
200.628970600,1,0
200.628987800,1,1
200.629005200,1,0
200.629013800,1,1
200.629022400,1,0
200.629083000,1,1
200.629100400,1,0
200.629109000,1,1
200.629117800,1,0
200.629178400,1,1
200.629195800,1,0
200.629204400,1,1
200.629221800,1,0
200.629230400,1,1
200.629239000,1,0
200.629247600,1,1
200.629256400,1,0
200.629273600,1,1
200.629291000,1,0
200.629299600,1,1
200.629308400,1,0
200.629369000,1,1
200.629386400,1,0
200.629395000,1,1
200.629403600,1,0
200.629464200,1,1
200.629499000,1,0
200.629524800,1,1
200.629542200,1,0
200.629550800,1,1
200.629559600,1,0
200.629576800,1,1
200.629594200,1,0
200.629602800,1,1
200.629611600,1,0
200.629672200,1,1
200.629689600,1,0
200.629715400,1,1
200.629724200,1,0
200.629767400,1,1
200.629784800,1,0
200.629828000,1,1
200.629845400,1,0
200.629862600,1,1
200.629880000,1,0
200.629888600,1,1
200.629897400,1,0
200.629958000,1,1
200.629975400,1,0
200.630001200,1,1
200.630010000,1,0
200.630027200,1,1
200.630044600,1,0
200.630053200,1,1
200.630070600,1,0
200.630096600,1,1
200.630105400,1,0
200.630113800,1,1
200.630131400,1,0
200.630148600,1,1
200.630166000,1,0
200.630174600,1,1
200.630183200,1,0
200.630243800,1,1
200.630261200,1,0
200.630339200,1,1
200.630373800,1,0
200.630391200,1,1
200.630408600,1,0
200.630417200,1,1
200.630434600,1,0
200.630451800,1,1
200.630469200,1,0
200.630477800,1,1
200.630486600,1,0
200.630547000,1,1
200.630564400,1,0
200.630642400,1,1
200.630659800,1,0
200.630720400,1,1
200.630729000,1,0
200.630737600,1,1
200.630755000,1,0
200.630772200,1,1
200.630781000,1,0
200.630833000,1,1
200.630850400,1,0
200.630928200,1,1
200.630945600,1,0
200.631023600,1,1
200.631041000,1,0
200.631118800,1,1
200.631136200,1,0
200.631144800,1,1
200.631162200,1,0
200.631170800,1,1
200.631231600,1,0
200.631240000,1,1
200.631248800,1,0
200.631274800,1,1
200.631283400,1,0
200.631292000,1,1
200.646019600,0,1
200.646036800,1,1
200.646106000,0,1
200.646114800,1,1
200.646192600,0,1
200.646218600,1,1
200.646227200,0,1
200.646270400,1,1
200.646279200,0,1
200.646357000,1,1
200.646365600,0,1
200.646383000,1,1
200.646391600,0,1
200.646443600,1,1
200.646452200,0,1
200.646478200,1,1
200.646486800,0,1
200.646530200,1,1
200.646538800,0,1
200.646616600,1,1
200.646625400,0,1
200.646634000,1,1
200.646642600,0,1
200.646668600,1,1
200.646677200,0,1
200.646685800,1,1
200.646711800,0,1
200.646720400,1,1
200.646737800,0,1
200.646746400,1,1
200.646755200,0,1
200.646772400,1,1
200.668861600,1,0
200.668878800,1,1
200.668956800,1,0
200.668965400,1,1
200.669069600,1,0
200.669078000,1,1
200.669104200,1,0
200.669147400,1,1
200.669164800,1,0
200.669242600,1,1
200.669260200,1,0
200.669303400,1,1
200.669312000,1,0
200.669338000,1,1
200.669355400,1,0
200.669433200,1,1
200.669450800,1,0
200.669476600,1,1
200.669485400,1,0
200.669528600,1,1
200.669546000,1,0
200.669554600,1,1
200.669563400,1,0
200.669623800,1,1
200.669641400,1,0
200.669658600,1,1
200.669667200,1,0
200.669719200,1,1
200.669736600,1,0
200.669814400,1,1
200.669831800,1,0
200.669909800,1,1
200.669944600,1,0
200.669961800,1,1
200.669970600,1,0
200.670022400,1,1
200.670039800,1,0
200.670048400,1,1
200.670057200,1,0
200.670117600,1,1
200.670135200,1,0
200.670213000,1,1
200.670230400,1,0
200.670239000,1,1
200.670256400,1,0
200.670308200,1,1
200.670325600,1,0
200.670334200,1,1
200.670343000,1,0
200.670403600,1,1
200.670421000,1,0
200.670498800,1,1
200.670516200,1,0
200.670542200,1,1
200.670551000,1,0
200.670594200,1,1
200.670611600,1,0
200.670620200,1,1
200.670628800,1,0
200.670689400,1,1
200.670706800,1,0
200.670784800,1,1
200.670802200,1,0
200.670880000,1,1
200.670897400,1,0
200.670906000,1,1
200.670914800,1,0
200.670923400,1,1
200.670932200,1,0
200.670940600,1,1
200.670949400,1,0
200.670958000,1,1
200.670966800,1,0
200.670975400,1,1
200.670992800,1,0
200.671001400,1,1
200.671010000,1,0
200.671018600,1,1
200.671027400,1,0
200.671036000,1,1
200.671044800,1,0
200.671053400,1,1
200.671062000,1,0
200.671070600,1,1
201.621899000,0,1
201.621916200,1,1
201.621985400,0,1
201.621994000,1,1
201.622072000,0,1
201.622098000,1,1
201.622106600,0,1
201.622149800,1,1
201.622158600,0,1
201.622236400,1,1
201.622245000,0,1
201.622262400,1,1
201.622271000,0,1
201.622323000,1,1
201.622331600,0,1
201.622348800,1,1
201.622357600,0,1
201.622409400,1,1
201.622418200,0,1
201.622496000,1,1
201.622504600,0,1
201.622513400,1,1
201.622530600,0,1
201.622539200,1,1
201.622574000,0,1
201.622582600,1,1
201.622591200,0,1
201.622599800,1,1
201.622608600,0,1
201.622617200,1,1
201.622634400,0,1
201.622643200,1,1
201.622660400,0,1
201.622669000,1,1
201.646380800,1,0
201.646398000,1,1
201.646476000,1,0
201.646484600,1,1
201.646571400,1,0
201.646579800,1,1
201.646606000,1,0
201.646649200,1,1
201.646666600,1,0
201.646744400,1,1
201.646761800,1,0
201.646770400,1,1
201.646779200,1,0
201.646787800,1,1
201.646805200,1,0
201.646839800,1,1
201.646857200,1,0
201.646935000,1,1
201.646952400,1,0
201.646969600,1,1
201.646978400,1,0
201.647030200,1,1
201.647091000,1,0
201.647099600,1,1
201.647108400,1,0
201.647168800,1,1
201.647195000,1,0
201.647212200,1,1
201.647221000,1,0
201.647272800,1,1
201.647290200,1,0
201.647368000,1,1
201.647385600,1,0
201.647463400,1,1
201.647480800,1,0
201.647498000,1,1
201.647506800,1,0
201.647558600,1,1
201.647576000,1,0
201.647584600,1,1
201.647593400,1,0
201.647654000,1,1
201.647671400,1,0
201.647697200,1,1
201.647706000,1,0
201.647749200,1,1
201.647766600,1,0
201.647775200,1,1
201.647792600,1,0
201.647844400,1,1
201.647861800,1,0
201.647870400,1,1
201.647879200,1,0
201.647939800,1,1
201.647957200,1,0
201.647965800,1,1
201.647974600,1,0
201.648035000,1,1
201.648069800,1,0
201.648147600,1,1
201.648165000,1,0
201.648173600,1,1
201.648191000,1,0
201.648199600,1,1
201.648217000,1,0
201.648243000,1,1
201.648260400,1,0
201.648269000,1,1
201.648277600,1,0
201.648286200,1,1
201.648321000,1,0
201.648329600,1,1
201.648890000,0,1
201.648907400,1,1
201.648976600,0,1
201.648985200,1,1
201.649063200,0,1
201.649089200,1,1
201.649097800,0,1
201.649141000,1,1
201.649149600,0,1
201.649227600,1,1
201.649236200,0,1
201.649253600,1,1
201.649262200,0,1
201.649314200,1,1
201.649322800,0,1
201.649331400,1,1
201.649348800,0,1
201.649400600,1,1
201.649409400,0,1
201.649487200,1,1
201.649495800,0,1
201.649530400,1,1
201.649539200,0,1
201.649556400,1,1
201.649565000,0,1
201.649573800,1,1
201.649582400,0,1
201.649608400,1,1
201.649634400,0,1
201.649643000,1,1
201.649651600,0,1
201.649660200,1,1
201.672107600,1,0
201.672124800,1,1
201.672202800,1,0
201.672211400,1,1
201.672298200,1,0
201.672306800,1,1
201.672332800,1,0
201.672376000,1,1
201.672393400,1,0
201.672471400,1,1
201.672488800,1,0
201.672549400,1,1
201.672558000,1,0
201.672566600,1,1
201.672584000,1,0
201.672662000,1,1
201.672679400,1,0
201.672688000,1,1
201.672705400,1,0
201.672757200,1,1
201.672774600,1,0
201.672783200,1,1
201.672792000,1,0
201.672852400,1,1
201.672870000,1,0
201.672887200,1,1
201.672895800,1,0
201.672947800,1,1
201.672982600,1,0
201.673060400,1,1
201.673077800,1,0
201.673155600,1,1
201.673173200,1,0
201.673190400,1,1
201.673199000,1,0
201.673251000,1,1
201.673268400,1,0
201.673277000,1,1
201.673285800,1,0
201.673346200,1,1
201.673363600,1,0
201.673372200,1,1
201.673381000,1,0
201.673441600,1,1
201.673459000,1,0
201.673467600,1,1
201.673485000,1,0
201.673536800,1,1
201.673554200,1,0
201.673562800,1,1
201.673571600,1,0
201.673632200,1,1
201.673649600,1,0
201.673727400,1,1
201.673744800,1,0
201.673770800,1,1
201.673779400,1,0
201.673822800,1,1
201.673840200,1,0
201.673848600,1,1
201.673857400,1,0
201.673918000,1,1
201.673935400,1,0
201.673944000,1,1
201.673961400,1,0
201.673970000,1,1
201.674004800,1,0
201.674013200,1,1
201.674030600,1,0
201.674039200,1,1
201.674048000,1,0
201.674056600,1,1
201.674065400,1,0
201.674108600,1,1
201.674126000,1,0
201.674134600,1,1
201.674143400,1,0
201.674203800,1,1
201.674238600,1,0
201.674247200,1,1
201.674264600,1,0
201.674273200,1,1
201.674308000,1,0
201.674316400,1,1
201.674333800,1,0
201.674351200,1,1
201.674359800,1,0
201.674368400,1,1
201.674377200,1,0
201.674411800,1,1
201.674429200,1,0
201.674437800,1,1
201.674446400,1,0
201.674507000,1,1
201.674524400,1,0
201.674541600,1,1
201.674550400,1,0
201.674602400,1,1
201.674619800,1,0
201.674645600,1,1
201.674663000,1,0
201.674697600,1,1
201.674715000,1,0
201.674723600,1,1
201.674732400,1,0
201.674792800,1,1
201.674810200,1,0
201.674888200,1,1
201.674905600,1,0
201.674914200,1,1
201.674923000,1,0
201.674931400,1,1
201.674949000,1,0
201.674983400,1,1
201.675000800,1,0
201.675009400,1,1
201.675018200,1,0
201.675078800,1,1
201.675113400,1,0
201.675139400,1,1
201.675148200,1,0
201.675191400,1,1
201.675208800,1,0
201.675252000,1,1
201.675260800,1,0
201.675286600,1,1
201.675399400,1,0
201.675408000,1,1
201.675416600,1,0
201.675477200,1,1
201.675494600,1,0
201.675572600,1,1
201.675590000,1,0
201.675598600,1,1
201.675607200,1,0
201.675633200,1,1
201.675642000,1,0
201.675667800,1,1
201.675685200,1,0
201.675702400,1,1
201.675711200,1,0
201.675763200,1,1
201.675780600,1,0
201.675858400,1,1
201.675875800,1,0
201.675953600,1,1
201.675988400,1,0
201.676040400,1,1
201.676049000,1,0
201.676066400,1,1
201.676083800,1,0
201.676092200,1,1
201.676101000,1,0
201.676161600,1,1
201.676179000,1,0
201.676196200,1,1
201.676205000,1,0
201.676213600,1,1
201.676222400,1,0
201.676256800,1,1
201.676274200,1,0
201.676282800,1,1
201.676291600,1,0
201.676326200,1,1
201.676335000,1,0
201.676352200,1,1
201.676369600,1,0
201.676386800,1,1
201.676395600,1,0
201.676447400,1,1
201.676464800,1,0
201.676542800,1,1
201.676560200,1,0
201.676620600,1,1
201.676629400,1,0
201.676638000,1,1
201.676655400,1,0
201.676672600,1,1
201.676681400,1,0
201.676690000,1,1
201.676698800,1,0
201.676707400,1,1
201.676716000,1,0
201.676733400,1,1
201.676750800,1,0
201.676759200,1,1
201.676768000,1,0
201.676828600,1,1
201.676863400,1,0
201.676872000,1,1
201.676880600,1,0
201.676941200,1,1
201.676958600,1,0
201.676967200,1,1
201.676984600,1,0
201.676993200,1,1
201.677002000,1,0
201.677010600,1,1
201.677019200,1,0
201.677036600,1,1
201.677054000,1,0
201.677062600,1,1
201.677071200,1,0
201.677131800,1,1
201.677149200,1,0
201.677157800,1,1
201.677166600,1,0
201.677227000,1,1
201.677244600,1,0
201.677270400,1,1
201.677287800,1,0
201.677296400,1,1
201.677305200,1,0
201.677322400,1,1
201.677339800,1,0
201.677348400,1,1
201.677357200,1,0
201.677417600,1,1
201.677435000,1,0
201.677461000,1,1
201.677469800,1,0
201.677513000,1,1
201.677530400,1,0
201.677573600,1,1
201.677591000,1,0
201.677608200,1,1
201.677625600,1,0
201.677634200,1,1
201.677643000,1,0
201.677703600,1,1
201.677747000,1,0
201.677772800,1,1
201.677781600,1,0
201.677798800,1,1
201.677816200,1,0
201.677824800,1,1
201.677842200,1,0
201.677868200,1,1
201.677876800,1,0
201.677885400,1,1
201.677902800,1,0
201.677920000,1,1
201.677937600,1,0
201.677946000,1,1
201.677954800,1,0
201.678015400,1,1
201.678032800,1,0
201.678110600,1,1
201.678128200,1,0
201.678145400,1,1
201.678162800,1,0
201.678171400,1,1
201.678188800,1,0
201.678206000,1,1
201.678249400,1,0
201.678258000,1,1
201.678266800,1,0
201.678327200,1,1
201.678344800,1,0
201.678422600,1,1
201.678440000,1,0
201.678500600,1,1
201.678509200,1,0
201.678517800,1,1
201.678535200,1,0
201.678552600,1,1
201.678561200,1,0
201.678613200,1,1
201.678630600,1,0
201.678708400,1,1
201.678743200,1,0
201.678821000,1,1
201.678838400,1,0
201.678916400,1,1
201.678933800,1,0
201.678942400,1,1
201.678959800,1,0
201.678968400,1,1
201.678985800,1,0
201.678994200,1,1
201.679029000,1,0
201.679037600,1,1
201.679046400,1,0
201.679055000,1,1
201.679063800,1,0
201.679072200,1,1
201.679098400,1,0
201.679107000,1,1
201.688213000,0,1
201.688230200,1,1
201.688299400,0,1
201.688308000,1,1
201.688386000,0,1
201.688412000,1,1
201.688420600,0,1
201.688463800,1,1
201.688472600,0,1
201.688550400,1,1
201.688559000,0,1
201.688576400,1,1
201.688585000,0,1
201.688637000,1,1
201.688645600,0,1
201.688671600,1,1
201.688680200,0,1
201.688723400,1,1
201.688732200,0,1
201.688810000,1,1
201.688818600,0,1
201.688827400,1,1
201.688836000,0,1
201.688862000,1,1
201.688870600,0,1
201.688879200,1,1
201.688905200,0,1
201.688913800,1,1
201.688931200,0,1
201.688939800,1,1
201.688948400,0,1
201.688965800,1,1
201.711573200,1,0
201.711590600,1,1
201.711677200,1,0
201.711685800,1,1
201.711772600,1,0
201.711781200,1,1
201.711807200,1,0
201.711850400,1,1
201.711867800,1,0
201.711945600,1,1
201.711963200,1,0
201.712006400,1,1
201.712015000,1,0
201.712041000,1,1
201.712058400,1,0
201.712136200,1,1
201.712153600,1,0
201.712179600,1,1
201.712188400,1,0
201.712231600,1,1
201.712249000,1,0
201.712257600,1,1
201.712266400,1,0
201.712326800,1,1
201.712344200,1,0
201.712361400,1,1
201.712370200,1,0
201.712422200,1,1
201.712439600,1,0
201.712517400,1,1
201.712552200,1,0
201.712630000,1,1
201.712647400,1,0
201.712664600,1,1
201.712673400,1,0
201.712725400,1,1
201.712742800,1,0
201.712751200,1,1
201.712760000,1,0
201.712820600,1,1
201.712864000,1,0
201.712941800,1,1
201.712959200,1,0
201.712967800,1,1
201.712985200,1,0
201.713037200,1,1
201.713054600,1,0
201.713063200,1,1
201.713071800,1,0
201.713132400,1,1
201.713149800,1,0
201.713227800,1,1
201.713245200,1,0
201.713271000,1,1
201.713279800,1,0
201.713323000,1,1
201.713340400,1,0
201.713349000,1,1
201.713357800,1,0
201.713418200,1,1
201.713435600,1,0
201.713513600,1,1
201.713531000,1,0
201.713608800,1,1
201.713626200,1,0
201.713634800,1,1
201.713643600,1,0
201.713652200,1,1
201.713661000,1,0
201.713669400,1,1
201.713678200,1,0
201.713686800,1,1
201.713695600,1,0
201.713704200,1,1
201.713721600,1,0
201.713730200,1,1
201.713738800,1,0
201.713747400,1,1
201.713756200,1,0
201.713764800,1,1
201.713773600,1,0
201.713782200,1,1
201.713790800,1,0
201.713799400,1,1
202.663884600,0,1
202.663901800,1,1
202.663971200,0,1
202.663979800,1,1
202.664057600,0,1
202.664083600,1,1
202.664092200,0,1
202.664135600,1,1
202.664144200,0,1
202.664222000,1,1
202.664230800,0,1
202.664248000,1,1
202.664256800,0,1
202.664308600,1,1
202.664317200,0,1
202.664334600,1,1
202.664343200,0,1
202.664395200,1,1
202.664403800,0,1
202.664481600,1,1
202.664490400,0,1
202.664499000,1,1
202.664516400,0,1
202.664525000,1,1
202.664559600,0,1
202.664568200,1,1
202.664576800,0,1
202.664585600,1,1
202.664594200,0,1
202.664602800,1,1
202.664620200,0,1
202.664628800,1,1
202.664646200,0,1
202.664654800,1,1
202.688579200,1,0
202.688596400,1,1
202.688674600,1,0
202.688683000,1,1
202.688769800,1,0
202.688778400,1,1
202.688804400,1,0
202.688847600,1,1
202.688865000,1,0
202.688943000,1,1
202.688960400,1,0
202.688969000,1,1
202.688977600,1,0
202.688986200,1,1
202.689003600,1,0
202.689038200,1,1
202.689055600,1,0
202.689133400,1,1
202.689150800,1,0
202.689168200,1,1
202.689176800,1,0
202.689228800,1,1
202.689246200,1,0
202.689254800,1,1
202.689263400,1,0
202.689324000,1,1
202.689341400,1,0
202.689358600,1,1
202.689367400,1,0
202.689419200,1,1
202.689436800,1,0
202.689514600,1,1
202.689532000,1,0
202.689609800,1,1
202.689627200,1,0
202.689644400,1,1
202.689653200,1,0
202.689705200,1,1
202.689722600,1,0
202.689731200,1,1
202.689739800,1,0
202.689800400,1,1
202.689817800,1,0
202.689843600,1,1
202.689852400,1,0
202.689895600,1,1
202.689913000,1,0
202.689921600,1,1
202.689939000,1,0
202.689991000,1,1
202.690017000,1,0
202.690025600,1,1
202.690034400,1,0
202.690094800,1,1
202.690112200,1,0
202.690120800,1,1
202.690129600,1,0
202.690190200,1,1
202.690207600,1,0
202.690285400,1,1
202.690302800,1,0
202.690311400,1,1
202.690328800,1,0
202.690337400,1,1
202.690354800,1,0
202.690380600,1,1
202.690398000,1,0
202.690406600,1,1
202.690415400,1,0
202.690424000,1,1
202.690458600,1,0
202.690467200,1,1
202.691057400,0,1
202.691074800,1,1
202.691144000,0,1
202.691152600,1,1
202.691230600,0,1
202.691256600,1,1
202.691265200,0,1
202.691308400,1,1
202.691317200,0,1
202.691395000,1,1
202.691403600,0,1
202.691421000,1,1
202.691429600,0,1
202.691481600,1,1
202.691490200,0,1
202.691498800,1,1
202.691516200,0,1
202.691568000,1,1
202.691576800,0,1
202.691654600,1,1
202.691663200,0,1
202.691697800,1,1
202.691706600,0,1
202.691723800,1,1
202.691732400,0,1
202.691741200,1,1
202.691749800,0,1
202.691775800,1,1
202.691801800,0,1
202.691810400,1,1
202.691819000,0,1
202.691827600,1,1
202.714355400,1,0
202.714372800,1,1
202.714450800,1,0
202.714459400,1,1
202.714546000,1,0
202.714554600,1,1
202.714580600,1,0
202.714623800,1,1
202.714641400,1,0
202.714719200,1,1
202.714736600,1,0
202.714797200,1,1
202.714805800,1,0
202.714814400,1,1
202.714831800,1,0
202.714909800,1,1
202.714944400,1,0
202.714953000,1,1
202.714970400,1,0
202.715022200,1,1
202.715039800,1,0
202.715048200,1,1
202.715057000,1,0
202.715117600,1,1
202.715135000,1,0
202.715152200,1,1
202.715161000,1,0
202.715212800,1,1
202.715230200,1,0
202.715308200,1,1
202.715325600,1,0
202.715403400,1,1
202.715420800,1,0
202.715438000,1,1
202.715446800,1,0
202.715498600,1,1
202.715516200,1,0
202.715524600,1,1
202.715533400,1,0
202.715594000,1,1
202.715611400,1,0
202.715620000,1,1
202.715628800,1,0
202.715689200,1,1
202.715706600,1,0
202.715715200,1,1
202.715732600,1,0
202.715784600,1,1
202.715819200,1,0
202.715827800,1,1
202.715836600,1,0
202.715897200,1,1
202.715914600,1,0
202.715992400,1,1
202.716009800,1,0
202.716035800,1,1
202.716044400,1,0
202.716087800,1,1
202.716105200,1,0
202.716113600,1,1
202.716122400,1,0
202.716183000,1,1
202.716200400,1,0
202.716209000,1,1
202.716226400,1,0
202.716235000,1,1
202.716269600,1,0
202.716278200,1,1
202.716295600,1,0
202.716304200,1,1
202.716313000,1,0
202.716321600,1,1
202.716330400,1,0
202.716373600,1,1
202.716391000,1,0
202.716399600,1,1
202.716408200,1,0
202.716468800,1,1
202.716546800,1,0
202.716555400,1,1
202.716572800,1,0
202.716581400,1,1
202.716616200,1,0
202.716624800,1,1
202.716642200,1,0
202.716659400,1,1
202.716668200,1,0
202.716676800,1,1
202.716685400,1,0
202.716720000,1,1
202.716737400,1,0
202.716746000,1,1
202.716754800,1,0
202.716815400,1,1
202.716832800,1,0
202.716850000,1,1
202.716858800,1,0
202.716910600,1,1
202.716945400,1,0
202.716971200,1,1
202.716988600,1,0
202.717023200,1,1
202.717040600,1,0
202.717049200,1,1
202.717058000,1,0
202.717118600,1,1
202.717136000,1,0
202.717213800,1,1
202.717231200,1,0
202.717239800,1,1
202.717248600,1,0
202.717257200,1,1
202.717274600,1,0
202.717309000,1,1
202.717326600,1,0
202.717335000,1,1
202.717343800,1,0
202.717404400,1,1
202.717421800,1,0
202.717447600,1,1
202.717456400,1,0
202.717499600,1,1
202.717517000,1,0
202.717560200,1,1
202.717569000,1,0
202.717595000,1,1
202.717612400,1,0
202.717621000,1,1
202.717629600,1,0
202.717690200,1,1
202.717707600,1,0
202.717785400,1,1
202.717820200,1,0
202.717828800,1,1
202.717837600,1,0
202.717863400,1,1
202.717872200,1,0
202.717898200,1,1
202.717915600,1,0
202.717932800,1,1
202.717941600,1,0
202.717993400,1,1
202.718010800,1,0
202.718088600,1,1
202.718106200,1,0
202.718184000,1,1
202.718201400,1,0
202.718253200,1,1
202.718262000,1,0
202.718279200,1,1
202.718296600,1,0
202.718305200,1,1
202.718314000,1,0
202.718374600,1,1
202.718392000,1,0
202.718409200,1,1
202.718418000,1,0
202.718426600,1,1
202.718435200,1,0
202.718469800,1,1
202.718487200,1,0
202.718495800,1,1
202.718504600,1,0
202.718539200,1,1
202.718547800,1,0
202.718565200,1,1
202.718582600,1,0
202.718599800,1,1
202.718608600,1,0
202.718660400,1,1
202.718677800,1,0
202.718755600,1,1
202.718773000,1,0
202.718799000,1,1
202.718807800,1,0
202.718833600,1,1
202.718842400,1,0
202.718851000,1,1
202.718868400,1,0
202.718885600,1,1
202.718894400,1,0
202.718903000,1,1
202.718911600,1,0
202.718920200,1,1
202.718929000,1,0
202.718946200,1,1
202.718963600,1,0
202.718972200,1,1
202.718981000,1,0
202.719041600,1,1
202.719076200,1,0
202.719084800,1,1
202.719093600,1,0
202.719154200,1,1
202.719171600,1,0
202.719180000,1,1
202.719197600,1,0
202.719206000,1,1
202.719214800,1,0
202.719223400,1,1
202.719232200,1,0
202.719249400,1,1
202.719266800,1,0
202.719275400,1,1
202.719284200,1,0
202.719344600,1,1
202.719362000,1,0
202.719370600,1,1
202.719379400,1,0
202.719440000,1,1
202.719457400,1,0
202.719483200,1,1
202.719500600,1,0
202.719509200,1,1
202.719518000,1,0
202.719535200,1,1
202.719552600,1,0
202.719561200,1,1
202.719570000,1,0
202.719630400,1,1
202.719647800,1,0
202.719673800,1,1
202.719682600,1,0
202.719725800,1,1
202.719743200,1,0
202.719786400,1,1
202.719803800,1,0
202.719821000,1,1
202.719838400,1,0
202.719847000,1,1
202.719855800,1,0
202.719916400,1,1
202.719951000,1,0
202.719977000,1,1
202.719985800,1,0
202.720003000,1,1
202.720020400,1,0
202.720029000,1,1
202.720046400,1,0
202.720072200,1,1
202.720081000,1,0
202.720089600,1,1
202.720107000,1,0
202.720124200,1,1
202.720141600,1,0
202.720150200,1,1
202.720159000,1,0
202.720219400,1,1
202.720236800,1,0
202.720314800,1,1
202.720332200,1,0
202.720349400,1,1
202.720366800,1,0
202.720375400,1,1
202.720392800,1,0
202.720410000,1,1
202.720427400,1,0
202.720436000,1,1
202.720444800,1,0
202.720505200,1,1
202.720522600,1,0
202.720600600,1,1
202.720618000,1,0
202.720678600,1,1
202.720687200,1,0
202.720695800,1,1
202.720713200,1,0
202.720730400,1,1
202.720739200,1,0
202.720791000,1,1
202.720825800,1,0
202.720903800,1,1
202.720921200,1,0
202.720999000,1,1
202.721016400,1,0
202.721094200,1,1
202.721111600,1,0
202.721120200,1,1
202.721146400,1,0
202.721189600,1,1
202.721207000,1,0
202.721215600,1,1
202.721224200,1,0
202.721241600,1,1
202.721276200,1,0
202.721284800,1,1
202.730259200,0,1
202.730276400,1,1
202.730345800,0,1
202.730354400,1,1
202.730432200,0,1
202.730458200,1,1
202.730466800,0,1
202.730510200,1,1
202.730518800,0,1
202.730596600,1,1
202.730605400,0,1
202.730622600,1,1
202.730631200,0,1
202.730683200,1,1
202.730691800,0,1
202.730717800,1,1
202.730726400,0,1
202.730769800,1,1
202.730778400,0,1
202.730856200,1,1
202.730865000,0,1
202.730873600,1,1
202.730882200,0,1
202.730908200,1,1
202.730916800,0,1
202.730925600,1,1
202.730951400,0,1
202.730960200,1,1
202.730977400,0,1
202.730986000,1,1
202.730994800,0,1
202.731012000,1,1
202.753784600,1,0
202.753801800,1,1
202.753879800,1,0
202.753888400,1,1
202.753975200,1,0
202.753983800,1,1
202.754009800,1,0
202.754053000,1,1
202.754070400,1,0
202.754148400,1,1
202.754165800,1,0
202.754209000,1,1
202.754217800,1,0
202.754243600,1,1
202.754261000,1,0
202.754339000,1,1
202.754356400,1,0
202.754382200,1,1
202.754391000,1,0
202.754434200,1,1
202.754451600,1,0
202.754460200,1,1
202.754469000,1,0
202.754529600,1,1
202.754547000,1,0
202.754564200,1,1
202.754573000,1,0
202.754624800,1,1
202.754642200,1,0
202.754720000,1,1
202.754754800,1,0
202.754832800,1,1
202.754850200,1,0
202.754867400,1,1
202.754876200,1,0
202.754928000,1,1
202.754945400,1,0
202.754954000,1,1
202.754962800,1,0
202.755023400,1,1
202.755040800,1,0
202.755118600,1,1
202.755136000,1,0
202.755144600,1,1
202.755162000,1,0
202.755213800,1,1
202.755231400,1,0
202.755239800,1,1
202.755248600,1,0
202.755309200,1,1
202.755326600,1,0
202.755404400,1,1
202.755422000,1,0
202.755447800,1,1
202.755456600,1,0
202.755499800,1,1
202.755517200,1,0
202.755525800,1,1
202.755534600,1,0
202.755595000,1,1
202.755612400,1,0
202.755690400,1,1
202.755707800,1,0
202.755785600,1,1
202.755803000,1,0
202.755811600,1,1
202.755820400,1,0
202.755829000,1,1
202.755837800,1,0
202.755846200,1,1
202.755855000,1,0
202.755863600,1,1
202.755872400,1,0
202.755881000,1,1
202.755898400,1,0
202.755907000,1,1
202.755915600,1,0
202.755924200,1,1
202.755933000,1,0
202.755941600,1,1
202.755950400,1,0
202.755958800,1,1
202.755967600,1,0
202.755976200,1,1
203.005882400,0,1
203.005899800,1,1
203.005969000,0,1
203.005977600,1,1
203.006055600,0,1
203.006081400,1,1
203.006090200,0,1
203.006133400,1,1
203.006142000,0,1
203.006220000,1,1
203.006228600,0,1
203.006245800,1,1
203.006254600,0,1
203.006306400,1,1
203.006315200,0,1
203.006323800,1,1
203.006332400,0,1
203.006341000,1,1
203.006349800,0,1
203.006393000,1,1
203.006401600,0,1
203.006479600,1,1
203.006488200,0,1
203.006505600,1,1
203.006514200,0,1
203.006540200,1,1
203.006574800,0,1
203.006592000,1,1
203.006600800,0,1
203.006609400,1,1
203.029548600,1,0
203.029565800,1,1
203.029644000,1,0
203.029652400,1,1
203.029739200,1,0
203.029747800,1,1
203.029773800,1,0
203.029817000,1,1
203.029834400,1,0
203.029912400,1,1
203.029929800,1,0
203.029938400,1,1
203.029955800,1,0
203.029964400,1,1
203.029981800,1,0
203.030007600,1,1
203.030025000,1,0
203.030103000,1,1
203.030120400,1,0
203.030128800,1,1
203.030137600,1,0
203.030146200,1,1
203.030155000,1,0
203.030198200,1,1
203.030215600,1,0
203.030224200,1,1
203.030233000,1,0
203.030293400,1,1
203.030310800,1,0
203.030328200,1,1
203.030336800,1,0
203.030388800,1,1
203.030406200,1,0
203.030484000,1,1
203.030501400,1,0
203.030579400,1,1
203.030596800,1,0
203.030605400,1,1
203.030631400,1,0
203.030674600,1,1
203.030692000,1,0
203.030709200,1,1
203.030718000,1,0
203.030769800,1,1
203.030787200,1,0
203.030804600,1,1
203.030813200,1,0
203.030865200,1,1
203.030882600,1,0
203.030925800,1,1
203.030934600,1,0
203.030943200,1,1
203.030995200,1,0
203.031029800,1,1
203.031038400,1,0
203.031073000,1,1
203.031090400,1,0
203.031116400,1,1
203.031125200,1,0
203.031168400,1,1
203.031185800,1,0
203.031263600,1,1
203.031281000,1,0
203.031358800,1,1
203.031376400,1,0
203.031384800,1,1
203.031393600,1,0
203.031402200,1,1
203.031411000,1,0
203.031428200,1,1
203.031437000,1,0
203.031454200,1,1
203.031471600,1,0
203.031540800,1,1
203.031566800,1,0
203.031575400,1,1
203.031584200,1,0
203.031592800,1,1
203.031610200,1,0
203.031644800,1,1
203.031662200,1,0
203.031679400,1,1
203.031688200,1,0
203.031740000,1,1
203.031757400,1,0
203.031774600,1,1
203.031783400,1,0
203.031835200,1,1
203.031870000,1,0
203.031913200,1,1
203.031922000,1,0
203.031930600,1,1
203.031965200,1,0
203.031982600,1,1
203.032008600,1,0
203.032043200,1,1
203.032060600,1,0
203.032086400,1,1
203.032095200,1,0
203.032138400,1,1
203.032155800,1,0
203.032233800,1,1
203.032251200,1,0
203.032329000,1,1
203.032346400,1,0
203.032355000,1,1
203.032363800,1,0
203.032372400,1,1
203.032381000,1,0
203.032398400,1,1
203.032407000,1,0
203.032424200,1,1
203.032441800,1,0
203.032511000,1,1
203.032537000,1,0
203.032614800,1,1
203.032632200,1,0
203.032640800,1,1
203.032649600,1,0
203.032666800,1,1
203.032675600,1,0
203.032692800,1,1
203.032744800,1,0
203.032762200,1,1
203.032770800,1,0
203.032779400,1,1
203.032788200,1,0
203.032822800,1,1
203.033600600,0,1
203.033617800,1,1
203.033687000,0,1
203.033695800,1,1
203.033773600,0,1
203.033799600,1,1
203.033808200,0,1
203.033851400,1,1
203.033860200,0,1
203.033938000,1,1
203.033946600,0,1
203.033964000,1,1
203.033972600,0,1
203.034024600,1,1
203.034033200,0,1
203.034041800,1,1
203.034059200,0,1
203.034067800,1,1
203.034076400,0,1
203.034111200,1,1
203.034119800,0,1
203.034197600,1,1
203.034206200,0,1
203.034215000,1,1
203.034223600,0,1
203.034266800,1,1
203.034292800,0,1
203.034301400,1,1
203.034310200,0,1
203.034318800,1,1
203.034327400,0,1
203.034336200,1,1
203.059347000,1,0
203.059364200,1,1
203.059442400,1,0
203.059450800,1,1
203.059546200,1,0
203.059554800,1,1
203.059581000,1,0
203.059624200,1,1
203.059641600,1,0
203.059719400,1,1
203.059736800,1,0
203.059745400,1,1
203.059762800,1,0
203.059814800,1,1
203.059832200,1,0
203.059840800,1,1
203.059858200,1,0
203.059910000,1,1
203.059927400,1,0
203.059936000,1,1
203.059953400,1,0
203.059962000,1,1
203.059970800,1,0
203.060005400,1,1
203.060048800,1,0
203.060126600,1,1
203.060144000,1,0
203.060152600,1,1
203.060161400,1,0
203.060178600,1,1
203.060187400,1,0
203.060204600,1,1
203.060213400,1,0
203.060222000,1,1
203.060239400,1,0
203.060256600,1,1
203.060274000,1,0
203.060282600,1,1
203.060300000,1,0
203.060317200,1,1
203.711815600,0,1
203.711832800,1,1
203.711902000,0,1
203.711910600,1,1
203.711988600,0,1
203.712014600,1,1
203.712023200,0,1
203.712066400,1,1
203.712075200,0,1
203.712153000,1,1
203.712161600,0,1
203.712179000,1,1
203.712187600,0,1
203.712239600,1,1
203.712248200,0,1
203.712265400,1,1
203.712274200,0,1
203.712326000,1,1
203.712334800,0,1
203.712412600,1,1
203.712421200,0,1
203.712430000,1,1
203.712447200,0,1
203.712455800,1,1
203.712490600,0,1
203.712499200,1,1
203.712507800,0,1
203.712516400,1,1
203.712525200,0,1
203.712533800,1,1
203.712551000,0,1
203.712559800,1,1
203.712577000,0,1
203.712585600,1,1
203.736150000,1,0
203.736167400,1,1
203.736245400,1,0
203.736254000,1,1
203.736349400,1,0
203.736357800,1,1
203.736384000,1,0
203.736427200,1,1
203.736444600,1,0
203.736522400,1,1
203.736539800,1,0
203.736548400,1,1
203.736557200,1,0
203.736565800,1,1
203.736583200,1,0
203.736617800,1,1
203.736635200,1,0
203.736713000,1,1
203.736730400,1,0
203.736747600,1,1
203.736756400,1,0
203.736808400,1,1
203.736825800,1,0
203.736834200,1,1
203.736843000,1,0
203.736903600,1,1
203.736921000,1,0
203.736938200,1,1
203.736947000,1,0
203.736998800,1,1
203.737016200,1,0
203.737094200,1,1
203.737111600,1,0
203.737189400,1,1
203.737232800,1,0
203.737250000,1,1
203.737258800,1,0
203.737310600,1,1
203.737328000,1,0
203.737336600,1,1
203.737345400,1,0
203.737406000,1,1
203.737423400,1,0
203.737449200,1,1
203.737458000,1,0
203.737501200,1,1
203.737518600,1,0
203.737527200,1,1
203.737544600,1,0
203.737596400,1,1
203.737674600,1,0
203.737683000,1,1
203.737691800,1,0
203.737752400,1,1
203.737769800,1,0
203.737778400,1,1
203.737787200,1,0
203.737847600,1,1
203.737865000,1,0
203.737943000,1,1
203.737977600,1,0
203.737986200,1,1
203.738003600,1,0
203.738012200,1,1
203.738029600,1,0
203.738055600,1,1
203.738073000,1,0
203.738081400,1,1
203.738090200,1,0
203.738098800,1,1
203.738133600,1,0
203.738142200,1,1
203.738702800,0,1
203.738720200,1,1
203.738789400,0,1
203.738798000,1,1
203.738876000,0,1
203.738901800,1,1
203.738910600,0,1
203.738953800,1,1
203.738962400,0,1
203.739040400,1,1
203.739049000,0,1
203.739066200,1,1
203.739075000,0,1
203.739126800,1,1
203.739135600,0,1
203.739144200,1,1
203.739161400,0,1
203.739213400,1,1
203.739222000,0,1
203.739300000,1,1
203.739308600,0,1
203.739343200,1,1
203.739351800,0,1
203.739369200,1,1
203.739377800,0,1
203.739386400,1,1
203.739395200,0,1
203.739421000,1,1
203.739447000,0,1
203.739455800,1,1
203.739464400,0,1
203.739473000,1,1
203.761814400,1,0
203.761831600,1,1
203.761909600,1,0
203.761918200,1,1
203.762022200,1,0
203.762030800,1,1
203.762057000,1,0
203.762100200,1,1
203.762117600,1,0
203.762195400,1,1
203.762212800,1,0
203.762273400,1,1
203.762282000,1,0
203.762290600,1,1
203.762308000,1,0
203.762386000,1,1
203.762403400,1,0
203.762411800,1,1
203.762429400,1,0
203.762481200,1,1
203.762498600,1,0
203.762507200,1,1
203.762516000,1,0
203.762576400,1,1
203.762593800,1,0
203.762611000,1,1
203.762619800,1,0
203.762671800,1,1
203.762689200,1,0
203.762767000,1,1
203.762784400,1,0
203.762862200,1,1
203.762897000,1,0
203.762914200,1,1
203.762923000,1,0
203.762974800,1,1
203.762992200,1,0
203.763000800,1,1
203.763009600,1,0
203.763070200,1,1
203.763087600,1,0
203.763096200,1,1
203.763104800,1,0
203.763165400,1,1
203.763182800,1,0
203.763191400,1,1
203.763208800,1,0
203.763260600,1,1
203.763278000,1,0
203.763286600,1,1
203.763295400,1,0
203.763356000,1,1
203.763373400,1,0
203.763451200,1,1
203.763468600,1,0
203.763494600,1,1
203.763503200,1,0
203.763546600,1,1
203.763564000,1,0
203.763572400,1,1
203.763581200,1,0
203.763641800,1,1
203.763659200,1,0
203.763667800,1,1
203.763685200,1,0
203.763693800,1,1
203.763728400,1,0
203.763737000,1,1
203.763771800,1,0
203.763780400,1,1
203.763789200,1,0
203.763797600,1,1
203.763806400,1,0
203.763849600,1,1
203.763867000,1,0
203.763875600,1,1
203.763884400,1,0
203.763945000,1,1
203.763962400,1,0
203.763971000,1,1
203.763988400,1,0
203.763996800,1,1
203.764031600,1,0
203.764040200,1,1
203.764057600,1,0
203.764074800,1,1
203.764083600,1,0
203.764092200,1,1
203.764101000,1,0
203.764135400,1,1
203.764153000,1,0
203.764161400,1,1
203.764170200,1,0
203.764230800,1,1
203.764248200,1,0
203.764265400,1,1
203.764274200,1,0
203.764326000,1,1
203.764343400,1,0
203.764369400,1,1
203.764386800,1,0
203.764421400,1,1
203.764438800,1,0
203.764447400,1,1
203.764456000,1,0
203.764516600,1,1
203.764534000,1,0
203.764611800,1,1
203.764646600,1,0
203.764655200,1,1
203.764664000,1,0
203.764672400,1,1
203.764690000,1,0
203.764724400,1,1
203.764741800,1,0
203.764750400,1,1
203.764759200,1,0
203.764819800,1,1
203.764837200,1,0
203.764863000,1,1
203.764871800,1,0
203.764915000,1,1
203.764932400,1,0
203.764975600,1,1
203.764984400,1,0
203.765010200,1,1
203.765027600,1,0
203.765036200,1,1
203.765045000,1,0
203.765105600,1,1
203.765123000,1,0
203.765200800,1,1
203.765218200,1,0
203.765226800,1,1
203.765235600,1,0
203.765261400,1,1
203.765270200,1,0
203.765296000,1,1
203.765313400,1,0
203.765330800,1,1
203.765339400,1,0
203.765391400,1,1
203.765408800,1,0
203.765486600,1,1
203.765504000,1,0
203.765582000,1,1
203.765599400,1,0
203.765651200,1,1
203.765660000,1,0
203.765677200,1,1
203.765694600,1,0
203.765703200,1,1
203.765712000,1,0
203.765772400,1,1
203.765789800,1,0
203.765807000,1,1
203.765815800,1,0
203.765824400,1,1
203.765833200,1,0
203.765867800,1,1
203.765893800,1,0
203.765902400,1,1
203.765911200,1,0
203.765945600,1,1
203.765954400,1,0
203.765971600,1,1
203.765989000,1,0
203.766006400,1,1
203.766015000,1,0
203.766067000,1,1
203.766084400,1,0
203.766162200,1,1
203.766179600,1,0
203.766196800,1,1
203.766214200,1,0
203.766240200,1,1
203.766249000,1,0
203.766257400,1,1
203.766274800,1,0
203.766292200,1,1
203.766300800,1,0
203.766309400,1,1
203.766318200,1,0
203.766326800,1,1
203.766335600,1,0
203.766352800,1,1
203.766370200,1,0
203.766378800,1,1
203.766387400,1,0
203.766448000,1,1
203.766465400,1,0
203.766474000,1,1
203.766482800,1,0
203.766543200,1,1
203.766560800,1,0
203.766569200,1,1
203.766586600,1,0
203.766595200,1,1
203.766604000,1,0
203.766612600,1,1
203.766621400,1,0
203.766638600,1,1
203.766656000,1,0
203.766664600,1,1
203.766673400,1,0
203.766733800,1,1
203.766751200,1,0
203.766759800,1,1
203.766768600,1,0
203.766829000,1,1
203.766846600,1,0
203.766872400,1,1
203.766889800,1,0
203.766898400,1,1
203.766907200,1,0
203.766924400,1,1
203.766941800,1,0
203.766950400,1,1
203.766959000,1,0
203.767019600,1,1
203.767037000,1,0
203.767063000,1,1
203.767071600,1,0
203.767114800,1,1
203.767149600,1,0
203.767192800,1,1
203.767210200,1,0
203.767227400,1,1
203.767244800,1,0
203.767253400,1,1
203.767262200,1,0
203.767322800,1,1
203.767340200,1,0
203.767366000,1,1
203.767374800,1,0
203.767392000,1,1
203.767409400,1,0
203.767418000,1,1
203.767435400,1,0
203.767461200,1,1
203.767470000,1,0
203.767478600,1,1
203.767496000,1,0
203.767513200,1,1
203.767530600,1,0
203.767539200,1,1
203.767548000,1,0
203.767608600,1,1
203.767626000,1,0
203.767703800,1,1
203.767721200,1,0
203.767738400,1,1
203.767755800,1,0
203.767764400,1,1
203.767781800,1,0
203.767799000,1,1
203.767816400,1,0
203.767825000,1,1
203.767833800,1,0
203.767894400,1,1
203.767911800,1,0
203.767989600,1,1
203.768007000,1,0
203.768067600,1,1
203.768076200,1,0
203.768084800,1,1
203.768102200,1,0
203.768119400,1,1
203.768128200,1,0
203.768180000,1,1
203.768197600,1,0
203.768275400,1,1
203.768292800,1,0
203.768370600,1,1
203.768396600,1,0
203.768474600,1,1
203.768492000,1,0
203.768500600,1,1
203.768509200,1,0
203.768526400,1,1
203.768535200,1,0
203.768543800,1,1
203.768561200,1,0
203.768569800,1,1
203.768587200,1,0
203.768595800,1,1
203.768656400,1,0
203.768665000,1,1
203.778129600,0,1
203.778146800,1,1
203.778216000,0,1
203.778224600,1,1
203.778302600,0,1
203.778328600,1,1
203.778337200,0,1
203.778380400,1,1
203.778389200,0,1
203.778467000,1,1
203.778475600,0,1
203.778493000,1,1
203.778501600,0,1
203.778553600,1,1
203.778562200,0,1
203.778588200,1,1
203.778596800,0,1
203.778640000,1,1
203.778648800,0,1
203.778726600,1,1
203.778735200,0,1
203.778744000,1,1
203.778752600,0,1
203.778778600,1,1
203.778787200,0,1
203.778795800,1,1
203.778821800,0,1
203.778830400,1,1
203.778847800,0,1
203.778856400,1,1
203.778865000,0,1
203.778882400,1,1
203.801266200,1,0
203.801283400,1,1
203.801361600,1,0
203.801370200,1,1
203.801456800,1,0
203.801465400,1,1
203.801491400,1,0
203.801534600,1,1
203.801552000,1,0
203.801630000,1,1
203.801647400,1,0
203.801690600,1,1
203.801699400,1,0
203.801725200,1,1
203.801742600,1,0
203.801820400,1,1
203.801837800,1,0
203.801863800,1,1
203.801872600,1,0
203.801915800,1,1
203.801950400,1,0
203.801959000,1,1
203.801967800,1,0
203.802028400,1,1
203.802045800,1,0
203.802063000,1,1
203.802071800,1,0
203.802123600,1,1
203.802141000,1,0
203.802218800,1,1
203.802236400,1,0
203.802314200,1,1
203.802331600,1,0
203.802348800,1,1
203.802357600,1,0
203.802409400,1,1
203.802426800,1,0
203.802435400,1,1
203.802444200,1,0
203.802504800,1,1
203.802522200,1,0
203.802600000,1,1
203.802617400,1,0
203.802626000,1,1
203.802643400,1,0
203.802695200,1,1
203.802712800,1,0
203.802721200,1,1
203.802730000,1,0
203.802790600,1,1
203.802834000,1,0
203.802911800,1,1
203.802929200,1,0
203.802955200,1,1
203.802964000,1,0
203.803007200,1,1
203.803024600,1,0
203.803033200,1,1
203.803041800,1,0
203.803102400,1,1
203.803119800,1,0
203.803197800,1,1
203.803215200,1,0
203.803293000,1,1
203.803327800,1,0
203.803336400,1,1
203.803345000,1,0
203.803353600,1,1
203.803362400,1,0
203.803371000,1,1
203.803379800,1,0
203.803388200,1,1
203.803397000,1,0
203.803405600,1,1
203.803423000,1,0
203.803431600,1,1
203.803440400,1,0
203.803449000,1,1
203.803457600,1,0
203.803466200,1,1
203.803475000,1,0
203.803483600,1,1
203.803492400,1,0
203.803501000,1,1
204.755869600,0,1
204.755886800,1,1
204.755956000,0,1
204.755964800,1,1
204.756042600,0,1
204.756068600,1,1
204.756077200,0,1
204.756120400,1,1
204.756129200,0,1
204.756207000,1,1
204.756215600,0,1
204.756233000,1,1
204.756241600,0,1
204.756293600,1,1
204.756302200,0,1
204.756319600,1,1
204.756328200,0,1
204.756380000,1,1
204.756388800,0,1
204.756466600,1,1
204.756475200,0,1
204.756484000,1,1
204.756501200,0,1
204.756509800,1,1
204.756544600,0,1
204.756553200,1,1
204.756561800,0,1
204.756570400,1,1
204.756579200,0,1
204.756587800,1,1
204.756605000,0,1
204.756613800,1,1
204.756631000,0,1
204.756639600,1,1
204.778781200,1,0
204.778798600,1,1
204.778876600,1,0
204.778885200,1,1
204.778971800,1,0
204.778980400,1,1
204.779006400,1,0
204.779049600,1,1
204.779067200,1,0
204.779145000,1,1
204.779162400,1,0
204.779171000,1,1
204.779179800,1,0
204.779188200,1,1
204.779205800,1,0
204.779240200,1,1
204.779257600,1,0
204.779335600,1,1
204.779353000,1,0
204.779370200,1,1
204.779379000,1,0
204.779430800,1,1
204.779448200,1,0
204.779456800,1,1
204.779465600,1,0
204.779526000,1,1
204.779543400,1,0
204.779560800,1,1
204.779569400,1,0
204.779621400,1,1
204.779638800,1,0
204.779716600,1,1
204.779751400,1,0
204.779829200,1,1
204.779846600,1,0
204.779863800,1,1
204.779872600,1,0
204.779924400,1,1
204.779942000,1,0
204.779950400,1,1
204.779959200,1,0
204.780019800,1,1
204.780037200,1,0
204.780063000,1,1
204.780071800,1,0
204.780115000,1,1
204.780132400,1,0
204.780141000,1,1
204.780158400,1,0
204.780210400,1,1
204.780227800,1,0
204.780236400,1,1
204.780245000,1,0
204.780305600,1,1
204.780323000,1,0
204.780331600,1,1
204.780340400,1,0
204.780400800,1,1
204.780418400,1,0
204.780496200,1,1
204.780513600,1,0
204.780522200,1,1
204.780539600,1,0
204.780548200,1,1
204.780565600,1,0
204.780591400,1,1
204.780608800,1,0
204.780617400,1,1
204.780626200,1,0
204.780634800,1,1
204.780669400,1,0
204.780678000,1,1
204.781242400,0,1
204.781259800,1,1
204.781329000,0,1
204.781337600,1,1
204.781415600,0,1
204.781441400,1,1
204.781450200,0,1
204.781493400,1,1
204.781502000,0,1
204.781580000,1,1
204.781588600,0,1
204.781605800,1,1
204.781614600,0,1
204.781666400,1,1
204.781675200,0,1
204.781683800,1,1
204.781701000,0,1
204.781753000,1,1
204.781761600,0,1
204.781839600,1,1
204.781848200,0,1
204.781882800,1,1
204.781891400,0,1
204.781908800,1,1
204.781917400,0,1
204.781926000,1,1
204.781934800,0,1
204.781960600,1,1
204.781986600,0,1
204.781995400,1,1
204.782004000,0,1
204.782012600,1,1
204.804359600,1,0
204.804376800,1,1
204.804454800,1,0
204.804463400,1,1
204.804550200,1,0
204.804558600,1,1
204.804584800,1,0
204.804628000,1,1
204.804645400,1,0
204.804723200,1,1
204.804740600,1,0
204.804801200,1,1
204.804810000,1,0
204.804818400,1,1
204.804836000,1,0
204.804913800,1,1
204.804931200,1,0
204.804939800,1,1
204.804957200,1,0
204.805009000,1,1
204.805043800,1,0
204.805052400,1,1
204.805061200,1,0
204.805121600,1,1
204.805139000,1,0
204.805156200,1,1
204.805165000,1,0
204.805217000,1,1
204.805234400,1,0
204.805312200,1,1
204.805329600,1,0
204.805407400,1,1
204.805425000,1,0
204.805442200,1,1
204.805450800,1,0
204.805502800,1,1
204.805520200,1,0
204.805528800,1,1
204.805537600,1,0
204.805598000,1,1
204.805615400,1,0
204.805624000,1,1
204.805632800,1,0
204.805693400,1,1
204.805710800,1,0
204.805719200,1,1
204.805736800,1,0
204.805788600,1,1
204.805806000,1,0
204.805814600,1,1
204.805823400,1,0
204.805883800,1,1
204.805918600,1,0
204.805996400,1,1
204.806013800,1,0
204.806039800,1,1
204.806048600,1,0
204.806091800,1,1
204.806109200,1,0
204.806117800,1,1
204.806126400,1,0
204.806187000,1,1
204.806204400,1,0
204.806213000,1,1
204.806230400,1,0
204.806239000,1,1
204.806273800,1,0
204.806282200,1,1
204.806299800,1,0
204.806308200,1,1
204.806317000,1,0
204.806325600,1,1
204.806334400,1,0
204.806377600,1,1
204.806395000,1,0
204.806403600,1,1
204.806412400,1,0
204.806472800,1,1
204.806490200,1,0
204.806498800,1,1
204.806516200,1,0
204.806524800,1,1
204.806559600,1,0
204.806568200,1,1
204.806585600,1,0
204.806602800,1,1
204.806611600,1,0
204.806620000,1,1
204.806628800,1,0
204.806663400,1,1
204.806680800,1,0
204.806689400,1,1
204.806698200,1,0
204.806758600,1,1
204.806776000,1,0
204.806793400,1,1
204.806802000,1,0
204.806854000,1,1
204.806871400,1,0
204.806897200,1,1
204.806914600,1,0
204.806949200,1,1
204.806966600,1,0
204.806975200,1,1
204.806984000,1,0
204.807044600,1,1
204.807062000,1,0
204.807139800,1,1
204.807174600,1,0
204.807183200,1,1
204.807191800,1,0
204.807200400,1,1
204.807217800,1,0
204.807252400,1,1
204.807269800,1,0
204.807278400,1,1
204.807287200,1,0
204.807347600,1,1
204.807365200,1,0
204.807391000,1,1
204.807399800,1,0
204.807443000,1,1
204.807460400,1,0
204.807503600,1,1
204.807512400,1,0
204.807538200,1,1
204.807555600,1,0
204.807564200,1,1
204.807573000,1,0
204.807633600,1,1
204.807651000,1,0
204.807728800,1,1
204.807746200,1,0
204.807754800,1,1
204.807763600,1,0
204.807789400,1,1
204.807798200,1,0
204.807824000,1,1
204.807841600,1,0
204.807858800,1,1
204.807867400,1,0
204.807919400,1,1
204.807936800,1,0
204.808014600,1,1
204.808058000,1,0
204.808135800,1,1
204.808153400,1,0
204.808205200,1,1
204.808214000,1,0
204.808231200,1,1
204.808248600,1,0
204.808257200,1,1
204.808266000,1,0
204.808326400,1,1
204.808343800,1,0
204.808361200,1,1
204.808369800,1,0
204.808378400,1,1
204.808387200,1,0
204.808421800,1,1
204.808439200,1,0
204.808447800,1,1
204.808456600,1,0
204.808491000,1,1
204.808499800,1,0
204.808517000,1,1
204.808551800,1,0
204.808569000,1,1
204.808577800,1,0
204.808629600,1,1
204.808647000,1,0
204.808725000,1,1
204.808742400,1,0
204.808751000,1,1
204.808777000,1,0
204.808802800,1,1
204.808811600,1,0
204.808820200,1,1
204.808837600,1,0
204.808854800,1,1
204.808863600,1,0
204.808872200,1,1
204.808881000,1,0
204.808889600,1,1
204.808898200,1,0
204.808915600,1,1
204.808933000,1,0
204.808941400,1,1
204.808950200,1,0
204.809010800,1,1
204.809028200,1,0
204.809036800,1,1
204.809045600,1,0
204.809106000,1,1
204.809123400,1,0
204.809132000,1,1
204.809149400,1,0
204.809158000,1,1
204.809166800,1,0
204.809175400,1,1
204.809184000,1,0
204.809201400,1,1
204.809218800,1,0
204.809227200,1,1
204.809236000,1,0
204.809296600,1,1
204.809314000,1,0
204.809322600,1,1
204.809331400,1,0
204.809391800,1,1
204.809426600,1,0
204.809452400,1,1
204.809470000,1,0
204.809478400,1,1
204.809487200,1,0
204.809504400,1,1
204.809521800,1,0
204.809530400,1,1
204.809539200,1,0
204.809599800,1,1
204.809617200,1,0
204.809643000,1,1
204.809651800,1,0
204.809695000,1,1
204.809712400,1,0
204.809755600,1,1
204.809773000,1,0
204.809790400,1,1
204.809807800,1,0
204.809816400,1,1
204.809825000,1,0
204.809885600,1,1
204.809903000,1,0
204.809929000,1,1
204.809937800,1,0
204.809955000,1,1
204.809972400,1,0
204.809981000,1,1
204.809998400,1,0
204.810024200,1,1
204.810033000,1,0
204.810041600,1,1
204.810059000,1,0
204.810076200,1,1
204.810093600,1,0
204.810102200,1,1
204.810111000,1,0
204.810171600,1,1
204.810189000,1,0
204.810266800,1,1
204.810301600,1,0
204.810318800,1,1
204.810336200,1,0
204.810344800,1,1
204.810362200,1,0
204.810379400,1,1
204.810396800,1,0
204.810405400,1,1
204.810414200,1,0
204.810474600,1,1
204.810492200,1,0
204.810570000,1,1
204.810587400,1,0
204.810648000,1,1
204.810656600,1,0
204.810665200,1,1
204.810682600,1,0
204.810700000,1,1
204.810708600,1,0
204.810760600,1,1
204.810778000,1,0
204.810855800,1,1
204.810873200,1,0
204.810951000,1,1
204.810968600,1,0
204.811046400,1,1
204.811063800,1,0
204.811081000,1,1
204.811115800,1,0
204.811124400,1,1
204.811133000,1,0
204.811141600,1,1
204.811185000,1,0
204.811211000,1,1
204.811254400,1,0
204.811263000,1,1
204.820305600,0,1
204.820323000,1,1
204.820392200,0,1
204.820400800,1,1
204.820478800,0,1
204.820504600,1,1
204.820513400,0,1
204.820556600,1,1
204.820565200,0,1
204.820643200,1,1
204.820651800,0,1
204.820669200,1,1
204.820677800,0,1
204.820729600,1,1
204.820738400,0,1
204.820764200,1,1
204.820773000,0,1
204.820816200,1,1
204.820824800,0,1
204.820902800,1,1
204.820911400,0,1
204.820920000,1,1
204.820928800,0,1
204.820954600,1,1
204.820963400,0,1
204.820972000,1,1
204.820998000,0,1
204.821006600,1,1
204.821024000,0,1
204.821032600,1,1
204.821041200,0,1
204.821058600,1,1
204.843865600,1,0
204.843882800,1,1
204.843961000,1,0
204.843969400,1,1
204.844056200,1,0
204.844064800,1,1
204.844090800,1,0
204.844134000,1,1
204.844151400,1,0
204.844229400,1,1
204.844246800,1,0
204.844290000,1,1
204.844298800,1,0
204.844324600,1,1
204.844359400,1,0
204.844437200,1,1
204.844454600,1,0
204.844480600,1,1
204.844489200,1,0
204.844532600,1,1
204.844550000,1,0
204.844558400,1,1
204.844567200,1,0
204.844627800,1,1
204.844645200,1,0
204.844662400,1,1
204.844671200,1,0
204.844723000,1,1
204.844740400,1,0
204.844818400,1,1
204.844835800,1,0
204.844913600,1,1
204.844931000,1,0
204.844948200,1,1
204.844957000,1,0
204.845009000,1,1
204.845026400,1,0
204.845035000,1,1
204.845043600,1,0
204.845104200,1,1
204.845121600,1,0
204.845199400,1,1
204.845234200,1,0
204.845242800,1,1
204.845260200,1,0
204.845312000,1,1
204.845329600,1,0
204.845338000,1,1
204.845346800,1,0
204.845407400,1,1
204.845424800,1,0
204.845502600,1,1
204.845520000,1,0
204.845546000,1,1
204.845554800,1,0
204.845598000,1,1
204.845615400,1,0
204.845624000,1,1
204.845632600,1,0
204.845693200,1,1
204.845710600,1,0
204.845788600,1,1
204.845806000,1,0
204.845883800,1,1
204.845901200,1,0
204.845909800,1,1
204.845918600,1,0
204.845927000,1,1
204.845935800,1,0
204.845944400,1,1
204.845953200,1,0
204.845961800,1,1
204.845970600,1,0
204.845979000,1,1
204.845996400,1,0
204.846005000,1,1
204.846013800,1,0
204.846022400,1,1
204.846031200,1,0
204.846039800,1,1
204.846048400,1,0
204.846057000,1,1
204.846065800,1,0
204.846074400,1,1
205.795864800,0,1
205.795882200,1,1
205.795951400,0,1
205.795960000,1,1
205.796038000,0,1
205.796064000,1,1
205.796072600,0,1
205.796115800,1,1
205.796124600,0,1
205.796202400,1,1
205.796211000,0,1
205.796228400,1,1
205.796237000,0,1
205.796289000,1,1
205.796297600,0,1
205.796314800,1,1
205.796323600,0,1
205.796375400,1,1
205.796384200,0,1
205.796462000,1,1
205.796470600,0,1
205.796479400,1,1
205.796496600,0,1
205.796505200,1,1
205.796539800,0,1
205.796548600,1,1
205.796557200,0,1
205.796565800,1,1
205.796574600,0,1
205.796583200,1,1
205.796600400,0,1
205.796609200,1,1
205.796626400,0,1
205.796635000,1,1
205.821036000,1,0
205.821053200,1,1
205.821131200,1,0
205.821139800,1,1
205.821226600,1,0
205.821235000,1,1
205.821261200,1,0
205.821304400,1,1
205.821321800,1,0
205.821399600,1,1
205.821417000,1,0
205.821425600,1,1
205.821434400,1,0
205.821443000,1,1
205.821460400,1,0
205.821495000,1,1
205.821512400,1,0
205.821590200,1,1
205.821607600,1,0
205.821624800,1,1
205.821633600,1,0
205.821685400,1,1
205.821702800,1,0
205.821711400,1,1
205.821720200,1,0
205.821780800,1,1
205.821798200,1,0
205.821815400,1,1
205.821824200,1,0
205.821876000,1,1
205.821893400,1,0
205.821971400,1,1
205.821988800,1,0
205.822066600,1,1
205.822101400,1,0
205.822118600,1,1
205.822127400,1,0
205.822179200,1,1
205.822196600,1,0
205.822205200,1,1
205.822214000,1,0
205.822274400,1,1
205.822291800,1,0
205.822317800,1,1
205.822326600,1,0
205.822369800,1,1
205.822387200,1,0
205.822395800,1,1
205.822413200,1,0
205.822465000,1,1
205.822482400,1,0
205.822491000,1,1
205.822499800,1,0
205.822560400,1,1
205.822577800,1,0
205.822586400,1,1
205.822595000,1,0
205.822655600,1,1
205.822673000,1,0
205.822750800,1,1
205.822768200,1,0
205.822776800,1,1
205.822794200,1,0
205.822802800,1,1
205.822820200,1,0
205.822846200,1,1
205.822863600,1,0
205.822872200,1,1
205.822880800,1,0
205.822889400,1,1
205.822924200,1,0
205.822932800,1,1
205.823487800,0,1
205.823505200,1,1
205.823574400,0,1
205.823583000,1,1
205.823660800,0,1
205.823686800,1,1
205.823695400,0,1
205.823738800,1,1
205.823747400,0,1
205.823825200,1,1
205.823834000,0,1
205.823851200,1,1
205.823860000,0,1
205.823911800,1,1
205.823920400,0,1
205.823929200,1,1
205.823946400,0,1
205.823998400,1,1
205.824007000,0,1
205.824085000,1,1
205.824093600,0,1
205.824128200,1,1
205.824136800,0,1
205.824154200,1,1
205.824162800,0,1
205.824171400,1,1
205.824180200,0,1
205.824206000,1,1
205.824232000,0,1
205.824240600,1,1
205.824249400,0,1
205.824258000,1,1
205.846766400,1,0
205.846783600,1,1
205.846861600,1,0
205.846870200,1,1
205.846957000,1,0
205.846965600,1,1
205.846991600,1,0
205.847034800,1,1
205.847052200,1,0
205.847130000,1,1
205.847147400,1,0
205.847208000,1,1
205.847216800,1,0
205.847225400,1,1
205.847260000,1,0
205.847338000,1,1
205.847355400,1,0
205.847364000,1,1
205.847381400,1,0
205.847433200,1,1
205.847450600,1,0
205.847459200,1,1
205.847468000,1,0
205.847528400,1,1
205.847545800,1,0
205.847563200,1,1
205.847571800,1,0
205.847623800,1,1
205.847641200,1,0
205.847719000,1,1
205.847736400,1,0
205.847814200,1,1
205.847831600,1,0
205.847848800,1,1
205.847857600,1,0
205.847909600,1,1
205.847927000,1,0
205.847935400,1,1
205.847944200,1,0
205.848004800,1,1
205.848022200,1,0
205.848030800,1,1
205.848039600,1,0
205.848100000,1,1
205.848134800,1,0
205.848143400,1,1
205.848160800,1,0
205.848212600,1,1
205.848230000,1,0
205.848238600,1,1
205.848247400,1,0
205.848307800,1,1
205.848325400,1,0
205.848403200,1,1
205.848420600,1,0
205.848446400,1,1
205.848455200,1,0
205.848498400,1,1
205.848515800,1,0
205.848524400,1,1
205.848533200,1,0
205.848593800,1,1
205.848611200,1,0
205.848619600,1,1
205.848637200,1,0
205.848645600,1,1
205.848680400,1,0
205.848689000,1,1
205.848706400,1,0
205.848715000,1,1
205.848723800,1,0
205.848732200,1,1
205.848741000,1,0
205.848784200,1,1
205.848801600,1,0
205.848810200,1,1
205.848819000,1,0
205.848879600,1,1
205.848897000,1,0
205.848905600,1,1
205.848923000,1,0
205.848931600,1,1
205.848966200,1,0
205.848974800,1,1
205.849009600,1,0
205.849026800,1,1
205.849035600,1,0
205.849044200,1,1
205.849052800,1,0
205.849087400,1,1
205.849104800,1,0
205.849113400,1,1
205.849122200,1,0
205.849182600,1,1
205.849200200,1,0
205.849217400,1,1
205.849226000,1,0
205.849278000,1,1
205.849295400,1,0
205.849321200,1,1
205.849338600,1,0
205.849373200,1,1
205.849390600,1,0
205.849399200,1,1
205.849408000,1,0
205.849468400,1,1
205.849485800,1,0
205.849563800,1,1
205.849581200,1,0
205.849589800,1,1
205.849598400,1,0
205.849607000,1,1
205.849624400,1,0
205.849659000,1,1
205.849676400,1,0
205.849685000,1,1
205.849693800,1,0
205.849754400,1,1
205.849771800,1,0
205.849797600,1,1
205.849806400,1,0
205.849849600,1,1
205.849867000,1,0
205.849910200,1,1
205.849919000,1,0
205.849944800,1,1
205.849962200,1,0
205.849970800,1,1
205.849979600,1,0
205.850040200,1,1
205.850057600,1,0
205.850135400,1,1
205.850152800,1,0
205.850161400,1,1
205.850170200,1,0
205.850196000,1,1
205.850204800,1,0
205.850230600,1,1
205.850265400,1,0
205.850282600,1,1
205.850291400,1,0
205.850343200,1,1
205.850360600,1,0
205.850438600,1,1
205.850456000,1,0
205.850533800,1,1
205.850551200,1,0
205.850603000,1,1
205.850611800,1,0
205.850629000,1,1
205.850646400,1,0
205.850655000,1,1
205.850663800,1,0
205.850724400,1,1
205.850741800,1,0
205.850750400,1,1
205.850767800,1,0
205.850776200,1,1
205.850785000,1,0
205.850819600,1,1
205.850837000,1,0
205.850845600,1,1
205.850854400,1,0
205.850888800,1,1
205.850897600,1,0
205.850914800,1,1
205.850932200,1,0
205.850949600,1,1
205.850958200,1,0
205.851010200,1,1
205.851027600,1,0
205.851105400,1,1
205.851140200,1,0
205.851157400,1,1
205.851183400,1,0
205.851200800,1,1
205.851209400,1,0
205.851218000,1,1
205.851235400,1,0
205.851252600,1,1
205.851261400,1,0
205.851270000,1,1
205.851278800,1,0
205.851287400,1,1
205.851296000,1,0
205.851313400,1,1
205.851330800,1,0
205.851339200,1,1
205.851348000,1,0
205.851408600,1,1
205.851426000,1,0
205.851434600,1,1
205.851443400,1,0
205.851503800,1,1
205.851521200,1,0
205.851529800,1,1
205.851547200,1,0
205.851555800,1,1
205.851564600,1,0
205.851573200,1,1
205.851582000,1,0
205.851599200,1,1
205.851616600,1,0
205.851625200,1,1
205.851633800,1,0
205.851694400,1,1
205.851711800,1,0
205.851720400,1,1
205.851729200,1,0
205.851789600,1,1
205.851807000,1,0
205.851833000,1,1
205.851850400,1,0
205.851859000,1,1
205.851867800,1,0
205.851885000,1,1
205.851902400,1,0
205.851911000,1,1
205.851919600,1,0
205.851980200,1,1
205.852015000,1,0
205.852040800,1,1
205.852049600,1,0
205.852092800,1,1
205.852110200,1,0
205.852153400,1,1
205.852170800,1,0
205.852188000,1,1
205.852205600,1,0
205.852214000,1,1
205.852222800,1,0
205.852283400,1,1
205.852300800,1,0
205.852326600,1,1
205.852335400,1,0
205.852352600,1,1
205.852370000,1,0
205.852378600,1,1
205.852396000,1,0
205.852422000,1,1
205.852430600,1,0
205.852439200,1,1
205.852456600,1,0
205.852474000,1,1
205.852491400,1,0
205.852499800,1,1
205.852508600,1,0
205.852569200,1,1
205.852586600,1,0
205.852664400,1,1
205.852681800,1,0
205.852699000,1,1
205.852716600,1,0
205.852725000,1,1
205.852742400,1,0
205.852759800,1,1
205.852777200,1,0
205.852785800,1,1
205.852794400,1,0
205.852855000,1,1
205.852898400,1,0
205.852976200,1,1
205.852993600,1,0
205.853054200,1,1
205.853063000,1,0
205.853071600,1,1
205.853089000,1,0
205.853106200,1,1
205.853115000,1,0
205.853166800,1,1
205.853184200,1,0
205.853262000,1,1
205.853279400,1,0
205.853357400,1,1
205.853400800,1,0
205.853478600,1,1
205.853496000,1,0
205.853504600,1,1
205.853513400,1,0
205.853522000,1,1
205.853530600,1,0
205.853548000,1,1
205.853591400,1,0
205.853608600,1,1
205.853617200,1,0
205.853634600,1,1
205.853643200,1,0
205.853651800,1,1
205.863996200,0,1
205.864013600,1,1
205.864082800,0,1
205.864091400,1,1
205.864169200,0,1
205.864195200,1,1
205.864203800,0,1
205.864247200,1,1
205.864255800,0,1
205.864333600,1,1
205.864342400,0,1
205.864359600,1,1
205.864368400,0,1
205.864420200,1,1
205.864428800,0,1
205.864454800,1,1
205.864463600,0,1
205.864506800,1,1
205.864515400,0,1
205.864593400,1,1
205.864602000,0,1
205.864610600,1,1
205.864619200,0,1
205.864645200,1,1
205.864653800,0,1
205.864662600,1,1
205.864688600,0,1
205.864697200,1,1
205.864714400,0,1
205.864723200,1,1
205.864731800,0,1
205.864749000,1,1
205.886363400,1,0
205.886380600,1,1
205.886458800,1,0
205.886467200,1,1
205.886554000,1,0
205.886562600,1,1
205.886588600,1,0
205.886631800,1,1
205.886649200,1,0
205.886727200,1,1
205.886744600,1,0
205.886787800,1,1
205.886796400,1,0
205.886822400,1,1
205.886839800,1,0
205.886917600,1,1
205.886952400,1,0
205.886978200,1,1
205.886987000,1,0
205.887030200,1,1
205.887047600,1,0
205.887056200,1,1
205.887065000,1,0
205.887125600,1,1
205.887143000,1,0
205.887160200,1,1
205.887169000,1,0
205.887220800,1,1
205.887238200,1,0
205.887316000,1,1
205.887333400,1,0
205.887411400,1,1
205.887428800,1,0
205.887446000,1,1
205.887454800,1,0
205.887506600,1,1
205.887524000,1,0
205.887532600,1,1
205.887541400,1,0
205.887601800,1,1
205.887619200,1,0
205.887697200,1,1
205.887714600,1,0
205.887723200,1,1
205.887740600,1,0
205.887792400,1,1
205.887827200,1,0
205.887835600,1,1
205.887844400,1,0
205.887905000,1,1
205.887922400,1,0
205.888000200,1,1
205.888017600,1,0
205.888043600,1,1
205.888052200,1,0
205.888095400,1,1
205.888113000,1,0
205.888121400,1,1
205.888130200,1,0
205.888190800,1,1
205.888208200,1,0
205.888286000,1,1
205.888303400,1,0
205.888381200,1,1
205.888398800,1,0
205.888407200,1,1
205.888416000,1,0
205.888424600,1,1
205.888433400,1,0
205.888442000,1,1
205.888450600,1,0
205.888459200,1,1
205.888468000,1,0
205.888476600,1,1
205.888494000,1,0
205.888502600,1,1
205.888511200,1,0
205.888519800,1,1
205.888528600,1,0
205.888537200,1,1
205.888546000,1,0
205.888554600,1,1
205.888563200,1,0
205.888571800,1,1
206.837842000,0,1
206.837859400,1,1
206.837928600,0,1
206.837937200,1,1
206.838015000,0,1
206.838041000,1,1
206.838049600,0,1
206.838093000,1,1
206.838101600,0,1
206.838179400,1,1
206.838188200,0,1
206.838205400,1,1
206.838214200,0,1
206.838266000,1,1
206.838274600,0,1
206.838292000,1,1
206.838300600,0,1
206.838352600,1,1
206.838361200,0,1
206.838439200,1,1
206.838447800,0,1
206.838456400,1,1
206.838473800,0,1
206.838482400,1,1
206.838517000,0,1
206.838525600,1,1
206.838534400,0,1
206.838543000,1,1
206.838551600,0,1
206.838560200,1,1
206.838577600,0,1
206.838586200,1,1
206.838603600,0,1
206.838612200,1,1
206.863600000,1,0
206.863617200,1,1
206.863695200,1,0
206.863703800,1,1
206.863790600,1,0
206.863799000,1,1
206.863825200,1,0
206.863868400,1,1
206.863885800,1,0
206.863963600,1,1
206.863981000,1,0
206.863989600,1,1
206.863998400,1,0
206.864007000,1,1
206.864024400,1,0
206.864059000,1,1
206.864076400,1,0
206.864154200,1,1
206.864171600,1,0
206.864188800,1,1
206.864197600,1,0
206.864249400,1,1
206.864266800,1,0
206.864275400,1,1
206.864284200,1,0
206.864344800,1,1
206.864362200,1,0
206.864379400,1,1
206.864388200,1,0
206.864440000,1,1
206.864457400,1,0
206.864535400,1,1
206.864552800,1,0
206.864630600,1,1
206.864665400,1,0
206.864682600,1,1
206.864691200,1,0
206.864743200,1,1
206.864760600,1,0
206.864769200,1,1
206.864778000,1,0
206.864838400,1,1
206.864855800,1,0
206.864881800,1,1
206.864890600,1,0
206.864933800,1,1
206.864951200,1,0
206.864959800,1,1
206.864977200,1,0
206.865029000,1,1
206.865046400,1,0
206.865055000,1,1
206.865063800,1,0
206.865124200,1,1
206.865141800,1,0
206.865150200,1,1
206.865159000,1,0
206.865219600,1,1
206.865237000,1,0
206.865314800,1,1
206.865332200,1,0
206.865340800,1,1
206.865358200,1,0
206.865366800,1,1
206.865384200,1,0
206.865410200,1,1
206.865427600,1,0
206.865436200,1,1
206.865444800,1,0
206.865453400,1,1
206.865488200,1,0
206.865496800,1,1
206.866062000,0,1
206.866079400,1,1
206.866148600,0,1
206.866157200,1,1
206.866235000,0,1
206.866261000,1,1
206.866269800,0,1
206.866313000,1,1
206.866321600,0,1
206.866399600,1,1
206.866408200,0,1
206.866425400,1,1
206.866434200,0,1
206.866486000,1,1
206.866494800,0,1
206.866503400,1,1
206.866520600,0,1
206.866572600,1,1
206.866581200,0,1
206.866659200,1,1
206.866667800,0,1
206.866702400,1,1
206.866711000,0,1
206.866728400,1,1
206.866737000,0,1
206.866745600,1,1
206.866754400,0,1
206.866780200,1,1
206.866806200,0,1
206.866814800,1,1
206.866823600,0,1
206.866832200,1,1
206.889335000,1,0
206.889352400,1,1
206.889430400,1,0
206.889439000,1,1
206.889525600,1,0
206.889534200,1,1
206.889560200,1,0
206.889603600,1,1
206.889621000,1,0
206.889698800,1,1
206.889716200,1,0
206.889776800,1,1
206.889785600,1,0
206.889794200,1,1
206.889811600,1,0
206.889889400,1,1
206.889906800,1,0
206.889915400,1,1
206.889932800,1,0
206.889984800,1,1
206.890002200,1,0
206.890010600,1,1
206.890019400,1,0
206.890080000,1,1
206.890097400,1,0
206.890114600,1,1
206.890123400,1,0
206.890175200,1,1
206.890210000,1,0
206.890287800,1,1
206.890305200,1,0
206.890383200,1,1
206.890400600,1,0
206.890417800,1,1
206.890426600,1,0
206.890478400,1,1
206.890495800,1,0
206.890504400,1,1
206.890513200,1,0
206.890573800,1,1
206.890591200,1,0
206.890599800,1,1
206.890608400,1,0
206.890669000,1,1
206.890686400,1,0
206.890695000,1,1
206.890712400,1,0
206.890764400,1,1
206.890781800,1,0
206.890790400,1,1
206.890799000,1,0
206.890859600,1,1
206.890877000,1,0
206.890955000,1,1
206.890972400,1,0
206.890998200,1,1
206.891007000,1,0
206.891050200,1,1
206.891085000,1,0
206.891093600,1,1
206.891102200,1,0
206.891162800,1,1
206.891180200,1,0
206.891188800,1,1
206.891206200,1,0
206.891214800,1,1
206.891249600,1,0
206.891258200,1,1
206.891275600,1,0
206.891284200,1,1
206.891292800,1,0
206.891301400,1,1
206.891310200,1,0
206.891353400,1,1
206.891370800,1,0
206.891379400,1,1
206.891388200,1,0
206.891448800,1,1
206.891466200,1,0
206.891474600,1,1
206.891492200,1,0
206.891500600,1,1
206.891535400,1,0
206.891544000,1,1
206.891561400,1,0
206.891578600,1,1
206.891587400,1,0
206.891596000,1,1
206.891604800,1,0
206.891639200,1,1
206.891656600,1,0
206.891665200,1,1
206.891674000,1,0
206.891734600,1,1
206.891752000,1,0
206.891769200,1,1
206.891778000,1,0
206.891829800,1,1
206.891847200,1,0
206.891873200,1,1
206.891890600,1,0
206.891925200,1,1
206.891942600,1,0
206.891951200,1,1
206.891959800,1,0
206.892020400,1,1
206.892037800,1,0
206.892115800,1,1
206.892133200,1,0
206.892141600,1,1
206.892150400,1,0
206.892159000,1,1
206.892176400,1,0
206.892211000,1,1
206.892228400,1,0
206.892237000,1,1
206.892245800,1,0
206.892306200,1,1
206.892332400,1,0
206.892358200,1,1
206.892367000,1,0
206.892410200,1,1
206.892427600,1,0
206.892470800,1,1
206.892479600,1,0
206.892505600,1,1
206.892523000,1,0
206.892531600,1,1
206.892540200,1,0
206.892600800,1,1
206.892618200,1,0
206.892696000,1,1
206.892713600,1,0
206.892722000,1,1
206.892730800,1,0
206.892756800,1,1
206.892765400,1,0
206.892791400,1,1
206.892808800,1,0
206.892826000,1,1
206.892834800,1,0
206.892886600,1,1
206.892904000,1,0
206.892982000,1,1
206.892999400,1,0
206.893077200,1,1
206.893094600,1,0
206.893146600,1,1
206.893155200,1,0
206.893172600,1,1
206.893190000,1,0
206.893198600,1,1
206.893207200,1,0
206.893267800,1,1
206.893285200,1,0
206.893293800,1,1
206.893311200,1,0
206.893319800,1,1
206.893328600,1,0
206.893363200,1,1
206.893380600,1,0
206.893389000,1,1
206.893397800,1,0
206.893432400,1,1
206.893441200,1,0
206.893458400,1,1
206.893475800,1,0
206.893493000,1,1
206.893501800,1,0
206.893553800,1,1
206.893588400,1,0
206.893666400,1,1
206.893683800,1,0
206.893692400,1,1
206.893701000,1,0
206.893727000,1,1
206.893735800,1,0
206.893744200,1,1
206.893753000,1,0
206.893761600,1,1
206.893779000,1,0
206.893796200,1,1
206.893805000,1,0
206.893813600,1,1
206.893822400,1,0
206.893831000,1,1
206.893839600,1,0
206.893857000,1,1
206.893874400,1,0
206.893882800,1,1
206.893891600,1,0
206.893952200,1,1
206.893969600,1,0
206.893978200,1,1
206.893987000,1,0
206.894047400,1,1
206.894065000,1,0
206.894073400,1,1
206.894091000,1,0
206.894099400,1,1
206.894108200,1,0
206.894116800,1,1
206.894125600,1,0
206.894142800,1,1
206.894160200,1,0
206.894168800,1,1
206.894177600,1,0
206.894238000,1,1
206.894255400,1,0
206.894264000,1,1
206.894272800,1,0
206.894333400,1,1
206.894350800,1,0
206.894376600,1,1
206.894394200,1,0
206.894402600,1,1
206.894411400,1,0
206.894428600,1,1
206.894463400,1,0
206.894472000,1,1
206.894480800,1,0
206.894541200,1,1
206.894558600,1,0
206.894584600,1,1
206.894593400,1,0
206.894636600,1,1
206.894654000,1,0
206.894697200,1,1
206.894714600,1,0
206.894731800,1,1
206.894749200,1,0
206.894757800,1,1
206.894766600,1,0
206.894827200,1,1
206.894844600,1,0
206.894870400,1,1
206.894879200,1,0
206.894896400,1,1
206.894913800,1,0
206.894922400,1,1
206.894939800,1,0
206.894965800,1,1
206.894974400,1,0
206.894983000,1,1
206.895000400,1,0
206.895017800,1,1
206.895035200,1,0
206.895043800,1,1
206.895052400,1,0
206.895113000,1,1
206.895130400,1,0
206.895208200,1,1
206.895225600,1,0
206.895243000,1,1
206.895260400,1,0
206.895269000,1,1
206.895286400,1,0
206.895303600,1,1
206.895321000,1,0
206.895329600,1,1
206.895338200,1,0
206.895398800,1,1
206.895416200,1,0
206.895494200,1,1
206.895511600,1,0
206.895572000,1,1
206.895580800,1,0
206.895589400,1,1
206.895606800,1,0
206.895624000,1,1
206.895632800,1,0
206.895684600,1,1
206.895719400,1,0
206.895797200,1,1
206.895814800,1,0
206.895892600,1,1
206.895910000,1,0
206.895987800,1,1
206.896005200,1,0
206.896039800,1,1
206.896048600,1,0
206.896074400,1,1
206.896100600,1,0
206.896109000,1,1
206.896117800,1,0
206.896143800,1,1
206.896161200,1,0
206.896169800,1,1
206.908171400,0,1
206.908188600,1,1
206.908258000,0,1
206.908266600,1,1
206.908344400,0,1
206.908370400,1,1
206.908379000,0,1
206.908422400,1,1
206.908431000,0,1
206.908508800,1,1
206.908517600,0,1
206.908534800,1,1
206.908543400,0,1
206.908595400,1,1
206.908604000,0,1
206.908630000,1,1
206.908638600,0,1
206.908682000,1,1
206.908690600,0,1
206.908768400,1,1
206.908777200,0,1
206.908785800,1,1
206.908794400,0,1
206.908820400,1,1
206.908829000,0,1
206.908837800,1,1
206.908863600,0,1
206.908872400,1,1
206.908889600,0,1
206.908898200,1,1
206.908907000,0,1
206.908924200,1,1
206.933849600,1,0
206.933866800,1,1
206.933944800,1,0
206.933953400,1,1
206.934040200,1,0
206.934048800,1,1
206.934074800,1,0
206.934118000,1,1
206.934135400,1,0
206.934213200,1,1
206.934230600,1,0
206.934273800,1,1
206.934282600,1,0
206.934308600,1,1
206.934326000,1,0
206.934403800,1,1
206.934421200,1,0
206.934447200,1,1
206.934455800,1,0
206.934499200,1,1
206.934533800,1,0
206.934542400,1,1
206.934551200,1,0
206.934611800,1,1
206.934629200,1,0
206.934646400,1,1
206.934655200,1,0
206.934707000,1,1
206.934724400,1,0
206.934802200,1,1
206.934819600,1,0
206.934897600,1,1
206.934915000,1,0
206.934932200,1,1
206.934941000,1,0
206.934992800,1,1
206.935010200,1,0
206.935018800,1,1
206.935027600,1,0
206.935088000,1,1
206.935105400,1,0
206.935183400,1,1
206.935200800,1,0
206.935209400,1,1
206.935226800,1,0
206.935278600,1,1
206.935296000,1,0
206.935304600,1,1
206.935313400,1,0
206.935374000,1,1
206.935408600,1,0
206.935486600,1,1
206.935504000,1,0
206.935529800,1,1
206.935538600,1,0
206.935581800,1,1
206.935599200,1,0
206.935607800,1,1
206.935616600,1,0
206.935677000,1,1
206.935694600,1,0
206.935772400,1,1
206.935789800,1,0
206.935867600,1,1
206.935885000,1,0
206.935893600,1,1
206.935902400,1,0
206.935911000,1,1
206.935919800,1,0
206.935928200,1,1
206.935937000,1,0
206.935945600,1,1
206.935954400,1,0
206.935963000,1,1
206.935980400,1,0
206.935989000,1,1
206.935997600,1,0
206.936006200,1,1
206.936015000,1,0
206.936023600,1,1
206.936032400,1,0
206.936040800,1,1
206.936049600,1,0
206.936058200,1,1
207.885850800,0,1
207.885868000,1,1
207.885937400,0,1
207.885946000,1,1
207.886023800,0,1
207.886049800,1,1
207.886058400,0,1
207.886101800,1,1
207.886110400,0,1
207.886188200,1,1
207.886197000,0,1
207.886214200,1,1
207.886222800,0,1
207.886274800,1,1
207.886283400,0,1
207.886300800,1,1
207.886309400,0,1
207.886361400,1,1
207.886370000,0,1
207.886447800,1,1
207.886456600,0,1
207.886465200,1,1
207.886482600,0,1
207.886491200,1,1
207.886525800,0,1
207.886534400,1,1
207.886543000,0,1
207.886551800,1,1
207.886560400,0,1
207.886569000,1,1
207.886586400,0,1
207.886595000,1,1
207.886612400,0,1
207.886621000,1,1
207.911152600,1,0
207.911169800,1,1
207.911247800,1,0
207.911256400,1,1
207.911343000,1,0
207.911351600,1,1
207.911377600,1,0
207.911421000,1,1
207.911447000,1,0
207.911524800,1,1
207.911542200,1,0
207.911550800,1,1
207.911559600,1,0
207.911568200,1,1
207.911585600,1,0
207.911620200,1,1
207.911637600,1,0
207.911715400,1,1
207.911732800,1,0
207.911750000,1,1
207.911758800,1,0
207.911810600,1,1
207.911828000,1,0
207.911836600,1,1
207.911845400,1,0
207.911906000,1,1
207.911923400,1,0
207.911940600,1,1
207.911949400,1,0
207.912001200,1,1
207.912018600,1,0
207.912096400,1,1
207.912113800,1,0
207.912191800,1,1
207.912209200,1,0
207.912226400,1,1
207.912235200,1,0
207.912287000,1,1
207.912321800,1,0
207.912330200,1,1
207.912339000,1,0
207.912399600,1,1
207.912417000,1,0
207.912442800,1,1
207.912451600,1,0
207.912494800,1,1
207.912512200,1,0
207.912520800,1,1
207.912538200,1,0
207.912590200,1,1
207.912607600,1,0
207.912616200,1,1
207.912624800,1,0
207.912685400,1,1
207.912702800,1,0
207.912711400,1,1
207.912720200,1,0
207.912780600,1,1
207.912798000,1,0
207.912876000,1,1
207.912893400,1,0
207.912902000,1,1
207.912919400,1,0
207.912928000,1,1
207.912945400,1,0
207.912971200,1,1
207.912988600,1,0
207.912997200,1,1
207.913006000,1,0
207.913014600,1,1
207.913049200,1,0
207.913057800,1,1
207.913638000,0,1
207.913655400,1,1
207.913724600,0,1
207.913733200,1,1
207.913811200,0,1
207.913837200,1,1
207.913845800,0,1
207.913889000,1,1
207.913897800,0,1
207.913975600,1,1
207.913984200,0,1
207.914001600,1,1
207.914010200,0,1
207.914062200,1,1
207.914070800,0,1
207.914079400,1,1
207.914096800,0,1
207.914148600,1,1
207.914157400,0,1
207.914235200,1,1
207.914243800,0,1
207.914278400,1,1
207.914287200,0,1
207.914304400,1,1
207.914313000,0,1
207.914321800,1,1
207.914330400,0,1
207.914356400,1,1
207.914382400,0,1
207.914391000,1,1
207.914399600,0,1
207.914408200,1,1
207.936989000,1,0
207.937006200,1,1
207.937084200,1,0
207.937092800,1,1
207.937179600,1,0
207.937188000,1,1
207.937214200,1,0
207.937257400,1,1
207.937274800,1,0
207.937352600,1,1
207.937370200,1,0
207.937430600,1,1
207.937439400,1,0
207.937448000,1,1
207.937491400,1,0
207.937569200,1,1
207.937586600,1,0
207.937595200,1,1
207.937612600,1,0
207.937664600,1,1
207.937682000,1,0
207.937690600,1,1
207.937699200,1,0
207.937759800,1,1
207.937777200,1,0
207.937794400,1,1
207.937803200,1,0
207.937855200,1,1
207.937872600,1,0
207.937950400,1,1
207.937985200,1,0
207.938063000,1,1
207.938080400,1,0
207.938097600,1,1
207.938106400,1,0
207.938158400,1,1
207.938175800,1,0
207.938184400,1,1
207.938193000,1,0
207.938253600,1,1
207.938271000,1,0
207.938279600,1,1
207.938288400,1,0
207.938349000,1,1
207.938366400,1,0
207.938375000,1,1
207.938392400,1,0
207.938444200,1,1
207.938461600,1,0
207.938470200,1,1
207.938479000,1,0
207.938539600,1,1
207.938557000,1,0
207.938634800,1,1
207.938652200,1,0
207.938678200,1,1
207.938686800,1,0
207.938730200,1,1
207.938747600,1,0
207.938756200,1,1
207.938764800,1,0
207.938825400,1,1
207.938860200,1,0
207.938868800,1,1
207.938886200,1,0
207.938894800,1,1
207.938929400,1,0
207.938938000,1,1
207.938955400,1,0
207.938964000,1,1
207.938972800,1,0
207.938981400,1,1
207.938990000,1,0
207.939033400,1,1
207.939050800,1,0
207.939059400,1,1
207.939068000,1,0
207.939128600,1,1
207.939146000,1,0
207.939154600,1,1
207.939172000,1,0
207.939180600,1,1
207.939215400,1,0
207.939224000,1,1
207.939241400,1,0
207.939258600,1,1
207.939267400,1,0
207.939275800,1,1
207.939284600,1,0
207.939319200,1,1
207.939336600,1,0
207.939345200,1,1
207.939354000,1,0
207.939414400,1,1
207.939431800,1,0
207.939449200,1,1
207.939457800,1,0
207.939509800,1,1
207.939527200,1,0
207.939553000,1,1
207.939570400,1,0
207.939605000,1,1
207.939622400,1,0
207.939631000,1,1
207.939639800,1,0
207.939700400,1,1
207.939717800,1,0
207.939795600,1,1
207.939813000,1,0
207.939821600,1,1
207.939830400,1,0
207.939839000,1,1
207.939856400,1,0
207.939890800,1,1
207.939908400,1,0
207.939916800,1,1
207.939925600,1,0
207.939986200,1,1
207.940003600,1,0
207.940029400,1,1
207.940038200,1,0
207.940081400,1,1
207.940107600,1,0
207.940150800,1,1
207.940159600,1,0
207.940185400,1,1
207.940202800,1,0
207.940211400,1,1
207.940220200,1,0
207.940280800,1,1
207.940298200,1,0
207.940376000,1,1
207.940393400,1,0
207.940402000,1,1
207.940410800,1,0
207.940436600,1,1
207.940445400,1,0
207.940471200,1,1
207.940488600,1,0
207.940506000,1,1
207.940514600,1,0
207.940566600,1,1
207.940584000,1,0
207.940661800,1,1
207.940679200,1,0
207.940757200,1,1
207.940774600,1,0
207.940826400,1,1
207.940835200,1,0
207.940852400,1,1
207.940869800,1,0
207.940878400,1,1
207.940887200,1,0
207.940947800,1,1
207.940965200,1,0
207.940973600,1,1
207.940991200,1,0
207.940999600,1,1
207.941008400,1,0
207.941043000,1,1
207.941060400,1,0
207.941069000,1,1
207.941077800,1,0
207.941112400,1,1
207.941121000,1,0
207.941138200,1,1
207.941155800,1,0
207.941173000,1,1
207.941181600,1,0
207.941233600,1,1
207.941251000,1,0
207.941328800,1,1
207.941363600,1,0
207.941372200,1,1
207.941381000,1,0
207.941389400,1,1
207.941398200,1,0
207.941406800,1,1
207.941415600,1,0
207.941424200,1,1
207.941432800,1,0
207.941441400,1,1
207.941458800,1,0
207.941476000,1,1
207.941484800,1,0
207.941493400,1,1
207.941502200,1,0
207.941510800,1,1
207.941519600,1,0
207.941536800,1,1
207.941554200,1,0
207.941562800,1,1
207.941571400,1,0
207.941632000,1,1
207.941649400,1,0
207.941658000,1,1
207.941666800,1,0
207.941727200,1,1
207.941744800,1,0
207.941753200,1,1
207.941770600,1,0
207.941779200,1,1
207.941788000,1,0
207.941796600,1,1
207.941805400,1,0
207.941822600,1,1
207.941840000,1,0
207.941848600,1,1
207.941857400,1,0
207.941917800,1,1
207.941935200,1,0
207.941943800,1,1
207.941952600,1,0
207.942013200,1,1
207.942030600,1,0
207.942056400,1,1
207.942073800,1,0
207.942082400,1,1
207.942091200,1,0
207.942108400,1,1
207.942125800,1,0
207.942134400,1,1
207.942143200,1,0
207.942203600,1,1
207.942221000,1,0
207.942247000,1,1
207.942255800,1,0
207.942299000,1,1
207.942316400,1,0
207.942359600,1,1
207.942377000,1,0
207.942394200,1,1
207.942411600,1,0
207.942420200,1,1
207.942429000,1,0
207.942489400,1,1
207.942506800,1,0
207.942532800,1,1
207.942541600,1,0
207.942558800,1,1
207.942576200,1,0
207.942584800,1,1
207.942619400,1,0
207.942645400,1,1
207.942654200,1,0
207.942662800,1,1
207.942680200,1,0
207.942697400,1,1
207.942714800,1,0
207.942723400,1,1
207.942732000,1,0
207.942792600,1,1
207.942810000,1,0
207.942888000,1,1
207.942905400,1,0
207.942922600,1,1
207.942940000,1,0
207.942948600,1,1
207.942966000,1,0
207.942983200,1,1
207.943000600,1,0
207.943009200,1,1
207.943018000,1,0
207.943078400,1,1
207.943095800,1,0
207.943173800,1,1
207.943191200,1,0
207.943251600,1,1
207.943260400,1,0
207.943269000,1,1
207.943286400,1,0
207.943303600,1,1
207.943312400,1,0
207.943364200,1,1
207.943381600,1,0
207.943459600,1,1
207.943494200,1,0
207.943572200,1,1
207.943589600,1,0
207.943667400,1,1
207.943684800,1,0
207.943710600,1,1
207.943719400,1,0
207.943728000,1,1
207.943736800,1,0
207.943745400,1,1
207.943754000,1,0
207.943762600,1,1
207.943780000,1,0
207.943788600,1,1
207.943797400,1,0
207.943806000,1,1
207.943840800,1,0
207.943849200,1,1
207.959979200,0,1
207.959996400,1,1
207.960065600,0,1
207.960074400,1,1
207.960152200,0,1
207.960178200,1,1
207.960186800,0,1
207.960230200,1,1
207.960238800,0,1
207.960316600,1,1
207.960325400,0,1
207.960342600,1,1
207.960351200,0,1
207.960403200,1,1
207.960411800,0,1
207.960437800,1,1
207.960446400,0,1
207.960489800,1,1
207.960498400,0,1
207.960576200,1,1
207.960585000,0,1
207.960593600,1,1
207.960602200,0,1
207.960628200,1,1
207.960636800,0,1
207.960645400,1,1
207.960671400,0,1
207.960680200,1,1
207.960697400,0,1
207.960706000,1,1
207.960714800,0,1
207.960732000,1,1
207.981490200,1,0
207.981507400,1,1
207.981585400,1,0
207.981594000,1,1
207.981680600,1,0
207.981689200,1,1
207.981715200,1,0
207.981758600,1,1
207.981776000,1,0
207.981853800,1,1
207.981871200,1,0
207.981914400,1,1
207.981923200,1,0
207.981949000,1,1
207.981966400,1,0
207.982044400,1,1
207.982061800,1,0
207.982087600,1,1
207.982096400,1,0
207.982139600,1,1
207.982157000,1,0
207.982165600,1,1
207.982174400,1,0
207.982235000,1,1
207.982252400,1,0
207.982269600,1,1
207.982278400,1,0
207.982330200,1,1
207.982347600,1,0
207.982425400,1,1
207.982442800,1,0
207.982520800,1,1
207.982555400,1,0
207.982572600,1,1
207.982581400,1,0
207.982633400,1,1
207.982650800,1,0
207.982659200,1,1
207.982668000,1,0
207.982728600,1,1
207.982746000,1,0
207.982823800,1,1
207.982841200,1,0
207.982849800,1,1
207.982867200,1,0
207.982919200,1,1
207.982936600,1,0
207.982945200,1,1
207.982953800,1,0
207.983014400,1,1
207.983031800,1,0
207.983109800,1,1
207.983127200,1,0
207.983153000,1,1
207.983161800,1,0
207.983205000,1,1
207.983222400,1,0
207.983231000,1,1
207.983239800,1,0
207.983300200,1,1
207.983317800,1,0
207.983395600,1,1
207.983430400,1,0
207.983508200,1,1
207.983525600,1,0
207.983534200,1,1
207.983543000,1,0
207.983551400,1,1
207.983560200,1,0
207.983568800,1,1
207.983577600,1,0
207.983586200,1,1
207.983595000,1,0
207.983603400,1,1
207.983620800,1,0
207.983629400,1,1
207.983638200,1,0
207.983646800,1,1
207.983655600,1,0
207.983664200,1,1
207.983672800,1,0
207.983681400,1,1
207.983690200,1,0
207.983698800,1,1
208.933859600,0,1
208.933876800,1,1
208.933946000,0,1
208.933954800,1,1
208.934032600,0,1
208.934058600,1,1
208.934067200,0,1
208.934110400,1,1
208.934119200,0,1
208.934197000,1,1
208.934205600,0,1
208.934223000,1,1
208.934231600,0,1
208.934283600,1,1
208.934292200,0,1
208.934309600,1,1
208.934318200,0,1
208.934370200,1,1
208.934378800,0,1
208.934456600,1,1
208.934465400,0,1
208.934474000,1,1
208.934491200,0,1
208.934500000,1,1
208.934534600,0,1
208.934543200,1,1
208.934551800,0,1
208.934560400,1,1
208.934569200,0,1
208.934577800,1,1
208.934595200,0,1
208.934603800,1,1
208.934621000,0,1
208.934629800,1,1
208.958719200,1,0
208.958736400,1,1
208.958814400,1,0
208.958823000,1,1
208.958909600,1,0
208.958918200,1,1
208.958944200,1,0
208.958987600,1,1
208.959005000,1,0
208.959082800,1,1
208.959108800,1,0
208.959117400,1,1
208.959126200,1,0
208.959134800,1,1
208.959152200,1,0
208.959186600,1,1
208.959204200,1,0
208.959282000,1,1
208.959299400,1,0
208.959316600,1,1
208.959325400,1,0
208.959377200,1,1
208.959394600,1,0
208.959403200,1,1
208.959412000,1,0
208.959472600,1,1
208.959490000,1,0
208.959507200,1,1
208.959516000,1,0
208.959567800,1,1
208.959602600,1,0
208.959680400,1,1
208.959697800,1,0
208.959775600,1,1
208.959793000,1,0
208.959810200,1,1
208.959819000,1,0
208.959871000,1,1
208.959888400,1,0
208.959897000,1,1
208.959905600,1,0
208.959966200,1,1
208.959983600,1,0
208.960009600,1,1
208.960018200,1,0
208.960061400,1,1
208.960079000,1,0
208.960087400,1,1
208.960104800,1,0
208.960156800,1,1
208.960174200,1,0
208.960182800,1,1
208.960191400,1,0
208.960252000,1,1
208.960269400,1,0
208.960278000,1,1
208.960286800,1,0
208.960347400,1,1
208.960364800,1,0
208.960442600,1,1
208.960460000,1,0
208.960468600,1,1
208.960486000,1,0
208.960494600,1,1
208.960512000,1,0
208.960537800,1,1
208.960555200,1,0
208.960563800,1,1
208.960572600,1,0
208.960581200,1,1
208.960616000,1,0
208.960624400,1,1
208.962962200,0,1
208.962979600,1,1
208.963048800,0,1
208.963057400,1,1
208.963135400,0,1
208.963161200,1,1
208.963170000,0,1
208.963213200,1,1
208.963221800,0,1
208.963299800,1,1
208.963308400,0,1
208.963325600,1,1
208.963334400,0,1
208.963386200,1,1
208.963395000,0,1
208.963403600,1,1
208.963420800,0,1
208.963472800,1,1
208.963481400,0,1
208.963559400,1,1
208.963568000,0,1
208.963602600,1,1
208.963611200,0,1
208.963628600,1,1
208.963637200,0,1
208.963645800,1,1
208.963654600,0,1
208.963680400,1,1
208.963706400,0,1
208.963715200,1,1
208.963723800,0,1
208.963732400,1,1
208.989449400,1,0
208.989466600,1,1
208.989544600,1,0
208.989553200,1,1
208.989657200,1,0
208.989665800,1,1
208.989692000,1,0
208.989735200,1,1
208.989752600,1,0
208.989830400,1,1
208.989847800,1,0
208.989908400,1,1
208.989917200,1,0
208.989925800,1,1
208.989943200,1,0
208.990021000,1,1
208.990038400,1,0
208.990047000,1,1
208.990064400,1,0
208.990116200,1,1
208.990133600,1,0
208.990142200,1,1
208.990151000,1,0
208.990211600,1,1
208.990229000,1,0
208.990246200,1,1
208.990255000,1,0
208.990306800,1,1
208.990324200,1,0
208.990402200,1,1
208.990419600,1,0
208.990497400,1,1
208.990532200,1,0
208.990549400,1,1
208.990558200,1,0
208.990610000,1,1
208.990627400,1,0
208.990636000,1,1
208.990644800,1,0
208.990705200,1,1
208.990722600,1,0
208.990731200,1,1
208.990740000,1,0
208.990800600,1,1
208.990818000,1,0
208.990826600,1,1
208.990844000,1,0
208.990895800,1,1
208.990913200,1,0
208.990921800,1,1
208.990930600,1,0
208.990991000,1,1
208.991008600,1,0
208.991086400,1,1
208.991103800,1,0
208.991129600,1,1
208.991138400,1,0
208.991181600,1,1
208.991199000,1,0
208.991207600,1,1
208.991216400,1,0
208.991277000,1,1
208.991294400,1,0
208.991302800,1,1
208.991320400,1,0
208.991328800,1,1
208.991363600,1,0
208.991372200,1,1
208.991407000,1,0
208.991415400,1,1
208.991424200,1,0
208.991432800,1,1
208.991441600,1,0
208.991484800,1,1
208.991502200,1,0
208.991510800,1,1
208.991519600,1,0
208.991580000,1,1
208.991597400,1,0
208.991606000,1,1
208.991623400,1,0
208.991632000,1,1
208.991666800,1,0
208.991675400,1,1
208.991692800,1,0
208.991710000,1,1
208.991718800,1,0
208.991727400,1,1
208.991736000,1,0
208.991770600,1,1
208.991788000,1,0
208.991796600,1,1
208.991805400,1,0
208.991866000,1,1
208.991883400,1,0
208.991900600,1,1
208.991909400,1,0
208.991961200,1,1
208.991978600,1,0
208.992004600,1,1
208.992022000,1,0
208.992056600,1,1
208.992117200,1,0
208.992125800,1,1
208.992134600,1,0
208.992195000,1,1
208.992212400,1,0
208.992290400,1,1
208.992307800,1,0
208.992316400,1,1
208.992325000,1,0
208.992333600,1,1
208.992351000,1,0
208.992385600,1,1
208.992403000,1,0
208.992411600,1,1
208.992420400,1,0
208.992480800,1,1
208.992498400,1,0
208.992524200,1,1
208.992533000,1,0
208.992576200,1,1
208.992593600,1,0
208.992636800,1,1
208.992645600,1,0
208.992671400,1,1
208.992732200,1,0
208.992740600,1,1
208.992749400,1,0
208.992810000,1,1
208.992827400,1,0
208.992905200,1,1
208.992922600,1,0
208.992931200,1,1
208.992940000,1,0
208.992965800,1,1
208.992974600,1,0
208.993000600,1,1
208.993035200,1,0
208.993052400,1,1
208.993061200,1,0
208.993113200,1,1
208.993130600,1,0
208.993208400,1,1
208.993225800,1,0
208.993303600,1,1
208.993321000,1,0
208.993373000,1,1
208.993381800,1,0
208.993399000,1,1
208.993416400,1,0
208.993425000,1,1
208.993433600,1,0
208.993494200,1,1
208.993511600,1,0
208.993520200,1,1
208.993537600,1,0
208.993546200,1,1
208.993555000,1,0
208.993589400,1,1
208.993606800,1,0
208.993615400,1,1
208.993624200,1,0
208.993658800,1,1
208.993667400,1,0
208.993684800,1,1
208.993702200,1,0
208.993719400,1,1
208.993728200,1,0
208.993780000,1,1
208.993797400,1,0
208.993875200,1,1
208.993910000,1,0
208.993918600,1,1
208.993944600,1,0
208.993953200,1,1
208.993962000,1,0
208.993970600,1,1
208.993979400,1,0
208.993987800,1,1
208.994005400,1,0
208.994022600,1,1
208.994031200,1,0
208.994039800,1,1
208.994048600,1,0
208.994057200,1,1
208.994066000,1,0
208.994083200,1,1
208.994100600,1,0
208.994109200,1,1
208.994117800,1,0
208.994178400,1,1
208.994195800,1,0
208.994204400,1,1
208.994213200,1,0
208.994273800,1,1
208.994291200,1,0
208.994299600,1,1
208.994317000,1,0
208.994325600,1,1
208.994334400,1,0
208.994343000,1,1
208.994351800,1,0
208.994369000,1,1
208.994386400,1,0
208.994395000,1,1
208.994403800,1,0
208.994464200,1,1
208.994481600,1,0
208.994490200,1,1
208.994499000,1,0
208.994559400,1,1
208.994577000,1,0
208.994602800,1,1
208.994620200,1,0
208.994628800,1,1
208.994637600,1,0
208.994654800,1,1
208.994672200,1,0
208.994680800,1,1
208.994689400,1,0
208.994750000,1,1
208.994784800,1,0
208.994810600,1,1
208.994819400,1,0
208.994862600,1,1
208.994880000,1,0
208.994923200,1,1
208.994940600,1,0
208.994957800,1,1
208.994975400,1,0
208.994983800,1,1
208.994992600,1,0
208.995053200,1,1
208.995070600,1,0
208.995096400,1,1
208.995105200,1,0
208.995122400,1,1
208.995139800,1,0
208.995148400,1,1
208.995165800,1,0
208.995191800,1,1
208.995200400,1,0
208.995209000,1,1
208.995226400,1,0
208.995243600,1,1
208.995261000,1,0
208.995269600,1,1
208.995278400,1,0
208.995339000,1,1
208.995356400,1,0
208.995434200,1,1
208.995451600,1,0
208.995468800,1,1
208.995486200,1,0
208.995494800,1,1
208.995512200,1,0
208.995529400,1,1
208.995546800,1,0
208.995555400,1,1
208.995564200,1,0
208.995624800,1,1
208.995642200,1,0
208.995720000,1,1
208.995737400,1,0
208.995798000,1,1
208.995806600,1,0
208.995815200,1,1
208.995832600,1,0
208.995849800,1,1
208.995858600,1,0
208.995910400,1,1
208.995928000,1,0
208.996005800,1,1
208.996040400,1,0
208.996118400,1,1
208.996135800,1,0
208.996213600,1,1
208.996231000,1,0
208.996248200,1,1
208.996257000,1,0
208.996265600,1,1
208.996291600,1,0
208.996308800,1,1
208.996326200,1,0
208.996334800,1,1
208.996352200,1,0
208.996360800,1,1
208.996386800,1,0
208.996395400,1,1
209.009969600,0,1
209.009987000,1,1
209.010056200,0,1
209.010064800,1,1
209.010142800,0,1
209.010168600,1,1
209.010177400,0,1
209.010220600,1,1
209.010229200,0,1
209.010307200,1,1
209.010315800,0,1
209.010333000,1,1
209.010341800,0,1
209.010393600,1,1
209.010402400,0,1
209.010428200,1,1
209.010437000,0,1
209.010480200,1,1
209.010488800,0,1
209.010566800,1,1
209.010575400,0,1
209.010584000,1,1
209.010592800,0,1
209.010618600,1,1
209.010627400,0,1
209.010636000,1,1
209.010662000,0,1
209.010670600,1,1
209.010687800,0,1
209.010696600,1,1
209.010705200,0,1
209.010722600,1,1
209.033894400,1,0
209.033911800,1,1
209.033989800,1,0
209.033998400,1,1
209.034085000,1,0
209.034093600,1,1
209.034119600,1,0
209.034162800,1,1
209.034180200,1,0
209.034258000,1,1
209.034275600,1,0
209.034318800,1,1
209.034327400,1,0
209.034353400,1,1
209.034370800,1,0
209.034448600,1,1
209.034483400,1,0
209.034509200,1,1
209.034518000,1,0
209.034561200,1,1
209.034578600,1,0
209.034587200,1,1
209.034595800,1,0
209.034656400,1,1
209.034673800,1,0
209.034691000,1,1
209.034699800,1,0
209.034751600,1,1
209.034769000,1,0
209.034846800,1,1
209.034864200,1,0
209.034942200,1,1
209.034959600,1,0
209.034976800,1,1
209.034985600,1,0
209.035037400,1,1
209.035054800,1,0
209.035063400,1,1
209.035072000,1,0
209.035132600,1,1
209.035150000,1,0
209.035227800,1,1
209.035245200,1,0
209.035253800,1,1
209.035271200,1,0
209.035323200,1,1
209.035357800,1,0
209.035366400,1,1
209.035375200,1,0
209.035435600,1,1
209.035453200,1,0
209.035531000,1,1
209.035548400,1,0
209.035574200,1,1
209.035583000,1,0
209.035626200,1,1
209.035643600,1,0
209.035652200,1,1
209.035661000,1,0
209.035721400,1,1
209.035738800,1,0
209.035816800,1,1
209.035834200,1,0
209.035912000,1,1
209.035929400,1,0
209.035938000,1,1
209.035946800,1,0
209.035955200,1,1
209.035964000,1,0
209.035972600,1,1
209.035981400,1,0
209.035990000,1,1
209.035998600,1,0
209.036007200,1,1
209.036024600,1,0
209.036033200,1,1
209.036042000,1,0
209.036050600,1,1
209.036059200,1,0
209.036067800,1,1
209.036076600,1,0
209.036085200,1,1
209.036094000,1,0
209.036102400,1,1
209.935830200,0,1
209.935847400,1,1
209.935916600,0,1
209.935925400,1,1
209.936003200,0,1
209.936029200,1,1
209.936037800,0,1
209.936081200,1,1
209.936089800,0,1
209.936167600,1,1
209.936176400,0,1
209.936193600,1,1
209.936202200,0,1
209.936254200,1,1
209.936262800,0,1
209.936280200,1,1
209.936288800,0,1
209.936340800,1,1
209.936349400,0,1
209.936427200,1,1
209.936436000,0,1
209.936444600,1,1
209.936461800,0,1
209.936470600,1,1
209.936505200,0,1
209.936513800,1,1
209.936522400,0,1
209.936531200,1,1
209.936539800,0,1
209.936548400,1,1
209.936565800,0,1
209.936574400,1,1
209.936591600,0,1
209.936600400,1,1
209.961186800,1,0
209.961204000,1,1
209.961282000,1,0
209.961290600,1,1
209.961377400,1,0
209.961386000,1,1
209.961412000,1,0
209.961455200,1,1
209.961472600,1,0
209.961550600,1,1
209.961568000,1,0
209.961576400,1,1
209.961585200,1,0
209.961593800,1,1
209.961611200,1,0
209.961645800,1,1
209.961663200,1,0
209.961741000,1,1
209.961758400,1,0
209.961775800,1,1
209.961784400,1,0
209.961836400,1,1
209.961853800,1,0
209.961862400,1,1
209.961871000,1,0
209.961931600,1,1
209.961949000,1,0
209.961966200,1,1
209.961975000,1,0
209.962027000,1,1
209.962044400,1,0
209.962122200,1,1
209.962157000,1,0
209.962234800,1,1
209.962252200,1,0
209.962269400,1,1
209.962278200,1,0
209.962330000,1,1
209.962347400,1,0
209.962356000,1,1
209.962364800,1,0
209.962425200,1,1
209.962442800,1,0
209.962468600,1,1
209.962477400,1,0
209.962520600,1,1
209.962538000,1,0
209.962546600,1,1
209.962564000,1,0
209.962615800,1,1
209.962633200,1,0
209.962641800,1,1
209.962650600,1,0
209.962711000,1,1
209.962728600,1,0
209.962737000,1,1
209.962745800,1,0
209.962806400,1,1
209.962823800,1,0
209.962901600,1,1
209.962919000,1,0
209.962927600,1,1
209.962945000,1,0
209.962953600,1,1
209.962971000,1,0
209.962996800,1,1
209.963014400,1,0
209.963022800,1,1
209.963031600,1,0
209.963040200,1,1
209.963075000,1,0
209.963083600,1,1
209.963652000,0,1
209.963669400,1,1
209.963738600,0,1
209.963747200,1,1
209.963825200,0,1
209.963851200,1,1
209.963859800,0,1
209.963903000,1,1
209.963911800,0,1
209.963989600,1,1
209.963998200,0,1
209.964015600,1,1
209.964024200,0,1
209.964076200,1,1
209.964084800,0,1
209.964093400,1,1
209.964110800,0,1
209.964162600,1,1
209.964171400,0,1
209.964249200,1,1
209.964257800,0,1
209.964292400,1,1
209.964301200,0,1
209.964318400,1,1
209.964327000,0,1
209.964335800,1,1
209.964344400,0,1
209.964370400,1,1
209.964396400,0,1
209.964405000,1,1
209.964413600,0,1
209.964422200,1,1
209.986910400,1,0
209.986927600,1,1
209.987005800,1,0
209.987014200,1,1
209.987101000,1,0
209.987109600,1,1
209.987135600,1,0
209.987178800,1,1
209.987205000,1,0
209.987282800,1,1
209.987300200,1,0
209.987360800,1,1
209.987369600,1,0
209.987378000,1,1
209.987395400,1,0
209.987473400,1,1
209.987490800,1,0
209.987499400,1,1
209.987516800,1,0
209.987568600,1,1
209.987586000,1,0
209.987594600,1,1
209.987603400,1,0
209.987663800,1,1
209.987681400,1,0
209.987698600,1,1
209.987707200,1,0
209.987759200,1,1
209.987776600,1,0
209.987854400,1,1
209.987871800,1,0
209.987949800,1,1
209.987967200,1,0
209.987984400,1,1
209.987993200,1,0
209.988045000,1,1
209.988079800,1,0
209.988088400,1,1
209.988097000,1,0
209.988157600,1,1
209.988175000,1,0
209.988183600,1,1
209.988192400,1,0
209.988252800,1,1
209.988270200,1,0
209.988278800,1,1
209.988296200,1,0
209.988348200,1,1
209.988365600,1,0
209.988374000,1,1
209.988382800,1,0
209.988443400,1,1
209.988460800,1,0
209.988538600,1,1
209.988556000,1,0
209.988582000,1,1
209.988590800,1,0
209.988634000,1,1
209.988651400,1,0
209.988660000,1,1
209.988668600,1,0
209.988729200,1,1
209.988746600,1,0
209.988755200,1,1
209.988772600,1,0
209.988781200,1,1
209.988816000,1,0
209.988824400,1,1
209.988841800,1,0
209.988850400,1,1
209.988859200,1,0
209.988867800,1,1
209.988876600,1,0
209.988919800,1,1
209.988954400,1,0
209.988963000,1,1
209.988971800,1,0
209.989032400,1,1
209.989049800,1,0
209.989058400,1,1
209.989075800,1,0
209.989084400,1,1
209.989119000,1,0
209.989127600,1,1
209.989145000,1,0
209.989162200,1,1
209.989171000,1,0
209.989179600,1,1
209.989188400,1,0
209.989222800,1,1
209.989240400,1,0
209.989248800,1,1
209.989257600,1,0
209.989318200,1,1
209.989335600,1,0
209.989352800,1,1
209.989361600,1,0
209.989413400,1,1
209.989430800,1,0
209.989456800,1,1
209.989474200,1,0
209.989508800,1,1
209.989526200,1,0
209.989534600,1,1
209.989543400,1,0
209.989604000,1,1
209.989621400,1,0
209.989699200,1,1
209.989716600,1,0
209.989725200,1,1
209.989734000,1,0
209.989742600,1,1
209.989760000,1,0
209.989794600,1,1
209.989838000,1,0
209.989846600,1,1
209.989855200,1,0
209.989915800,1,1
209.989933200,1,0
209.989959200,1,1
209.989967800,1,0
209.990011000,1,1
209.990028600,1,0
209.990071800,1,1
209.990080400,1,0
209.990106400,1,1
209.990123800,1,0
209.990132400,1,1
209.990141000,1,0
209.990201600,1,1
209.990219000,1,0
209.990297000,1,1
209.990331600,1,0
209.990340200,1,1
209.990349000,1,0
209.990374800,1,1
209.990383600,1,0
209.990409600,1,1
209.990427000,1,0
209.990444200,1,1
209.990453000,1,0
209.990504800,1,1
209.990582800,1,0
209.990660600,1,1
209.990678000,1,0
209.990756000,1,1
209.990773400,1,0
209.990825200,1,1
209.990834000,1,0
209.990851200,1,1
209.990868600,1,0
209.990877200,1,1
209.990886000,1,0
209.990946400,1,1
209.990963800,1,0
209.990972400,1,1
209.990989800,1,0
209.990998400,1,1
209.991007200,1,0
209.991041800,1,1
209.991059200,1,0
209.991067600,1,1
209.991076400,1,0
209.991111000,1,1
209.991119800,1,0
209.991137000,1,1
209.991154400,1,0
209.991171600,1,1
209.991180400,1,0
209.991232200,1,1
209.991249600,1,0
209.991327400,1,1
209.991344800,1,0
209.991362200,1,1
209.991370800,1,0
209.991379400,1,1
209.991396800,1,0
209.991405400,1,1
209.991414200,1,0
209.991422800,1,1
209.991457400,1,0
209.991474800,1,1
209.991483400,1,0
209.991492000,1,1
209.991500800,1,0
209.991509400,1,1
209.991518000,1,0
209.991535400,1,1
209.991552800,1,0
209.991561400,1,1
209.991570000,1,0
209.991630600,1,1
209.991648000,1,0
209.991656600,1,1
209.991665400,1,0
209.991725800,1,1
209.991743200,1,0
209.991751800,1,1
209.991769200,1,0
209.991777800,1,1
209.991786600,1,0
209.991795200,1,1
209.991803800,1,0
209.991821200,1,1
209.991838600,1,0
209.991847200,1,1
209.991855800,1,0
209.991916400,1,1
209.991933800,1,0
209.991942400,1,1
209.991951200,1,0
209.992011600,1,1
209.992029000,1,0
209.992055000,1,1
209.992072400,1,0
209.992081000,1,1
209.992089600,1,0
209.992107000,1,1
209.992124400,1,0
209.992133000,1,1
209.992141600,1,0
209.992202200,1,1
209.992219600,1,0
209.992245600,1,1
209.992254200,1,0
209.992297400,1,1
209.992332200,1,0
209.992375400,1,1
209.992392800,1,0
209.992410000,1,1
209.992427400,1,0
209.992436000,1,1
209.992444800,1,0
209.992505400,1,1
209.992522800,1,0
209.992548600,1,1
209.992557400,1,0
209.992574600,1,1
209.992592000,1,0
209.992600600,1,1
209.992618000,1,0
209.992644000,1,1
209.992652600,1,0
209.992661200,1,1
209.992678600,1,0
209.992695800,1,1
209.992713400,1,0
209.992721800,1,1
209.992730600,1,0
209.992791200,1,1
209.992808600,1,0
209.992886400,1,1
209.992903800,1,0
209.992921000,1,1
209.992938600,1,0
209.992947000,1,1
209.992964400,1,0
209.992981800,1,1
209.992999200,1,0
209.993007800,1,1
209.993016400,1,0
209.993077000,1,1
209.993094400,1,0
209.993172200,1,1
209.993207000,1,0
209.993267600,1,1
209.993276200,1,0
209.993284800,1,1
209.993302200,1,0
209.993319600,1,1
209.993328200,1,0
209.993380200,1,1
209.993458200,1,0
209.993536000,1,1
209.993553400,1,0
209.993631200,1,1
209.993648800,1,0
209.993726600,1,1
209.993744000,1,0
209.993752600,1,1
209.993761200,1,0
209.993778600,1,1
209.993813200,1,0
209.993821800,1,1
209.993839200,1,0
209.993847800,1,1
209.993856600,1,0
209.993865200,1,1
209.993882600,1,0
209.993908400,1,1
210.013368200,0,1
210.013385400,1,1
210.013454600,0,1
210.013463400,1,1
210.013541200,0,1
210.013567200,1,1
210.013575800,0,1
210.013619000,1,1
210.013627800,0,1
210.013705600,1,1
210.013714200,0,1
210.013731600,1,1
210.013740200,0,1
210.013792200,1,1
210.013800800,0,1
210.013826800,1,1
210.013835400,0,1
210.013878800,1,1
210.013887400,0,1
210.013965200,1,1
210.013973800,0,1
210.013982600,1,1
210.013991200,0,1
210.014017200,1,1
210.014025800,0,1
210.014034400,1,1
210.014060400,0,1
210.014069000,1,1
210.014086400,0,1
210.014095000,1,1
210.014103800,0,1
210.014121000,1,1
210.036410800,1,0
210.036428000,1,1
210.036506000,1,0
210.036514600,1,1
210.036601400,1,0
210.036610000,1,1
210.036636000,1,0
210.036679200,1,1
210.036696600,1,0
210.036774400,1,1
210.036791800,1,0
210.036835000,1,1
210.036843800,1,0
210.036869800,1,1
210.036887200,1,0
210.036965000,1,1
210.036982400,1,0
210.037008400,1,1
210.037017000,1,0
210.037060200,1,1
210.037077600,1,0
210.037086200,1,1
210.037095000,1,0
210.037155600,1,1
210.037173000,1,0
210.037190200,1,1
210.037199000,1,0
210.037250800,1,1
210.037285600,1,0
210.037363400,1,1
210.037380800,1,0
210.037458600,1,1
210.037476000,1,0
210.037493400,1,1
210.037502000,1,0
210.037554000,1,1
210.037571400,1,0
210.037580000,1,1
210.037588600,1,0
210.037649200,1,1
210.037666600,1,0
210.037744600,1,1
210.037762000,1,0
210.037770400,1,1
210.037788000,1,0
210.037839800,1,1
210.037857200,1,0
210.037865800,1,1
210.037874600,1,0
210.037935000,1,1
210.037952400,1,0
210.038030400,1,1
210.038047800,1,0
210.038073600,1,1
210.038082400,1,0
210.038125600,1,1
210.038160400,1,0
210.038168800,1,1
210.038177600,1,0
210.038238200,1,1
210.038255600,1,0
210.038333400,1,1
210.038350800,1,0
210.038428600,1,1
210.038446200,1,0
210.038454600,1,1
210.038463400,1,0
210.038472000,1,1
210.038480800,1,0
210.038489400,1,1
210.038498000,1,0
210.038506600,1,1
210.038515400,1,0
210.038524000,1,1
210.038541400,1,0
210.038550000,1,1
210.038558800,1,0
210.038567200,1,1
210.038576000,1,0
210.038584600,1,1
210.038593400,1,0
210.038602000,1,1
210.038610600,1,0
210.038619200,1,1
210.937826800,0,1
210.937844000,1,1
210.937913200,0,1
210.937922000,1,1
210.937999800,0,1
210.938025800,1,1
210.938034400,0,1
210.938077800,1,1
210.938086400,0,1
210.938164200,1,1
210.938173000,0,1
210.938190200,1,1
210.938198800,0,1
210.938250800,1,1
210.938259400,0,1
210.938276800,1,1
210.938285400,0,1
210.938337400,1,1
210.938346000,0,1
210.938423800,1,1
210.938432600,0,1
210.938441200,1,1
210.938458400,0,1
210.938467200,1,1
210.938501800,0,1
210.938510400,1,1
210.938519000,0,1
210.938527800,1,1
210.938536400,0,1
210.938545000,1,1
210.938562400,0,1
210.938571000,1,1
210.938588200,0,1
210.938597000,1,1
210.963558000,1,0
210.963575200,1,1
210.963653200,1,0
210.963661800,1,1
210.963748600,1,0
210.963757200,1,1
210.963783200,1,0
210.963826400,1,1
210.963843800,1,0
210.963921800,1,1
210.963939200,1,0
210.963947800,1,1
210.963956400,1,0
210.963965000,1,1
210.963982400,1,0
210.964017000,1,1
210.964034400,1,0
210.964112400,1,1
210.964129800,1,0
210.964147000,1,1
210.964155800,1,0
210.964207600,1,1
210.964225000,1,0
210.964233600,1,1
210.964242400,1,0
210.964303000,1,1
210.964320400,1,0
210.964337600,1,1
210.964346400,1,0
210.964398200,1,1
210.964415600,1,0
210.964493600,1,1
210.964511000,1,0
210.964588800,1,1
210.964606200,1,0
210.964623400,1,1
210.964632200,1,0
210.964684200,1,1
210.964701600,1,0
210.964710200,1,1
210.964718800,1,0
210.964779400,1,1
210.964796800,1,0
210.964822800,1,1
210.964831600,1,0
210.964874800,1,1
210.964909400,1,0
210.964918000,1,1
210.964935400,1,0
210.964987400,1,1
210.965004800,1,0
210.965013400,1,1
210.965022200,1,0
210.965082600,1,1
210.965100000,1,0
210.965108600,1,1
210.965117400,1,0
210.965178000,1,1
210.965195400,1,0
210.965273200,1,1
210.965290800,1,0
210.965299200,1,1
210.965316600,1,0
210.965325200,1,1
210.965342600,1,0
210.965368600,1,1
210.965386000,1,0
210.965394600,1,1
210.965403400,1,0
210.965411800,1,1
210.965446600,1,0
210.965455200,1,1
210.966020800,0,1
210.966038200,1,1
210.966107400,0,1
210.966116000,1,1
210.966193800,0,1
210.966219800,1,1
210.966228600,0,1
210.966271800,1,1
210.966280400,0,1
210.966358400,1,1
210.966367000,0,1
210.966384200,1,1
210.966393000,0,1
210.966444800,1,1
210.966453600,0,1
210.966462200,1,1
210.966479400,0,1
210.966531400,1,1
210.966540000,0,1
210.966618000,1,1
210.966626600,0,1
210.966661200,1,1
210.966669800,0,1
210.966687200,1,1
210.966695800,0,1
210.966704400,1,1
210.966713200,0,1
210.966739000,1,1
210.966765000,0,1
210.966773600,1,1
210.966782400,0,1
210.966791000,1,1
210.989285000,1,0
210.989302200,1,1
210.989380200,1,0
210.989388800,1,1
210.989475400,1,0
210.989484000,1,1
210.989510200,1,0
210.989553400,1,1
210.989579400,1,0
210.989657400,1,1
210.989674800,1,0
210.989735200,1,1
210.989744000,1,0
210.989752600,1,1
210.989770000,1,0
210.989847800,1,1
210.989865200,1,0
210.989873800,1,1
210.989891200,1,0
210.989943200,1,1
210.989960600,1,0
210.989969200,1,1
210.989977800,1,0
210.990038400,1,1
210.990099200,1,0
210.990116400,1,1
210.990125200,1,0
210.990177000,1,1
210.990194400,1,0
210.990272400,1,1
210.990289800,1,0
210.990367600,1,1
210.990385000,1,0
210.990402200,1,1
210.990411000,1,0
210.990462800,1,1
210.990480400,1,0
210.990488800,1,1
210.990497600,1,0
210.990558200,1,1
210.990575600,1,0
210.990584200,1,1
210.990593000,1,0
210.990653400,1,1
210.990670800,1,0
210.990679400,1,1
210.990696800,1,0
210.990748800,1,1
210.990766200,1,0
210.990774800,1,1
210.990783400,1,0
210.990844000,1,1
210.990861400,1,0
210.990939400,1,1
210.990956800,1,0
210.990982600,1,1
210.990991400,1,0
210.991034600,1,1
210.991052000,1,0
210.991060600,1,1
210.991069400,1,0
210.991129800,1,1
210.991147200,1,0
210.991155800,1,1
210.991173200,1,0
210.991181800,1,1
210.991216600,1,0
210.991225200,1,1
210.991242600,1,0
210.991251200,1,1
210.991260000,1,0
210.991268400,1,1
210.991277200,1,0
210.991320400,1,1
210.991337800,1,0
210.991346400,1,1
210.991355200,1,0
210.991415800,1,1
210.991450400,1,0
210.991459000,1,1
210.991476400,1,0
210.991485000,1,1
210.991519800,1,0
210.991528400,1,1
210.991545800,1,0
210.991563000,1,1
210.991571800,1,0
210.991580200,1,1
210.991589000,1,0
210.991623600,1,1
210.991641000,1,0
210.991649600,1,1
210.991658400,1,0
210.991718800,1,1
210.991736200,1,0
210.991753600,1,1
210.991762200,1,0
210.991814200,1,1
210.991831600,1,0
210.991857400,1,1
210.991874800,1,0
210.991909400,1,1
210.991926800,1,0
210.991935400,1,1
210.991944200,1,0
210.992004800,1,1
210.992022200,1,0
210.992100000,1,1
210.992117400,1,0
210.992126000,1,1
210.992134800,1,0
210.992143400,1,1
210.992160800,1,0
210.992195400,1,1
210.992212800,1,0
210.992221400,1,1
210.992230000,1,0
210.992290600,1,1
210.992325400,1,0
210.992351200,1,1
210.992360000,1,0
210.992403200,1,1
210.992420600,1,0
210.992463800,1,1
210.992472600,1,0
210.992498600,1,1
210.992516000,1,0
210.992524600,1,1
210.992533200,1,0
210.992593800,1,1
210.992611200,1,0
210.992689200,1,1
210.992706600,1,0
210.992715200,1,1
210.992723800,1,0
210.992749800,1,1
210.992758600,1,0
210.992784400,1,1
210.992801800,1,0
210.992819000,1,1
210.992827800,1,0
210.992879600,1,1
210.992897200,1,0
210.992975000,1,1
210.992992400,1,0
210.993070200,1,1
210.993087600,1,0
210.993139600,1,1
210.993148400,1,0
210.993165600,1,1
210.993200400,1,0
210.993208800,1,1
210.993217600,1,0
210.993278200,1,1
210.993295600,1,0
210.993321600,1,1
210.993339000,1,0
210.993373400,1,1
210.993391000,1,0
210.993399400,1,1
210.993408200,1,0
210.993442800,1,1
210.993451600,1,0
210.993468800,1,1
210.993486200,1,0
210.993503400,1,1
210.993512200,1,0
210.993564000,1,1
210.993581400,1,0
210.993659400,1,1
210.993676800,1,0
210.993685200,1,1
210.993694000,1,0
210.993728600,1,1
210.993746000,1,0
210.993754600,1,1
210.993772000,1,0
210.993789200,1,1
210.993798000,1,0
210.993806600,1,1
210.993815400,1,0
210.993823800,1,1
210.993832600,1,0
210.993849800,1,1
210.993867200,1,0
210.993875800,1,1
210.993884600,1,0
210.993945200,1,1
210.993962600,1,0
210.993971200,1,1
210.993979800,1,0
210.994040400,1,1
210.994057800,1,0
210.994066400,1,1
210.994083800,1,0
210.994092400,1,1
210.994101200,1,0
210.994109800,1,1
210.994118400,1,0
210.994135800,1,1
210.994153200,1,0
210.994161600,1,1
210.994170400,1,0
210.994231000,1,1
210.994248400,1,0
210.994257000,1,1
210.994265800,1,0
210.994326200,1,1
210.994343800,1,0
210.994369600,1,1
210.994387000,1,0
210.994395600,1,1
210.994404400,1,0
210.994421600,1,1
210.994456400,1,0
210.994464800,1,1
210.994473600,1,0
210.994534200,1,1
210.994551600,1,0
210.994577400,1,1
210.994586200,1,0
210.994629400,1,1
210.994707600,1,0
210.994750800,1,1
210.994768200,1,0
210.994785400,1,1
210.994802800,1,0
210.994811400,1,1
210.994820200,1,0
210.994880800,1,1
210.994898200,1,0
210.994924000,1,1
210.994932800,1,0
210.994950000,1,1
210.994967400,1,0
210.994976000,1,1
210.994993400,1,0
210.995019400,1,1
210.995028000,1,0
210.995036600,1,1
210.995054000,1,0
210.995071400,1,1
210.995088800,1,0
210.995097400,1,1
210.995106000,1,0
210.995166600,1,1
210.995184000,1,0
210.995262000,1,1
210.995279400,1,0
210.995296600,1,1
210.995314000,1,0
210.995322600,1,1
210.995340000,1,0
210.995357200,1,1
210.995374600,1,0
210.995383200,1,1
210.995392000,1,0
210.995452400,1,1
210.995470000,1,0
210.995547800,1,1
210.995582600,1,0
210.995643000,1,1
210.995651800,1,0
210.995660400,1,1
210.995677800,1,0
210.995695000,1,1
210.995703800,1,0
210.995755600,1,1
210.995773000,1,0
210.995851000,1,1
210.995868400,1,0
210.995946200,1,1
210.995963600,1,0
210.996041400,1,1
210.996058800,1,0
210.996067400,1,1
210.996093600,1,0
210.996102200,1,1
210.996119600,1,0
210.996128200,1,1
210.996154200,1,0
210.996188800,1,1
210.996197600,1,0
210.996206000,1,1
210.996214800,1,0
210.996223400,1,1
211.013374400,0,1
211.013391600,1,1
211.013460800,0,1
211.013469600,1,1
211.013547400,0,1
211.013573400,1,1
211.013582000,0,1
211.013625400,1,1
211.013634000,0,1
211.013711800,1,1
211.013720600,0,1
211.013737800,1,1
211.013746400,0,1
211.013798400,1,1
211.013807000,0,1
211.013833000,1,1
211.013841600,0,1
211.013885000,1,1
211.013893600,0,1
211.013971400,1,1
211.013980200,0,1
211.013988800,1,1
211.013997400,0,1
211.014023400,1,1
211.014032000,0,1
211.014040600,1,1
211.014066600,0,1
211.014075400,1,1
211.014092600,0,1
211.014101200,1,1
211.014110000,0,1
211.014127200,1,1
211.038771800,1,0
211.038789000,1,1
211.038867200,1,0
211.038875600,1,1
211.038962400,1,0
211.038971000,1,1
211.038997000,1,0
211.039040200,1,1
211.039057600,1,0
211.039135400,1,1
211.039161600,1,0
211.039204800,1,1
211.039213600,1,0
211.039239400,1,1
211.039256800,1,0
211.039334800,1,1
211.039352200,1,0
211.039378000,1,1
211.039386800,1,0
211.039430000,1,1
211.039447400,1,0
211.039456000,1,1
211.039464800,1,0
211.039525200,1,1
211.039542800,1,0
211.039560000,1,1
211.039568800,1,0
211.039620600,1,1
211.039655400,1,0
211.039733200,1,1
211.039750600,1,0
211.039828400,1,1
211.039845800,1,0
211.039863200,1,1
211.039871800,1,0
211.039923800,1,1
211.039941200,1,0
211.039949800,1,1
211.039958400,1,0
211.040019000,1,1
211.040036400,1,0
211.040114400,1,1
211.040131800,1,0
211.040140200,1,1
211.040157800,1,0
211.040209600,1,1
211.040227000,1,0
211.040235600,1,1
211.040244400,1,0
211.040304800,1,1
211.040322200,1,0
211.040400200,1,1
211.040417600,1,0
211.040443400,1,1
211.040452200,1,0
211.040495400,1,1
211.040530200,1,0
211.040538800,1,1
211.040547400,1,0
211.040608000,1,1
211.040625400,1,0
211.040703200,1,1
211.040720800,1,0
211.040798600,1,1
211.040816000,1,0
211.040824600,1,1
211.040833400,1,0
211.040841800,1,1
211.040850600,1,0
211.040859200,1,1
211.040868000,1,0
211.040876600,1,1
211.040885200,1,0
211.040893800,1,1
211.040911200,1,0
211.040919800,1,1
211.040928600,1,0
211.040937200,1,1
211.040946000,1,0
211.040954600,1,1
211.040963200,1,0
211.040971800,1,1
211.040980600,1,0
211.040989200,1,1
211.939823400,0,1
211.939840600,1,1
211.939909800,0,1
211.939918600,1,1
211.939996400,0,1
211.940022400,1,1
211.940031000,0,1
211.940074400,1,1
211.940083000,0,1
211.940160800,1,1
211.940169600,0,1
211.940186800,1,1
211.940195400,0,1
211.940247400,1,1
211.940256000,0,1
211.940273400,1,1
211.940282000,0,1
211.940334000,1,1
211.940342600,0,1
211.940420400,1,1
211.940429200,0,1
211.940437800,1,1
211.940455000,0,1
211.940463800,1,1
211.940498400,0,1
211.940507000,1,1
211.940515600,0,1
211.940524400,1,1
211.940533000,0,1
211.940541600,1,1
211.940559000,0,1
211.940567600,1,1
211.940584800,0,1
211.940593600,1,1
211.961104200,1,0
211.961121400,1,1
211.961199400,1,0
211.961208000,1,1
211.961312000,1,0
211.961320600,1,1
211.961346800,1,0
211.961390000,1,1
211.961407400,1,0
211.961485200,1,1
211.961502600,1,0
211.961511200,1,1
211.961520000,1,0
211.961528600,1,1
211.961546000,1,0
211.961580600,1,1
211.961598000,1,0
211.961675800,1,1
211.961693200,1,0
211.961710400,1,1
211.961719200,1,0
211.961771200,1,1
211.961788600,1,0
211.961797000,1,1
211.961805800,1,0
211.961866400,1,1
211.961883800,1,0
211.961901000,1,1
211.961909800,1,0
211.961961600,1,1
211.961979000,1,0
211.962057000,1,1
211.962074400,1,0
211.962152200,1,1
211.962169600,1,0
211.962186800,1,1
211.962195600,1,0
211.962247600,1,1
211.962265000,1,0
211.962273400,1,1
211.962282200,1,0
211.962342800,1,1
211.962360200,1,0
211.962386000,1,1
211.962394800,1,0
211.962438000,1,1
211.962455400,1,0
211.962464000,1,1
211.962481400,1,0
211.962533400,1,1
211.962559400,1,0
211.962568000,1,1
211.962576800,1,0
211.962637200,1,1
211.962654600,1,0
211.962663200,1,1
211.962672000,1,0
211.962732600,1,1
211.962750000,1,0
211.962827800,1,1
211.962845200,1,0
211.962853800,1,1
211.962871200,1,0
211.962879800,1,1
211.962897200,1,0
211.962923000,1,1
211.962940600,1,0
211.962949000,1,1
211.962957800,1,0
211.962966400,1,1
211.963001200,1,0
211.963009800,1,1
211.963560800,0,1
211.963578000,1,1
211.963647200,0,1
211.963655800,1,1
211.963733800,0,1
211.963759800,1,1
211.963768400,0,1
211.963811600,1,1
211.963820400,0,1
211.963898200,1,1
211.963906800,0,1
211.963924200,1,1
211.963932800,0,1
211.963984800,1,1
211.963993400,0,1
211.964002000,1,1
211.964019400,0,1
211.964071200,1,1
211.964080000,0,1
211.964157800,1,1
211.964166400,0,1
211.964201000,1,1
211.964209800,0,1
211.964227000,1,1
211.964235600,0,1
211.964244400,1,1
211.964253000,0,1
211.964279000,1,1
211.964305000,0,1
211.964313600,1,1
211.964322200,0,1
211.964330800,1,1
211.986821200,1,0
211.986838400,1,1
211.986916400,1,0
211.986925000,1,1
211.987011600,1,0
211.987020200,1,1
211.987046400,1,0
211.987089600,1,1
211.987107000,1,0
211.987184800,1,1
211.987202200,1,0
211.987262800,1,1
211.987271600,1,0
211.987280000,1,1
211.987297600,1,0
211.987375400,1,1
211.987392800,1,0
211.987401400,1,1
211.987418800,1,0
211.987470600,1,1
211.987488000,1,0
211.987496600,1,1
211.987505400,1,0
211.987566000,1,1
211.987600600,1,0
211.987618000,1,1
211.987626600,1,0
211.987678600,1,1
211.987696000,1,0
211.987773800,1,1
211.987791200,1,0
211.987869200,1,1
211.987886600,1,0
211.987903800,1,1
211.987912600,1,0
211.987964400,1,1
211.987981800,1,0
211.987990400,1,1
211.987999200,1,0
211.988059600,1,1
211.988077200,1,0
211.988085600,1,1
211.988094400,1,0
211.988155000,1,1
211.988172400,1,0
211.988181000,1,1
211.988198400,1,0
211.988250200,1,1
211.988267600,1,0
211.988276200,1,1
211.988285000,1,0
211.988345600,1,1
211.988363000,1,0
211.988440800,1,1
211.988458200,1,0
211.988484200,1,1
211.988493000,1,0
211.988536200,1,1
211.988553600,1,0
211.988562200,1,1
211.988570800,1,0
211.988631400,1,1
211.988648800,1,0
211.988657400,1,1
211.988674800,1,0
211.988683400,1,1
211.988718200,1,0
211.988726600,1,1
211.988744000,1,0
211.988752600,1,1
211.988761400,1,0
211.988770000,1,1
211.988778800,1,0
211.988822000,1,1
211.988856600,1,0
211.988865200,1,1
211.988874000,1,0
211.988934600,1,1
211.988952000,1,0
211.988960600,1,1
211.988978000,1,0
211.988986600,1,1
211.989021200,1,0
211.989029800,1,1
211.989047200,1,0
211.989064400,1,1
211.989073200,1,0
211.989081800,1,1
211.989090600,1,0
211.989125200,1,1
211.989142600,1,0
211.989151000,1,1
211.989159800,1,0
211.989220400,1,1
211.989237800,1,0
211.989255000,1,1
211.989263800,1,0
211.989315600,1,1
211.989333000,1,0
211.989359000,1,1
211.989376400,1,0
211.989411000,1,1
211.989428400,1,0
211.989437000,1,1
211.989445600,1,0
211.989506200,1,1
211.989523600,1,0
211.989601400,1,1
211.989619000,1,0
211.989627400,1,1
211.989636200,1,0
211.989644800,1,1
211.989662200,1,0
211.989696800,1,1
211.989731600,1,0
211.989740000,1,1
211.989748800,1,0
211.989809400,1,1
211.989826800,1,0
211.989852600,1,1
211.989861400,1,0
211.989904600,1,1
211.989922000,1,0
211.989965200,1,1
211.989974000,1,0
211.990000000,1,1
211.990017400,1,0
211.990026000,1,1
211.990034600,1,0
211.990095200,1,1
211.990112600,1,0
211.990190600,1,1
211.990208000,1,0
211.990216600,1,1
211.990225200,1,0
211.990251200,1,1
211.990260000,1,0
211.990285800,1,1
211.990303200,1,0
211.990320400,1,1
211.990329200,1,0
211.990381200,1,1
211.990398600,1,0
211.990476400,1,1
211.990493800,1,0
211.990571600,1,1
211.990606400,1,0
211.990658400,1,1
211.990667000,1,0
211.990684200,1,1
211.990701800,1,0
211.990710200,1,1
211.990719000,1,0
211.990779600,1,1
211.990797000,1,0
211.990822800,1,1
211.990840400,1,0
211.990874800,1,1
211.990892200,1,0
211.990900800,1,1
211.990909600,1,0
211.990944200,1,1
211.990953000,1,0
211.990970200,1,1
211.990987600,1,0
211.991004800,1,1
211.991013600,1,0
211.991065400,1,1
211.991082800,1,0
211.991160600,1,1
211.991178200,1,0
211.991195400,1,1
211.991204000,1,0
211.991230000,1,1
211.991247400,1,0
211.991256000,1,1
211.991273400,1,0
211.991290600,1,1
211.991299400,1,0
211.991308000,1,1
211.991316600,1,0
211.991325200,1,1
211.991334000,1,0
211.991351200,1,1
211.991368600,1,0
211.991377200,1,1
211.991386000,1,0
211.991446600,1,1
211.991481200,1,0
211.991489800,1,1
211.991498600,1,0
211.991559200,1,1
211.991576600,1,0
211.991585200,1,1
211.991602600,1,0
211.991611200,1,1
211.991619800,1,0
211.991628400,1,1
211.991637200,1,0
211.991654400,1,1
211.991671800,1,0
211.991680400,1,1
211.991689200,1,0
211.991749600,1,1
211.991767200,1,0
211.991775600,1,1
211.991784400,1,0
211.991845000,1,1
211.991862400,1,0
211.991888200,1,1
211.991905600,1,0
211.991914200,1,1
211.991923000,1,0
211.991940200,1,1
211.991957600,1,0
211.991966200,1,1
211.991975000,1,0
211.992035600,1,1
211.992053000,1,0
211.992078800,1,1
211.992087600,1,0
211.992130800,1,1
211.992148200,1,0
211.992191400,1,1
211.992208800,1,0
211.992226000,1,1
211.992243400,1,0
211.992252000,1,1
211.992260800,1,0
211.992321400,1,1
211.992338800,1,0
211.992364600,1,1
211.992373400,1,0
211.992390600,1,1
211.992408000,1,0
211.992416600,1,1
211.992434000,1,0
211.992460000,1,1
211.992468600,1,0
211.992477200,1,1
211.992494600,1,0
211.992512000,1,1
211.992529400,1,0
211.992537800,1,1
211.992546600,1,0
211.992607200,1,1
211.992624600,1,0
211.992702400,1,1
211.992737200,1,0
211.992754400,1,1
211.992771800,1,0
211.992780400,1,1
211.992797800,1,0
211.992815000,1,1
211.992832400,1,0
211.992841000,1,1
211.992849800,1,0
211.992910400,1,1
211.992927800,1,0
211.993005600,1,1
211.993023000,1,0
211.993083600,1,1
211.993092400,1,0
211.993101000,1,1
211.993118400,1,0
211.993135600,1,1
211.993144400,1,0
211.993196200,1,1
211.993213600,1,0
211.993291600,1,1
211.993309000,1,0
211.993386800,1,1
211.993404200,1,0
211.993482200,1,1
211.993499600,1,0
211.993516800,1,1
211.993542800,1,0
211.993551400,1,1
211.993612200,1,0
211.993620800,1,1
211.993629400,1,0
211.993638000,1,1
211.993655400,1,0
211.993664000,1,1
211.993672800,1,0
211.993681400,1,1
212.017222800,0,1
212.017240200,1,1
212.017309400,0,1
212.017318000,1,1
212.017396000,0,1
212.017421800,1,1
212.017430600,0,1
212.017473800,1,1
212.017482400,0,1
212.017560400,1,1
212.017569000,0,1
212.017586400,1,1
212.017595000,0,1
212.017646800,1,1
212.017655600,0,1
212.017681600,1,1
212.017690200,0,1
212.017733400,1,1
212.017742000,0,1
212.017820000,1,1
212.017828600,0,1
212.017837200,1,1
212.017846000,0,1
212.017871800,1,1
212.017880600,0,1
212.017889200,1,1
212.017915200,0,1
212.017923800,1,1
212.017941200,0,1
212.017949800,1,1
212.017958400,0,1
212.017975800,1,1
212.041376000,1,0
212.041393200,1,1
212.041471200,1,0
212.041479800,1,1
212.041566400,1,0
212.041575000,1,1
212.041601000,1,0
212.041644200,1,1
212.041661800,1,0
212.041739600,1,1
212.041757000,1,0
212.041800200,1,1
212.041809000,1,0
212.041834800,1,1
212.041852200,1,0
212.041930000,1,1
212.041947600,1,0
212.041973400,1,1
212.041982200,1,0
212.042025400,1,1
212.042042800,1,0
212.042051400,1,1
212.042060200,1,0
212.042120600,1,1
212.042138000,1,0
212.042155200,1,1
212.042164000,1,0
212.042216000,1,1
212.042233400,1,0
212.042311200,1,1
212.042328600,1,0
212.042406400,1,1
212.042449800,1,0
212.042467000,1,1
212.042475800,1,0
212.042527800,1,1
212.042545200,1,0
212.042553800,1,1
212.042562400,1,0
212.042623000,1,1
212.042640400,1,0
212.042718400,1,1
212.042735800,1,0
212.042744200,1,1
212.042761800,1,0
212.042813600,1,1
212.042831000,1,0
212.042839600,1,1
212.042848400,1,0
212.042908800,1,1
212.042943600,1,0
212.043021400,1,1
212.043038800,1,0
212.043064800,1,1
212.043073600,1,0
212.043116800,1,1
212.043134200,1,0
212.043142800,1,1
212.043151400,1,0
212.043212000,1,1
212.043229400,1,0
212.043307200,1,1
212.043324800,1,0
212.043402600,1,1
212.043420000,1,0
212.043428600,1,1
212.043437400,1,0
212.043445800,1,1
212.043454600,1,0
212.043463200,1,1
212.043472000,1,0
212.043480600,1,1
212.043489200,1,0
212.043497800,1,1
212.043515200,1,0
212.043523800,1,1
212.043532600,1,0
212.043541200,1,1
212.043549800,1,0
212.043558400,1,1
212.043567200,1,0
212.043575800,1,1
212.043584600,1,0
212.043593200,1,1
212.943810400,0,1
212.943827600,1,1
212.943896800,0,1
212.943905600,1,1
212.943983400,0,1
212.944009400,1,1
212.944018000,0,1
212.944061200,1,1
212.944070000,0,1
212.944147800,1,1
212.944156400,0,1
212.944173800,1,1
212.944182400,0,1
212.944234400,1,1
212.944243000,0,1
212.944260400,1,1
212.944269000,0,1
212.944320800,1,1
212.944329600,0,1
212.944407400,1,1
212.944416000,0,1
212.944424800,1,1
212.944442000,0,1
212.944450600,1,1
212.944485400,0,1
212.944494000,1,1
212.944502600,0,1
212.944511200,1,1
212.944520000,0,1
212.944528600,1,1
212.944545800,0,1
212.944554600,1,1
212.944571800,0,1
212.944580600,1,1
212.968606800,1,0
212.968624200,1,1
212.968702200,1,0
212.968710800,1,1
212.968814800,1,0
212.968823400,1,1
212.968849400,1,0
212.968892600,1,1
212.968910000,1,0
212.968988000,1,1
212.969005400,1,0
212.969014000,1,1
212.969022600,1,0
212.969031200,1,1
212.969048600,1,0
212.969083200,1,1
212.969100600,1,0
212.969178600,1,1
212.969196000,1,0
212.969213200,1,1
212.969222000,1,0
212.969273800,1,1
212.969291200,1,0
212.969299800,1,1
212.969308600,1,0
212.969369000,1,1
212.969386600,1,0
212.969403800,1,1
212.969412600,1,0
212.969464400,1,1
212.969481800,1,0
212.969559600,1,1
212.969577200,1,0
212.969655000,1,1
212.969689800,1,0
212.969707000,1,1
212.969715800,1,0
212.969767600,1,1
212.969785000,1,0
212.969793600,1,1
212.969802400,1,0
212.969862800,1,1
212.969880400,1,0
212.969906200,1,1
212.969915000,1,0
212.969958200,1,1
212.969975600,1,0
212.969984200,1,1
212.970001600,1,0
212.970053400,1,1
212.970070800,1,0
212.970079400,1,1
212.970088200,1,0
212.970148800,1,1
212.970166200,1,0
212.970174800,1,1
212.970183600,1,0
212.970244000,1,1
212.970261400,1,0
212.970339400,1,1
212.970356800,1,0
212.970365400,1,1
212.970382800,1,0
212.970391400,1,1
212.970408800,1,0
212.970434600,1,1
212.970452000,1,0
212.970460600,1,1
212.970469400,1,0
212.970478000,1,1
212.970512600,1,0
212.970521200,1,1
213.024768000,1,1
